date,security_id,symbol,name,sector,asset_type,open,high,low,close,volume,source,status
2025-12-29,s1,RELIANCE,Reliance Industries Ltd,Energy,EQUITY,1494.699429,1497.996778,1490.962681,1495.006765,450000,FINTRACE_SYNTHETIC,DEMO
2025-12-30,s1,RELIANCE,Reliance Industries Ltd,Energy,EQUITY,1497.487882,1501.490088,1494.088358,1497.864155,473757,FINTRACE_SYNTHETIC,DEMO
2025-12-31,s1,RELIANCE,Reliance Industries Ltd,Energy,EQUITY,1499.068943,1503.170234,1495.758889,1499.489514,497514,FINTRACE_SYNTHETIC,DEMO
2026-01-01,s1,RELIANCE,Reliance Industries Ltd,Energy,EQUITY,1499.368044,1502.912188,1495.627126,1499.806748,521271,FINTRACE_SYNTHETIC,DEMO
2026-01-02,s1,RELIANCE,Reliance Industries Ltd,Energy,EQUITY,1498.429387,1502.425859,1494.942809,1498.860966,545028,FINTRACE_SYNTHETIC,DEMO
2026-01-03,s1,RELIANCE,Reliance Industries Ltd,Energy,EQUITY,1496.411087,1500.524799,1493.206027,1496.813507,568785,FINTRACE_SYNTHETIC,DEMO
2026-01-04,s1,RELIANCE,Reliance Industries Ltd,Energy,EQUITY,1493.569464,1497.122487,1489.865285,1493.925922,592542,FINTRACE_SYNTHETIC,DEMO
2026-01-05,s1,RELIANCE,Reliance Industries Ltd,Energy,EQUITY,1490.234005,1494.005123,1486.691792,1490.534423,616299,FINTRACE_SYNTHETIC,DEMO
2026-01-06,s1,RELIANCE,Reliance Industries Ltd,Energy,EQUITY,1486.775374,1490.726869,1483.69366,1487.017239,640056,FINTRACE_SYNTHETIC,DEMO
2026-01-07,s1,RELIANCE,Reliance Industries Ltd,Energy,EQUITY,1483.569526,1487.031253,1479.926524,1483.757995,663813,FINTRACE_SYNTHETIC,DEMO
2026-01-08,s1,RELIANCE,Reliance Industries Ltd,Energy,EQUITY,1480.96135,1484.473717,1477.378111,1481.108622,687570,FINTRACE_SYNTHETIC,DEMO
2026-01-09,s1,RELIANCE,Reliance Industries Ltd,Energy,EQUITY,1479.231312,1483.053689,1476.269576,1479.355307,711327,FINTRACE_SYNTHETIC,DEMO
2026-01-10,s1,RELIANCE,Reliance Industries Ltd,Energy,EQUITY,1478.568268,1482.044857,1474.987284,1478.690763,735084,FINTRACE_SYNTHETIC,DEMO
2026-01-11,s1,RELIANCE,Reliance Industries Ltd,Energy,EQUITY,1479.051062,1482.464586,1475.42188,1479.19544,758841,FINTRACE_SYNTHETIC,DEMO
2026-01-12,s1,RELIANCE,Reliance Industries Ltd,Energy,EQUITY,1480.640643,1484.524612,1477.578132,1480.829492,782598,FINTRACE_SYNTHETIC,DEMO
2026-01-13,s1,RELIANCE,Reliance Industries Ltd,Energy,EQUITY,1483.183473,1486.88545,1479.653728,1483.436247,806355,FINTRACE_SYNTHETIC,DEMO
2026-01-14,s1,RELIANCE,Reliance Industries Ltd,Energy,EQUITY,1486.425888,1489.9444,1482.741292,1486.756865,830112,FINTRACE_SYNTHETIC,DEMO
2026-01-15,s1,RELIANCE,Reliance Industries Ltd,Energy,EQUITY,1490.038058,1494.152152,1486.85298,1490.454783,853869,FINTRACE_SYNTHETIC,DEMO
2026-01-16,s1,RELIANCE,Reliance Industries Ltd,Energy,EQUITY,1493.645246,1497.696956,1490.164816,1494.147617,877626,FINTRACE_SYNTHETIC,DEMO
2026-01-17,s1,RELIANCE,Reliance Industries Ltd,Energy,EQUITY,1496.863409,1500.550591,1493.129704,1497.443488,901383,FINTRACE_SYNTHETIC,DEMO
2026-01-18,s1,RELIANCE,Reliance Industries Ltd,Energy,EQUITY,1499.335725,1503.662946,1496.031127,1499.97829,925140,FINTRACE_SYNTHETIC,DEMO
2026-01-19,s1,RELIANCE,Reliance Industries Ltd,Energy,EQUITY,1500.76658,1505.081376,1497.35404,1501.450377,948897,FINTRACE_SYNTHETIC,DEMO
2026-01-20,s1,RELIANCE,Reliance Industries Ltd,Energy,EQUITY,1500.949769,1504.659279,1497.197424,1501.649335,972654,FINTRACE_SYNTHETIC,DEMO
2026-01-21,s1,RELIANCE,Reliance Industries Ltd,Energy,EQUITY,1499.788222,1504.111932,1496.389077,1500.476113,996411,FINTRACE_SYNTHETIC,DEMO
2026-01-22,s1,RELIANCE,Reliance Industries Ltd,Energy,EQUITY,1497.303374,1501.626747,1493.991205,1497.952585,1020168,FINTRACE_SYNTHETIC,DEMO
2026-01-23,s1,RELIANCE,Reliance Industries Ltd,Energy,EQUITY,1493.633294,1497.306956,1489.90578,1494.219635,1043925,FINTRACE_SYNTHETIC,DEMO
2026-01-24,s1,RELIANCE,Reliance Industries Ltd,Energy,EQUITY,1489.01973,1493.07092,1485.560053,1489.523948,1067682,FINTRACE_SYNTHETIC,DEMO
2026-01-25,s1,RELIANCE,Reliance Industries Ltd,Energy,EQUITY,1483.78533,1487.872868,1480.601024,1484.194754,1091439,FINTRACE_SYNTHETIC,DEMO
2026-01-26,s1,RELIANCE,Reliance Industries Ltd,Energy,EQUITY,1478.303187,1481.770269,1474.635069,1478.612761,1115196,FINTRACE_SYNTHETIC,DEMO
2026-01-27,s1,RELIANCE,Reliance Industries Ltd,Energy,EQUITY,1472.961624,1476.60939,1469.464771,1473.174217,1138953,FINTRACE_SYNTHETIC,DEMO
2026-01-28,s1,RELIANCE,Reliance Industries Ltd,Energy,EQUITY,1468.127566,1471.915383,1465.078081,1468.253536,1162710,FINTRACE_SYNTHETIC,DEMO
2026-01-29,s1,RELIANCE,Reliance Industries Ltd,Energy,EQUITY,1464.111996,1467.392171,1460.514129,1464.168045,1186467,FINTRACE_SYNTHETIC,DEMO
2026-01-30,s1,RELIANCE,Reliance Industries Ltd,Energy,EQUITY,1461.140777,1464.473374,1457.609036,1461.14822,1210224,FINTRACE_SYNTHETIC,DEMO
2026-01-31,s1,RELIANCE,Reliance Industries Ltd,Energy,EQUITY,1459.333631,1462.981901,1456.387904,1459.316224,1233981,FINTRACE_SYNTHETIC,DEMO
2026-02-01,s1,RELIANCE,Reliance Industries Ltd,Energy,EQUITY,1458.693264,1461.996535,1455.138576,1458.674819,1257738,FINTRACE_SYNTHETIC,DEMO
2026-02-02,s1,RELIANCE,Reliance Industries Ltd,Energy,EQUITY,1459.105681,1462.338281,1455.528179,1459.107683,1281495,FINTRACE_SYNTHETIC,DEMO
2026-02-03,s1,RELIANCE,Reliance Industries Ltd,Energy,EQUITY,1460.35165,1464.036086,1457.337511,1460.391111,1305252,FINTRACE_SYNTHETIC,DEMO
2026-02-04,s1,RELIANCE,Reliance Industries Ltd,Energy,EQUITY,1462.128229,1465.610904,1458.644405,1462.215977,1329009,FINTRACE_SYNTHETIC,DEMO
2026-02-05,s1,RELIANCE,Reliance Industries Ltd,Energy,EQUITY,1464.078285,1467.36327,1460.450977,1464.217861,1352766,FINTRACE_SYNTHETIC,DEMO
2026-02-06,s1,RELIANCE,Reliance Industries Ltd,Energy,EQUITY,1465.825211,1469.650962,1462.698135,1466.012469,1376523,FINTRACE_SYNTHETIC,DEMO
2026-02-07,s1,RELIANCE,Reliance Industries Ltd,Energy,EQUITY,1467.009503,1470.714054,1463.586282,1467.232961,450280,FINTRACE_SYNTHETIC,DEMO
2026-02-08,s1,RELIANCE,Reliance Industries Ltd,Energy,EQUITY,1467.323719,1470.617146,1463.664699,1467.56562,474037,FINTRACE_SYNTHETIC,DEMO
2026-02-09,s1,RELIANCE,Reliance Industries Ltd,Energy,EQUITY,1466.542492,1470.386209,1463.316109,1466.78048,497794,FINTRACE_SYNTHETIC,DEMO
2026-02-10,s1,RELIANCE,Reliance Industries Ltd,Energy,EQUITY,1464.544709,1468.292637,1461.209125,1464.753956,521551,FINTRACE_SYNTHETIC,DEMO
2026-02-11,s1,RELIANCE,Reliance Industries Ltd,Energy,EQUITY,1461.325765,1464.417249,1457.672565,1461.481351,545308,FINTRACE_SYNTHETIC,DEMO
2026-02-12,s1,RELIANCE,Reliance Industries Ltd,Energy,EQUITY,1456.998701,1460.612081,1453.702006,1457.078009,569065,FINTRACE_SYNTHETIC,DEMO
2026-02-13,s1,RELIANCE,Reliance Industries Ltd,Energy,EQUITY,1451.784116,1455.342285,1448.551786,1451.769035,592822,FINTRACE_SYNTHETIC,DEMO
2026-02-14,s1,RELIANCE,Reliance Industries Ltd,Energy,EQUITY,1445.989828,1448.971151,1442.259396,1445.868527,616579,FINTRACE_SYNTHETIC,DEMO
2026-02-15,s1,RELIANCE,Reliance Industries Ltd,Energy,EQUITY,1439.982194,1443.415295,1436.409994,1439.750319,640336,FINTRACE_SYNTHETIC,DEMO
2026-02-16,s1,RELIANCE,Reliance Industries Ltd,Energy,EQUITY,1434.15184,1437.704057,1430.729886,1433.813009,664093,FINTRACE_SYNTHETIC,DEMO
2026-02-17,s1,RELIANCE,Reliance Industries Ltd,Energy,EQUITY,1428.877057,1431.922262,1424.896523,1428.442607,687850,FINTRACE_SYNTHETIC,DEMO
2026-02-18,s1,RELIANCE,Reliance Industries Ltd,Energy,EQUITY,1424.488347,1427.814691,1420.600004,1423.976362,711607,FINTRACE_SYNTHETIC,DEMO
2026-02-19,s1,RELIANCE,Reliance Industries Ltd,Energy,EQUITY,1421.237502,1424.781093,1417.714083,1420.671204,735364,FINTRACE_SYNTHETIC,DEMO
2026-02-20,s1,RELIANCE,Reliance Industries Ltd,Energy,EQUITY,1419.274154,1422.393666,1415.191084,1418.679819,759121,FINTRACE_SYNTHETIC,DEMO
2026-02-21,s1,RELIANCE,Reliance Industries Ltd,Energy,EQUITY,1418.63204,1421.865662,1414.612561,1418.03663,782878,FINTRACE_SYNTHETIC,DEMO
2026-02-22,s1,RELIANCE,Reliance Industries Ltd,Energy,EQUITY,1419.226268,1422.77416,1415.802011,1418.655016,806635,FINTRACE_SYNTHETIC,DEMO
2026-02-23,s1,RELIANCE,Reliance Industries Ltd,Energy,EQUITY,1420.86187,1424.07412,1416.889427,1420.336028,830392,FINTRACE_SYNTHETIC,DEMO
2026-02-24,s1,RELIANCE,Reliance Industries Ltd,Energy,EQUITY,1423.252798,1426.40969,1419.302046,1422.787781,854149,FINTRACE_SYNTHETIC,DEMO
2026-02-25,s1,RELIANCE,Reliance Industries Ltd,Energy,EQUITY,1426.049568,1429.60961,1422.717397,1425.653659,877906,FINTRACE_SYNTHETIC,DEMO
2026-02-26,s1,RELIANCE,Reliance Industries Ltd,Energy,EQUITY,1428.872908,1432.185563,1425.138794,1428.546649,901663,FINTRACE_SYNTHETIC,DEMO
2026-02-27,s1,RELIANCE,Reliance Industries Ltd,Energy,EQUITY,1431.350197,1434.431043,1427.54286,1431.086525,925420,FINTRACE_SYNTHETIC,DEMO
2026-02-28,s1,RELIANCE,Reliance Industries Ltd,Energy,EQUITY,1433.151228,1436.709826,1429.885548,1432.936342,949177,FINTRACE_SYNTHETIC,DEMO
2026-03-01,s1,RELIANCE,Reliance Industries Ltd,Energy,EQUITY,1434.019875,1437.417915,1430.484229,1433.834748,972934,FINTRACE_SYNTHETIC,DEMO
2026-03-02,s1,RELIANCE,Reliance Industries Ltd,Energy,EQUITY,1433.798659,1436.786234,1430.047105,1433.621048,996691,FINTRACE_SYNTHETIC,DEMO
2026-03-03,s1,RELIANCE,Reliance Industries Ltd,Energy,EQUITY,1432.443848,1435.967678,1429.105498,1432.250618,1020448,FINTRACE_SYNTHETIC,DEMO
2026-03-04,s1,RELIANCE,Reliance Industries Ltd,Energy,EQUITY,1430.029671,1433.480925,1426.537506,1429.799202,1044205,FINTRACE_SYNTHETIC,DEMO
2026-03-05,s1,RELIANCE,Reliance Industries Ltd,Energy,EQUITY,1426.741236,1429.613659,1422.889799,1426.455687,1067962,FINTRACE_SYNTHETIC,DEMO
2026-03-06,s1,RELIANCE,Reliance Industries Ltd,Energy,EQUITY,1422.856828,1426.311183,1419.290763,1422.504036,1091719,FINTRACE_SYNTHETIC,DEMO
2026-03-07,s1,RELIANCE,Reliance Industries Ltd,Energy,EQUITY,1418.72127,1422.195667,1415.147391,1418.29611,1115476,FINTRACE_SYNTHETIC,DEMO
2026-03-08,s1,RELIANCE,Reliance Industries Ltd,Energy,EQUITY,1414.7129,1417.623519,1410.687095,1414.217966,1139233,FINTRACE_SYNTHETIC,DEMO
2026-03-09,s1,RELIANCE,Reliance Industries Ltd,Energy,EQUITY,1411.207294,1414.575769,1407.384846,1410.652849,1162990,FINTRACE_SYNTHETIC,DEMO
2026-03-10,s1,RELIANCE,Reliance Industries Ltd,Energy,EQUITY,1408.541219,1412.028101,1404.910961,1407.944394,1186747,FINTRACE_SYNTHETIC,DEMO
2026-03-11,s1,RELIANCE,Reliance Industries Ltd,Energy,EQUITY,1406.980222,1409.972745,1402.870691,1406.363571,1210504,FINTRACE_SYNTHETIC,DEMO
2026-03-12,s1,RELIANCE,Reliance Industries Ltd,Energy,EQUITY,1406.692985,1409.982376,1402.752763,1406.082502,1234261,FINTRACE_SYNTHETIC,DEMO
2026-03-13,s1,RELIANCE,Reliance Industries Ltd,Energy,EQUITY,1407.734852,1411.243734,1404.22253,1407.157662,1258018,FINTRACE_SYNTHETIC,DEMO
2026-03-14,s1,RELIANCE,Reliance Industries Ltd,Energy,EQUITY,1410.042133,1413.135611,1406.055398,1409.524061,1281775,FINTRACE_SYNTHETIC,DEMO
2026-03-15,s1,RELIANCE,Reliance Industries Ltd,Energy,EQUITY,1413.437712,1416.664666,1409.592576,1413.000968,1305532,FINTRACE_SYNTHETIC,DEMO
2026-03-16,s1,RELIANCE,Reliance Industries Ltd,Energy,EQUITY,1417.647434,1421.191212,1414.452065,1417.308633,1329289,FINTRACE_SYNTHETIC,DEMO
2026-03-17,s1,RELIANCE,Reliance Industries Ltd,Energy,EQUITY,1422.325706,1425.535879,1418.640283,1422.094411,1353046,FINTRACE_SYNTHETIC,DEMO
2026-03-18,s1,RELIANCE,Reliance Industries Ltd,Energy,EQUITY,1427.087881,1430.25895,1423.472612,1426.965804,1376803,FINTRACE_SYNTHETIC,DEMO
2026-03-19,s1,RELIANCE,Reliance Industries Ltd,Energy,EQUITY,1431.546335,1435.120827,1428.585212,1431.527278,450560,FINTRACE_SYNTHETIC,DEMO
2026-03-20,s1,RELIANCE,Reliance Industries Ltd,Energy,EQUITY,1435.346803,1438.740247,1431.918703,1435.417337,474317,FINTRACE_SYNTHETIC,DEMO
2026-03-21,s1,RELIANCE,Reliance Industries Ltd,Energy,EQUITY,1438.201511,1441.444284,1434.642194,1438.342334,498074,FINTRACE_SYNTHETIC,DEMO
2026-03-22,s1,RELIANCE,Reliance Industries Ltd,Energy,EQUITY,1439.915951,1443.681274,1436.856461,1440.103794,521831,FINTRACE_SYNTHETIC,DEMO
2026-03-23,s1,RELIANCE,Reliance Industries Ltd,Energy,EQUITY,1440.406754,1444.026,1437.036186,1440.616644,545588,FINTRACE_SYNTHETIC,DEMO
2026-03-24,s1,RELIANCE,Reliance Industries Ltd,Energy,EQUITY,1439.708947,1442.923226,1436.120921,1439.916626,569345,FINTRACE_SYNTHETIC,DEMO
2026-03-25,s1,RELIANCE,Reliance Industries Ltd,Energy,EQUITY,1437.971917,1441.696529,1434.8201,1438.156177,593102,FINTRACE_SYNTHETIC,DEMO
2026-03-26,s1,RELIANCE,Reliance Industries Ltd,Energy,EQUITY,1435.444475,1439.05026,1432.164664,1435.589185,616859,FINTRACE_SYNTHETIC,DEMO
2026-03-27,s1,RELIANCE,Reliance Industries Ltd,Energy,EQUITY,1432.450427,1435.436512,1428.86975,1432.546065,640616,FINTRACE_SYNTHETIC,DEMO
2026-03-28,s1,RELIANCE,Reliance Industries Ltd,Energy,EQUITY,1429.357009,1432.875042,1426.133683,1429.401546,664373,FINTRACE_SYNTHETIC,DEMO
2026-03-29,s1,RELIANCE,Reliance Industries Ltd,Energy,EQUITY,1426.539178,1430.029917,1423.365566,1426.538239,688130,FINTRACE_SYNTHETIC,DEMO
2026-03-30,s1,RELIANCE,Reliance Industries Ltd,Energy,EQUITY,1424.343182,1427.26735,1420.752695,1424.309458,711887,FINTRACE_SYNTHETIC,DEMO
2026-03-31,s1,RELIANCE,Reliance Industries Ltd,Energy,EQUITY,1423.052878,1426.453594,1419.713125,1423.004851,735644,FINTRACE_SYNTHETIC,DEMO
2026-04-01,s1,RELIANCE,Reliance Industries Ltd,Energy,EQUITY,1422.862008,1426.382369,1419.75065,1422.822117,759401,FINTRACE_SYNTHETIC,DEMO
2026-04-02,s1,RELIANCE,Reliance Industries Ltd,Energy,EQUITY,1423.855095,1426.877407,1420.309625,1423.847501,783158,FINTRACE_SYNTHETIC,DEMO
2026-04-03,s1,RELIANCE,Reliance Industries Ltd,Energy,EQUITY,1425.998764,1429.386225,1422.626153,1426.046949,806915,FINTRACE_SYNTHETIC,DEMO
2026-04-04,s1,RELIANCE,Reliance Industries Ltd,Energy,EQUITY,1429.144333,1432.830187,1426.157114,1429.268744,830672,FINTRACE_SYNTHETIC,DEMO
2026-04-05,s1,RELIANCE,Reliance Industries Ltd,Energy,EQUITY,1433.041423,1436.39595,1429.512453,1433.257397,854429,FINTRACE_SYNTHETIC,DEMO
2026-04-06,s1,RELIANCE,Reliance Industries Ltd,Energy,EQUITY,1437.361296,1440.964985,1433.897767,1437.677461,878186,FINTRACE_SYNTHETIC,DEMO
2026-04-07,s1,RELIANCE,Reliance Industries Ltd,Energy,EQUITY,1441.727693,1445.74979,1438.815533,1442.145,901943,FINTRACE_SYNTHETIC,DEMO
2026-04-08,s1,RELIANCE,Reliance Industries Ltd,Energy,EQUITY,1445.752247,1449.522414,1442.237393,1446.263717,925700,FINTRACE_SYNTHETIC,DEMO
2026-04-09,s1,RELIANCE,Reliance Industries Ltd,Energy,EQUITY,1449.071075,1452.889274,1445.526644,1449.662307,949457,FINTRACE_SYNTHETIC,DEMO
2026-04-10,s1,RELIANCE,Reliance Industries Ltd,Energy,EQUITY,1451.379094,1455.655777,1448.402616,1452.029459,973214,FINTRACE_SYNTHETIC,DEMO
2026-04-11,s1,RELIANCE,Reliance Industries Ltd,Energy,EQUITY,1452.458758,1456.50212,1448.985762,1453.143188,996971,FINTRACE_SYNTHETIC,DEMO
2026-04-12,s1,RELIANCE,Reliance Industries Ltd,Energy,EQUITY,1452.200508,1456.031122,1448.608586,1452.891698,1020728,FINTRACE_SYNTHETIC,DEMO
2026-04-13,s1,RELIANCE,Reliance Industries Ltd,Energy,EQUITY,1450.61296,1454.89061,1447.536965,1451.283781,1044485,FINTRACE_SYNTHETIC,DEMO
2026-04-14,s1,RELIANCE,Reliance Industries Ltd,Energy,EQUITY,1447.821887,1451.871288,1444.429288,1448.447778,1068242,FINTRACE_SYNTHETIC,DEMO
2026-04-15,s1,RELIANCE,Reliance Industries Ltd,Energy,EQUITY,1444.058071,1447.641888,1440.460359,1444.61918,1091999,FINTRACE_SYNTHETIC,DEMO
2026-04-16,s1,RELIANCE,Reliance Industries Ltd,Energy,EQUITY,1439.635198,1443.665675,1436.485629,1440.118075,1115756,FINTRACE_SYNTHETIC,DEMO
2026-04-17,s1,RELIANCE,Reliance Industries Ltd,Energy,EQUITY,1434.919897,1438.775354,1431.636081,1435.318574,1139513,FINTRACE_SYNTHETIC,DEMO
2026-04-18,s1,RELIANCE,Reliance Industries Ltd,Energy,EQUITY,1430.296782,1433.506014,1426.721741,1430.613141,1163270,FINTRACE_SYNTHETIC,DEMO
2026-04-19,s1,RELIANCE,Reliance Industries Ltd,Energy,EQUITY,1426.131832,1429.844559,1422.921221,1426.375222,1187027,FINTRACE_SYNTHETIC,DEMO
2026-04-20,s1,RELIANCE,Reliance Industries Ltd,Energy,EQUITY,1422.737589,1426.402785,1419.567752,1422.923739,1210784,FINTRACE_SYNTHETIC,DEMO
2026-04-21,s1,RELIANCE,Reliance Industries Ltd,Energy,EQUITY,1420.343513,1423.402844,1416.796015,1420.492835,1234541,FINTRACE_SYNTHETIC,DEMO
2026-04-22,s1,RELIANCE,Reliance Industries Ltd,Energy,EQUITY,1419.07429,1422.605186,1415.796569,1419.209741,1258298,FINTRACE_SYNTHETIC,DEMO
2026-04-23,s1,RELIANCE,Reliance Industries Ltd,Energy,EQUITY,1418.938191,1422.591886,1415.869163,1419.082895,1282055,FINTRACE_SYNTHETIC,DEMO
2026-04-24,s1,RELIANCE,Reliance Industries Ltd,Energy,EQUITY,1419.826564,1423.00946,1416.297164,1420.001428,1305812,FINTRACE_SYNTHETIC,DEMO
2026-04-25,s1,RELIANCE,Reliance Industries Ltd,Energy,EQUITY,1421.524521,1425.079847,1418.166811,1421.746068,1329569,FINTRACE_SYNTHETIC,DEMO
2026-04-26,s1,RELIANCE,Reliance Industries Ltd,Energy,EQUITY,1423.731801,1427.557601,1420.749703,1424.010425,1353326,FINTRACE_SYNTHETIC,DEMO
2026-04-27,s1,RELIANCE,Reliance Industries Ltd,Energy,EQUITY,1426.091807,1429.548377,1422.577581,1426.430625,1377083,FINTRACE_SYNTHETIC,DEMO
2026-04-28,s1,RELIANCE,Reliance Industries Ltd,Energy,EQUITY,1428.226052,1431.892433,1424.788182,1428.620456,450840,FINTRACE_SYNTHETIC,DEMO
2026-04-29,s1,RELIANCE,Reliance Industries Ltd,Energy,EQUITY,1429.770735,1433.783368,1426.876404,1430.208694,474597,FINTRACE_SYNTHETIC,DEMO
2026-04-30,s1,RELIANCE,Reliance Industries Ltd,Energy,EQUITY,1430.411947,1434.093571,1426.931206,1430.875023,498354,FINTRACE_SYNTHETIC,DEMO
2026-05-01,s1,RELIANCE,Reliance Industries Ltd,Energy,EQUITY,1429.916154,1433.570823,1426.421461,1430.381142,522111,FINTRACE_SYNTHETIC,DEMO
2026-05-02,s1,RELIANCE,Reliance Industries Ltd,Energy,EQUITY,1428.153043,1432.162484,1425.230487,1428.594079,545868,FINTRACE_SYNTHETIC,DEMO
2026-05-03,s1,RELIANCE,Reliance Industries Ltd,Energy,EQUITY,1425.108561,1428.789577,1421.697054,1425.499496,569625,FINTRACE_SYNTHETIC,DEMO
2026-05-04,s1,RELIANCE,Reliance Industries Ltd,Energy,EQUITY,1420.886886,1424.280594,1417.374465,1421.203695,593382,FINTRACE_SYNTHETIC,DEMO
2026-05-05,s1,RELIANCE,Reliance Industries Ltd,Energy,EQUITY,1415.701151,1419.444593,1412.705274,1415.92416,617139,FINTRACE_SYNTHETIC,DEMO
2026-05-06,s1,RELIANCE,Reliance Industries Ltd,Energy,EQUITY,1409.853799,1413.297763,1406.54565,1409.969503,640896,FINTRACE_SYNTHETIC,DEMO
2026-05-07,s1,RELIANCE,Reliance Industries Ltd,Energy,EQUITY,1403.708426,1406.653958,1400.212416,1403.710746,664653,FINTRACE_SYNTHETIC,DEMO
2026-05-08,s1,RELIANCE,Reliance Industries Ltd,Energy,EQUITY,1397.655823,1401.101119,1394.494904,1397.546651,688410,FINTRACE_SYNTHETIC,DEMO
2026-05-09,s1,RELIANCE,Reliance Industries Ltd,Energy,EQUITY,1392.077412,1395.426474,1388.676122,1391.866425,712167,FINTRACE_SYNTHETIC,DEMO
2026-05-10,s1,RELIANCE,Reliance Industries Ltd,Energy,EQUITY,1387.309589,1390.12103,1383.546775,1387.01333,735924,FINTRACE_SYNTHETIC,DEMO
2026-05-11,s1,RELIANCE,Reliance Industries Ltd,Energy,EQUITY,1383.612357,1386.980738,1380.143903,1383.252675,759681,FINTRACE_SYNTHETIC,DEMO
2026-05-12,s1,RELIANCE,Reliance Industries Ltd,Energy,EQUITY,1381.145236,1384.519322,1377.665526,1380.747235,783438,FINTRACE_SYNTHETIC,DEMO
2026-05-13,s1,RELIANCE,Reliance Industries Ltd,Energy,EQUITY,1379.952742,1382.77362,1376.096278,1379.542436,807195,FINTRACE_SYNTHETIC,DEMO
2026-05-14,s1,RELIANCE,Reliance Industries Ltd,Energy,EQUITY,1379.960825,1383.26613,1376.381064,1379.562714,830952,FINTRACE_SYNTHETIC,DEMO
2026-05-15,s1,RELIANCE,Reliance Industries Ltd,Energy,EQUITY,1380.984586,1384.397354,1377.627482,1380.619398,854709,FINTRACE_SYNTHETIC,DEMO
2026-05-16,s1,RELIANCE,Reliance Industries Ltd,Energy,EQUITY,1382.746554,1385.669716,1378.991497,1382.429356,878466,FINTRACE_SYNTHETIC,DEMO
2026-05-17,s1,RELIANCE,Reliance Industries Ltd,Energy,EQUITY,1384.903758,1388.155567,1381.376267,1384.642614,902223,FINTRACE_SYNTHETIC,DEMO
2026-05-18,s1,RELIANCE,Reliance Industries Ltd,Energy,EQUITY,1387.081021,1390.535019,1383.965419,1386.876343,925980,FINTRACE_SYNTHETIC,DEMO
2026-05-19,s1,RELIANCE,Reliance Industries Ltd,Energy,EQUITY,1388.907303,1391.937323,1385.327457,1388.751926,949737,FINTRACE_SYNTHETIC,DEMO
2026-05-20,s1,RELIANCE,Reliance Industries Ltd,Energy,EQUITY,1390.051607,1393.240243,1386.589516,1389.931614,973494,FINTRACE_SYNTHETIC,DEMO
2026-05-21,s1,RELIANCE,Reliance Industries Ltd,Energy,EQUITY,1390.255046,1393.729534,1387.330964,1390.151235,997251,FINTRACE_SYNTHETIC,DEMO
2026-05-22,s1,RELIANCE,Reliance Industries Ltd,Energy,EQUITY,1389.355995,1392.475808,1385.862255,1389.245866,1021008,FINTRACE_SYNTHETIC,DEMO
2026-05-23,s1,RELIANCE,Reliance Industries Ltd,Energy,EQUITY,1387.305928,1390.404992,1383.778627,1387.165992,1044765,FINTRACE_SYNTHETIC,DEMO
2026-05-24,s1,RELIANCE,Reliance Industries Ltd,Energy,EQUITY,1384.174443,1387.632436,1381.156566,1383.98263,1068522,FINTRACE_SYNTHETIC,DEMO
2026-05-25,s1,RELIANCE,Reliance Industries Ltd,Energy,EQUITY,1380.142977,1383.323547,1376.573941,1379.880919,1092279,FINTRACE_SYNTHETIC,DEMO
2026-05-26,s1,RELIANCE,Reliance Industries Ltd,Energy,EQUITY,1375.487811,1378.471474,1371.745473,1375.142781,1116036,FINTRACE_SYNTHETIC,DEMO
2026-05-27,s1,RELIANCE,Reliance Industries Ltd,Energy,EQUITY,1370.554,1373.963012,1367.226793,1370.12031,1139793,FINTRACE_SYNTHETIC,DEMO
2026-05-28,s1,RELIANCE,Reliance Industries Ltd,Energy,EQUITY,1365.722685,1368.942292,1361.994713,1365.202427,1163550,FINTRACE_SYNTHETIC,DEMO
2026-05-29,s1,RELIANCE,Reliance Industries Ltd,Energy,EQUITY,1361.374929,1364.23528,1357.390075,1360.777973,1187307,FINTRACE_SYNTHETIC,DEMO
2026-05-30,s1,RELIANCE,Reliance Industries Ltd,Energy,EQUITY,1357.855508,1361.204876,1354.240712,1357.198757,1211064,FINTRACE_SYNTHETIC,DEMO
2026-05-31,s1,RELIANCE,Reliance Industries Ltd,Energy,EQUITY,1355.440102,1358.697496,1351.636018,1354.746088,1234821,FINTRACE_SYNTHETIC,DEMO
2026-06-01,s1,RELIANCE,Reliance Industries Ltd,Energy,EQUITY,1354.309043,1357.059591,1350.221265,1353.603977,1258578,FINTRACE_SYNTHETIC,DEMO
2026-06-02,s1,RELIANCE,Reliance Industries Ltd,Energy,EQUITY,1354.530085,1357.830609,1350.804107,1353.84156,1282335,FINTRACE_SYNTHETIC,DEMO
2026-06-03,s1,RELIANCE,Reliance Industries Ltd,Energy,EQUITY,1356.051864,1359.36184,1352.375973,1355.406426,1306092,FINTRACE_SYNTHETIC,DEMO
2026-06-04,s1,RELIANCE,Reliance Industries Ltd,Energy,EQUITY,1358.708667,1361.480126,1354.736308,1358.12948,1329849,FINTRACE_SYNTHETIC,DEMO
2026-06-05,s1,RELIANCE,Reliance Industries Ltd,Energy,EQUITY,1362.236048,1365.50257,1358.605112,1361.740879,1353606,FINTRACE_SYNTHETIC,DEMO
2026-06-06,s1,RELIANCE,Reliance Industries Ltd,Energy,EQUITY,1366.295814,1369.670236,1362.929831,1365.895528,1377363,FINTRACE_SYNTHETIC,DEMO
2026-06-07,s1,RELIANCE,Reliance Industries Ltd,Energy,EQUITY,1370.507989,1373.399367,1366.796879,1370.205697,451120,FINTRACE_SYNTHETIC,DEMO
2026-06-08,s1,RELIANCE,Reliance Industries Ltd,Energy,EQUITY,1374.486724,1377.718422,1371.040017,1374.27766,474877,FINTRACE_SYNTHETIC,DEMO
2026-06-09,s1,RELIANCE,Reliance Industries Ltd,Energy,EQUITY,1377.876713,1381.306558,1374.851126,1377.748864,498634,FINTRACE_SYNTHETIC,DEMO
2026-06-10,s1,RELIANCE,Reliance Industries Ltd,Energy,EQUITY,1380.386667,1383.392397,1376.916196,1380.322072,522391,FINTRACE_SYNTHETIC,DEMO
2026-06-11,s1,RELIANCE,Reliance Industries Ltd,Energy,EQUITY,1381.816636,1384.991313,1378.474342,1381.793255,546148,FINTRACE_SYNTHETIC,DEMO
2026-06-12,s1,RELIANCE,Reliance Industries Ltd,Energy,EQUITY,1382.076591,1385.53026,1379.260563,1382.070545,569905,FINTRACE_SYNTHETIC,DEMO
2026-06-13,s1,RELIANCE,Reliance Industries Ltd,Energy,EQUITY,1381.194488,1384.290637,1377.815521,1381.182471,593662,FINTRACE_SYNTHETIC,DEMO
2026-06-14,s1,RELIANCE,Reliance Industries Ltd,Energy,EQUITY,1379.313058,1382.39965,1375.909459,1379.274675,617419,FINTRACE_SYNTHETIC,DEMO
2026-06-15,s1,RELIANCE,Reliance Industries Ltd,Energy,EQUITY,1376.675618,1380.115361,1373.790533,1376.59544,641176,FINTRACE_SYNTHETIC,DEMO
2026-06-16,s1,RELIANCE,Reliance Industries Ltd,Energy,EQUITY,1373.602269,1376.762928,1370.176102,1373.471401,664933,FINTRACE_SYNTHETIC,DEMO
2026-06-17,s1,RELIANCE,Reliance Industries Ltd,Energy,EQUITY,1370.458756,1373.437208,1366.892557,1370.275764,688690,FINTRACE_SYNTHETIC,DEMO
2026-06-18,s1,RELIANCE,Reliance Industries Ltd,Energy,EQUITY,1367.620942,1371.023987,1364.510216,1367.392067,712447,FINTRACE_SYNTHETIC,DEMO
2026-06-19,s1,RELIANCE,Reliance Industries Ltd,Energy,EQUITY,1365.438319,1368.65301,1361.964976,1365.17693,736204,FINTRACE_SYNTHETIC,DEMO
2026-06-20,s1,RELIANCE,Reliance Industries Ltd,Energy,EQUITY,1364.199998,1367.072192,1360.530881,1363.925369,759961,FINTRACE_SYNTHETIC,DEMO
2026-06-21,s1,RELIANCE,Reliance Industries Ltd,Energy,EQUITY,1364.106467,1367.473397,1360.875078,1363.841959,783718,FINTRACE_SYNTHETIC,DEMO
2026-06-22,s1,RELIANCE,Reliance Industries Ltd,Energy,EQUITY,1365.249769,1368.527143,1361.882112,1365.020625,807475,FINTRACE_SYNTHETIC,DEMO
2026-06-23,s1,RELIANCE,Reliance Industries Ltd,Energy,EQUITY,1367.604033,1370.387622,1364.018091,1367.434965,831232,FINTRACE_SYNTHETIC,DEMO
2026-06-24,s1,RELIANCE,Reliance Industries Ltd,Energy,EQUITY,1371.027234,1374.370888,1367.869555,1370.940058,854989,FINTRACE_SYNTHETIC,DEMO
2026-06-25,s1,RELIANCE,Reliance Industries Ltd,Energy,EQUITY,1375.274036,1378.63959,1372.193808,1375.28556,878746,FINTRACE_SYNTHETIC,DEMO
2026-06-26,s1,RELIANCE,Reliance Industries Ltd,Energy,EQUITY,1380.018488,1382.947949,1376.57017,1380.138868,902503,FINTRACE_SYNTHETIC,DEMO
2026-06-27,s1,RELIANCE,Reliance Industries Ltd,Energy,EQUITY,1384.884418,1388.441211,1381.70025,1385.116134,926260,FINTRACE_SYNTHETIC,DEMO
2026-06-28,s1,RELIANCE,Reliance Industries Ltd,Energy,EQUITY,1389.480629,1393.24856,1386.457954,1389.818175,950017,FINTRACE_SYNTHETIC,DEMO
2026-06-29,s1,RELIANCE,Reliance Industries Ltd,Energy,EQUITY,1393.437539,1396.802505,1389.969598,1393.867869,973774,FINTRACE_SYNTHETIC,DEMO
2026-06-30,s1,RELIANCE,Reliance Industries Ltd,Energy,EQUITY,1396.44179,1400.234347,1393.156291,1396.945462,997531,FINTRACE_SYNTHETIC,DEMO
2026-07-01,s1,RELIANCE,Reliance Industries Ltd,Energy,EQUITY,1398.265517,1402.299108,1395.318579,1398.818439,1021288,FINTRACE_SYNTHETIC,DEMO
2026-07-02,s1,RELIANCE,Reliance Industries Ltd,Energy,EQUITY,1398.787488,1402.404343,1395.333878,1399.363092,1045045,FINTRACE_SYNTHETIC,DEMO
2026-07-03,s1,RELIANCE,Reliance Industries Ltd,Energy,EQUITY,1398.004116,1401.793903,1394.64997,1398.575763,1068802,FINTRACE_SYNTHETIC,DEMO
2026-07-04,s1,RELIANCE,Reliance Industries Ltd,Energy,EQUITY,1396.029285,1400.062117,1393.18476,1396.572661,1092559,FINTRACE_SYNTHETIC,DEMO
2026-07-05,s1,RELIANCE,Reliance Industries Ltd,Energy,EQUITY,1393.083014,1396.696789,1389.684098,1393.578292,1116316,FINTRACE_SYNTHETIC,DEMO
2026-07-06,s1,RELIANCE,Reliance Industries Ltd,Energy,EQUITY,1389.470035,1393.0193,1386.082893,1389.90361,1140073,FINTRACE_SYNTHETIC,DEMO
2026-07-07,s1,RELIANCE,Reliance Industries Ltd,Energy,EQUITY,1385.550341,1389.379218,1382.733305,1385.915953,1163830,FINTRACE_SYNTHETIC,DEMO
2026-07-08,s1,RELIANCE,Reliance Industries Ltd,Energy,EQUITY,1381.704507,1385.178752,1378.385795,1382.003662,1187587,FINTRACE_SYNTHETIC,DEMO
2026-07-09,s1,RELIANCE,Reliance Industries Ltd,Energy,EQUITY,1378.297085,1381.540457,1374.896213,1378.538732,1211344,FINTRACE_SYNTHETIC,DEMO
2026-07-10,s1,RELIANCE,Reliance Industries Ltd,Energy,EQUITY,1375.641584,1379.26585,1372.748299,1375.841068,1235101,FINTRACE_SYNTHETIC,DEMO
2026-07-11,s1,RELIANCE,Reliance Industries Ltd,Energy,EQUITY,1373.970354,1377.378648,1370.73342,1374.147761,1258858,FINTRACE_SYNTHETIC,DEMO
2026-07-12,s1,RELIANCE,Reliance Industries Ltd,Energy,EQUITY,1373.412254,1376.488203,1369.995463,1373.590302,1282615,FINTRACE_SYNTHETIC,DEMO
2026-07-13,s1,RELIANCE,Reliance Industries Ltd,Energy,EQUITY,1373.980241,1377.575818,1370.99701,1374.181912,1306372,FINTRACE_SYNTHETIC,DEMO
2026-07-14,s1,RELIANCE,Reliance Industries Ltd,Energy,EQUITY,1375.570057,1379.115277,1372.402427,1375.816203,1330129,FINTRACE_SYNTHETIC,DEMO
2026-07-15,s1,RELIANCE,Reliance Industries Ltd,Energy,EQUITY,1377.970129,1381.088682,1374.527389,1378.277287,1353886,FINTRACE_SYNTHETIC,DEMO
2026-07-16,s1,RELIANCE,Reliance Industries Ltd,Energy,EQUITY,1380.881767,1384.631894,1377.794374,1381.260377,1377643,FINTRACE_SYNTHETIC,DEMO
2026-07-17,s1,RELIANCE,Reliance Industries Ltd,Energy,EQUITY,1383.947704,1387.774213,1380.842687,1384.400914,451400,FINTRACE_SYNTHETIC,DEMO
2026-07-18,s1,RELIANCE,Reliance Industries Ltd,Energy,EQUITY,1386.786272,1390.126993,1383.320636,1387.309443,475157,FINTRACE_SYNTHETIC,DEMO
2026-07-19,s1,RELIANCE,Reliance Industries Ltd,Energy,EQUITY,1389.02796,1392.948431,1385.839206,1389.60891,498914,FINTRACE_SYNTHETIC,DEMO
2026-07-20,s1,RELIANCE,Reliance Industries Ltd,Energy,EQUITY,1390.350848,1394.401871,1387.320528,1390.970826,522671,FINTRACE_SYNTHETIC,DEMO
2026-07-21,s1,RELIANCE,Reliance Industries Ltd,Energy,EQUITY,1390.511566,1394.069739,1387.049637,1391.146855,546428,FINTRACE_SYNTHETIC,DEMO
2026-07-22,s1,RELIANCE,Reliance Industries Ltd,Energy,EQUITY,1389.368801,1393.269635,1386.104319,1389.992799,570185,FINTRACE_SYNTHETIC,DEMO
2026-07-23,s1,RELIANCE,Reliance Industries Ltd,Energy,EQUITY,1386.897115,1390.933816,1383.968148,1387.482701,593942,FINTRACE_SYNTHETIC,DEMO
2026-07-24,s1,RELIANCE,Reliance Industries Ltd,Energy,EQUITY,1383.189773,1386.713211,1379.772578,1383.71173,617699,FINTRACE_SYNTHETIC,DEMO
2026-07-25,s1,RELIANCE,Reliance Industries Ltd,Energy,EQUITY,1378.450278,1382.065234,1375.146741,1378.887541,641456,FINTRACE_SYNTHETIC,DEMO
2026-07-26,s1,RELIANCE,Reliance Industries Ltd,Energy,EQUITY,1372.973449,1376.741821,1370.169844,1373.31097,665213,FINTRACE_SYNTHETIC,DEMO
2026-07-27,s1,RELIANCE,Reliance Industries Ltd,Energy,EQUITY,1367.117816,1370.402327,1363.779398,1367.347865,688970,FINTRACE_SYNTHETIC,DEMO
2026-07-28,s1,RELIANCE,Reliance Industries Ltd,Energy,EQUITY,1361.271989,1364.451811,1357.956521,1361.394766,712727,FINTRACE_SYNTHETIC,DEMO
2026-07-29,s1,RELIANCE,Reliance Industries Ltd,Energy,EQUITY,1355.818179,1359.230168,1353.067582,1355.841684,736484,FINTRACE_SYNTHETIC,DEMO
2026-07-30,s1,RELIANCE,Reliance Industries Ltd,Energy,EQUITY,1351.096358,1354.195618,1347.786946,1351.03553,760241,FINTRACE_SYNTHETIC,DEMO
2026-07-31,s1,RELIANCE,Reliance Industries Ltd,Energy,EQUITY,1347.372473,1350.3119,1343.92556,1347.247678,783998,FINTRACE_SYNTHETIC,DEMO
2026-08-01,s1,RELIANCE,Reliance Industries Ltd,Energy,EQUITY,1344.813741,1348.162492,1341.826485,1344.648757,807755,FINTRACE_SYNTHETIC,DEMO
2026-08-02,s1,RELIANCE,Reliance Industries Ltd,Energy,EQUITY,1343.473365,1346.62788,1340.124239,1343.293058,831512,FINTRACE_SYNTHETIC,DEMO
2026-08-03,s1,RELIANCE,Reliance Industries Ltd,Energy,EQUITY,1343.286145,1346.125907,1339.773963,1343.114048,855269,FINTRACE_SYNTHETIC,DEMO
2026-08-04,s1,RELIANCE,Reliance Industries Ltd,Energy,EQUITY,1344.075381,1347.396944,1341.019029,1343.931421,879026,FINTRACE_SYNTHETIC,DEMO
2026-08-05,s1,RELIANCE,Reliance Industries Ltd,Energy,EQUITY,1345.570413,1348.793333,1342.365958,1345.468994,902783,FINTRACE_SYNTHETIC,DEMO
2026-08-06,s1,RELIANCE,Reliance Industries Ltd,Energy,EQUITY,1347.43313,1350.187552,1344.015939,1347.381756,926540,FINTRACE_SYNTHETIC,DEMO
2026-08-07,s1,RELIANCE,Reliance Industries Ltd,Energy,EQUITY,1349.290902,1352.587178,1346.277992,1349.289472,950297,FINTRACE_SYNTHETIC,DEMO
2026-08-08,s1,RELIANCE,Reliance Industries Ltd,Energy,EQUITY,1350.772803,1354.10217,1347.73701,1350.813648,974054,FINTRACE_SYNTHETIC,DEMO
2026-08-09,s1,RELIANCE,Reliance Industries Ltd,Energy,EQUITY,1351.545672,1354.353402,1348.167759,1351.614319,997811,FINTRACE_SYNTHETIC,DEMO
2026-08-10,s1,RELIANCE,Reliance Industries Ltd,Energy,EQUITY,1351.346548,1354.67443,1348.249137,1351.423162,1021568,FINTRACE_SYNTHETIC,DEMO
2026-08-11,s1,RELIANCE,Reliance Industries Ltd,Energy,EQUITY,1350.008418,1353.39774,1347.060459,1350.069754,1045325,FINTRACE_SYNTHETIC,DEMO
2026-08-12,s1,RELIANCE,Reliance Industries Ltd,Energy,EQUITY,1347.47679,1350.32382,1344.120824,1347.49849,1069082,FINTRACE_SYNTHETIC,DEMO
2026-08-13,s1,RELIANCE,Reliance Industries Ltd,Energy,EQUITY,1343.815519,1346.987635,1340.621448,1343.77453,1092839,FINTRACE_SYNTHETIC,DEMO
2026-08-14,s1,RELIANCE,Reliance Industries Ltd,Energy,EQUITY,1339.201336,1342.531008,1336.244462,1339.078211,1116596,FINTRACE_SYNTHETIC,DEMO
2026-08-15,s1,RELIANCE,Reliance Industries Ltd,Energy,EQUITY,1333.907581,1336.795466,1330.391577,1333.688451,1140353,FINTRACE_SYNTHETIC,DEMO
2026-08-16,s1,RELIANCE,Reliance Industries Ltd,Energy,EQUITY,1328.278703,1331.344413,1324.777802,1327.956729,1164110,FINTRACE_SYNTHETIC,DEMO
2026-08-17,s1,RELIANCE,Reliance Industries Ltd,Energy,EQUITY,1322.697945,1326.001835,1319.568202,1322.274108,1187867,FINTRACE_SYNTHETIC,DEMO
2026-08-18,s1,RELIANCE,Reliance Industries Ltd,Energy,EQUITY,1317.551298,1320.489356,1313.815637,1317.034457,1211624,FINTRACE_SYNTHETIC,DEMO
2026-08-19,s1,RELIANCE,Reliance Industries Ltd,Energy,EQUITY,1313.191158,1316.14501,1309.403323,1312.597366,1235381,FINTRACE_SYNTHETIC,DEMO
2026-08-20,s1,RELIANCE,Reliance Industries Ltd,Energy,EQUITY,1309.903144,1313.177127,1306.603935,1309.25428,1259138,FINTRACE_SYNTHETIC,DEMO
2026-08-21,s1,RELIANCE,Reliance Industries Ltd,Energy,EQUITY,1307.879239,1310.874666,1304.054539,1307.201102,1282895,FINTRACE_SYNTHETIC,DEMO
2026-08-22,s1,RELIANCE,Reliance Industries Ltd,Energy,EQUITY,1307.199819,1310.056987,1303.300281,1306.519847,1306652,FINTRACE_SYNTHETIC,DEMO
2026-08-23,s1,RELIANCE,Reliance Industries Ltd,Energy,EQUITY,1307.826275,1311.084043,1304.433183,1307.171118,1330409,FINTRACE_SYNTHETIC,DEMO
2026-08-24,s1,RELIANCE,Reliance Industries Ltd,Energy,EQUITY,1309.604928,1312.67574,1305.90617,1308.998101,1354166,FINTRACE_SYNTHETIC,DEMO
2026-08-25,s1,RELIANCE,Reliance Industries Ltd,Energy,EQUITY,1312.281874,1315.06174,1308.480991,1311.741709,1377923,FINTRACE_SYNTHETIC,DEMO
2026-08-26,s1,RELIANCE,Reliance Industries Ltd,Energy,EQUITY,1315.527329,1318.780263,1312.221085,1315.065428,451680,FINTRACE_SYNTHETIC,DEMO
2026-08-27,s1,RELIANCE,Reliance Industries Ltd,Energy,EQUITY,1318.967159,1322.122763,1315.541853,1318.58749,475437,FINTRACE_SYNTHETIC,DEMO
2026-08-28,s1,RELIANCE,Reliance Industries Ltd,Energy,EQUITY,1322.218597,1324.927302,1318.615651,1321.917314,499194,FINTRACE_SYNTHETIC,DEMO
2026-08-29,s1,RELIANCE,Reliance Industries Ltd,Energy,EQUITY,1324.926718,1328.16617,1321.741356,1324.692733,522951,FINTRACE_SYNTHETIC,DEMO
2026-08-30,s1,RELIANCE,Reliance Industries Ltd,Energy,EQUITY,1326.798225,1330.025354,1323.627877,1326.614465,546708,FINTRACE_SYNTHETIC,DEMO
2026-08-31,s1,RELIANCE,Reliance Industries Ltd,Energy,EQUITY,1327.629299,1330.313906,1324.156492,1327.47453,570465,FINTRACE_SYNTHETIC,DEMO
2026-09-01,s1,RELIANCE,Reliance Industries Ltd,Energy,EQUITY,1327.324877,1330.52158,1324.138699,1327.175926,594222,FINTRACE_SYNTHETIC,DEMO
2026-09-02,s1,RELIANCE,Reliance Industries Ltd,Energy,EQUITY,1325.907512,1329.173758,1322.841249,1325.741666,617979,FINTRACE_SYNTHETIC,DEMO
2026-09-03,s1,RELIANCE,Reliance Industries Ltd,Energy,EQUITY,1323.51497,1326.284261,1320.015436,1323.312326,641736,FINTRACE_SYNTHETIC,DEMO
2026-09-04,s1,RELIANCE,Reliance Industries Ltd,Energy,EQUITY,1320.3868,1323.507642,1317.03897,1320.132347,665493,FINTRACE_SYNTHETIC,DEMO
2026-09-05,s1,RELIANCE,Reliance Industries Ltd,Energy,EQUITY,1316.841159,1320.113856,1313.73469,1316.526376,689250,FINTRACE_SYNTHETIC,DEMO
2026-09-06,s1,RELIANCE,Reliance Industries Ltd,Energy,EQUITY,1313.244094,1316.081748,1309.620634,1312.867933,713007,FINTRACE_SYNTHETIC,DEMO
2025-12-29,s2,TCS,Tata Consultancy Services Ltd,IT Services,EQUITY,3766.556372,3775.037425,3757.139981,3767.50242,450000,FINTRACE_SYNTHETIC,DEMO
2025-12-30,s2,TCS,Tata Consultancy Services Ltd,IT Services,EQUITY,3770.531571,3780.719013,3761.971894,3771.588994,481676,FINTRACE_SYNTHETIC,DEMO
2025-12-31,s2,TCS,Tata Consultancy Services Ltd,IT Services,EQUITY,3771.283587,3781.646489,3762.956316,3772.386605,513352,FINTRACE_SYNTHETIC,DEMO
2026-01-01,s2,TCS,Tata Consultancy Services Ltd,IT Services,EQUITY,3768.923559,3777.814691,3759.520109,3770.008662,545028,FINTRACE_SYNTHETIC,DEMO
2026-01-02,s2,TCS,Tata Consultancy Services Ltd,IT Services,EQUITY,3763.849028,3773.815166,3755.091222,3764.860816,576704,FINTRACE_SYNTHETIC,DEMO
2026-01-03,s2,TCS,Tata Consultancy Services Ltd,IT Services,EQUITY,3756.704449,3766.917506,3748.658222,3757.600677,608380,FINTRACE_SYNTHETIC,DEMO
2026-01-04,s2,TCS,Tata Consultancy Services Ltd,IT Services,EQUITY,3748.318237,3757.095489,3739.022089,3749.073567,640056,FINTRACE_SYNTHETIC,DEMO
2026-01-05,s2,TCS,Tata Consultancy Services Ltd,IT Services,EQUITY,3739.622339,3748.93955,3730.733439,3740.230449,671732,FINTRACE_SYNTHETIC,DEMO
2026-01-06,s2,TCS,Tata Consultancy Services Ltd,IT Services,EQUITY,3731.562002,3741.346095,3723.827406,3732.035863,703408,FINTRACE_SYNTHETIC,DEMO
2026-01-07,s2,TCS,Tata Consultancy Services Ltd,IT Services,EQUITY,3725.00437,3733.593047,3715.857379,3725.37465,735084,FINTRACE_SYNTHETIC,DEMO
2026-01-08,s2,TCS,Tata Consultancy Services Ltd,IT Services,EQUITY,3720.654603,3729.420435,3711.652346,3720.96636,766760,FINTRACE_SYNTHETIC,DEMO
2026-01-09,s2,TCS,Tata Consultancy Services Ltd,IT Services,EQUITY,3718.987538,3728.593743,3711.541334,3719.295522,798436,FINTRACE_SYNTHETIC,DEMO
2026-01-10,s2,TCS,Tata Consultancy Services Ltd,IT Services,EQUITY,3720.201408,3729.003718,3711.191352,3720.564412,830112,FINTRACE_SYNTHETIC,DEMO
2026-01-11,s2,TCS,Tata Consultancy Services Ltd,IT Services,EQUITY,3724.198028,3732.904683,3715.059877,3724.672845,861788,FINTRACE_SYNTHETIC,DEMO
2026-01-12,s2,TCS,Tata Consultancy Services Ltd,IT Services,EQUITY,3730.591365,3740.537449,3722.875126,3731.226905,893464,FINTRACE_SYNTHETIC,DEMO
2026-01-13,s2,TCS,Tata Consultancy Services Ltd,IT Services,EQUITY,3738.743641,3748.270854,3729.846014,3739.575802,925140,FINTRACE_SYNTHETIC,DEMO
2026-01-14,s2,TCS,Tata Consultancy Services Ltd,IT Services,EQUITY,3747.825574,3756.910732,3738.535353,3748.873329,956816,FINTRACE_SYNTHETIC,DEMO
2026-01-15,s2,TCS,Tata Consultancy Services Ltd,IT Services,EQUITY,3756.894984,3767.480935,3748.864314,3758.158077,988492,FINTRACE_SYNTHETIC,DEMO
2026-01-16,s2,TCS,Tata Consultancy Services Ltd,IT Services,EQUITY,3764.986283,3775.391918,3756.213269,3766.444753,1020168,FINTRACE_SYNTHETIC,DEMO
2026-01-17,s2,TCS,Tata Consultancy Services Ltd,IT Services,EQUITY,3771.202329,3780.64627,3761.795622,3772.817905,1051844,FINTRACE_SYNTHETIC,DEMO
2026-01-18,s2,TCS,Tata Consultancy Services Ltd,IT Services,EQUITY,3774.799872,3785.79603,3766.480058,3776.519114,1083520,FINTRACE_SYNTHETIC,DEMO
2026-01-19,s2,TCS,Tata Consultancy Services Ltd,IT Services,EQUITY,3775.260456,3786.153418,3766.676025,3777.019347,1115196,FINTRACE_SYNTHETIC,DEMO
2026-01-20,s2,TCS,Tata Consultancy Services Ltd,IT Services,EQUITY,3772.340023,3781.634403,3762.909247,3774.069561,1146872,FINTRACE_SYNTHETIC,DEMO
2026-01-21,s2,TCS,Tata Consultancy Services Ltd,IT Services,EQUITY,3766.09247,3776.854367,3757.556936,3767.724755,1178548,FINTRACE_SYNTHETIC,DEMO
2026-01-22,s2,TCS,Tata Consultancy Services Ltd,IT Services,EQUITY,3756.864933,3767.557562,3748.554412,3758.339149,1210224,FINTRACE_SYNTHETIC,DEMO
2026-01-23,s2,TCS,Tata Consultancy Services Ltd,IT Services,EQUITY,3745.265233,3754.273964,3735.918544,3746.532968,1241900,FINTRACE_SYNTHETIC,DEMO
2026-01-24,s2,TCS,Tata Consultancy Services Ltd,IT Services,EQUITY,3732.10459,3742.023623,3723.433195,3733.133988,1273576,FINTRACE_SYNTHETIC,DEMO
2026-01-25,s2,TCS,Tata Consultancy Services Ltd,IT Services,EQUITY,3718.321056,3728.316034,3710.341281,3719.099406,1305252,FINTRACE_SYNTHETIC,DEMO
2026-01-26,s2,TCS,Tata Consultancy Services Ltd,IT Services,EQUITY,3704.890977,3713.338253,3695.69802,3705.425491,1336928,FINTRACE_SYNTHETIC,DEMO
2026-01-27,s2,TCS,Tata Consultancy Services Ltd,IT Services,EQUITY,3692.736897,3701.665142,3683.970233,3693.053617,1368604,FINTRACE_SYNTHETIC,DEMO
2026-01-28,s2,TCS,Tata Consultancy Services Ltd,IT Services,EQUITY,3682.640708,3691.966547,3674.9914,3682.781631,450280,FINTRACE_SYNTHETIC,DEMO
2026-01-29,s2,TCS,Tata Consultancy Services Ltd,IT Services,EQUITY,3675.17029,3683.281839,3666.139032,3675.189004,481956,FINTRACE_SYNTHETIC,DEMO
2026-01-30,s2,TCS,Tata Consultancy Services Ltd,IT Services,EQUITY,3670.626655,3678.979949,3661.710681,3670.58289,513632,FINTRACE_SYNTHETIC,DEMO
2026-01-31,s2,TCS,Tata Consultancy Services Ltd,IT Services,EQUITY,3669.016607,3678.188986,3661.607935,3668.970231,545308,FINTRACE_SYNTHETIC,DEMO
2026-02-01,s2,TCS,Tata Consultancy Services Ltd,IT Services,EQUITY,3670.05353,3678.369564,3661.156274,3670.058565,576984,FINTRACE_SYNTHETIC,DEMO
2026-02-02,s2,TCS,Tata Consultancy Services Ltd,IT Services,EQUITY,3673.186221,3681.418426,3664.180134,3673.285436,608660,FINTRACE_SYNTHETIC,DEMO
2026-02-03,s2,TCS,Tata Consultancy Services Ltd,IT Services,EQUITY,3677.653001,3687.053188,3670.062392,3677.873622,640336,FINTRACE_SYNTHETIC,DEMO
2026-02-04,s2,TCS,Tata Consultancy Services Ltd,IT Services,EQUITY,3682.55595,3691.457739,3673.781498,3682.90688,672012,FINTRACE_SYNTHETIC,DEMO
2026-02-05,s2,TCS,Tata Consultancy Services Ltd,IT Services,EQUITY,3686.948178,3695.340249,3677.813628,3687.418993,703688,FINTRACE_SYNTHETIC,DEMO
2026-02-06,s2,TCS,Tata Consultancy Services Ltd,IT Services,EQUITY,3689.925795,3699.647039,3682.053997,3690.487626,735364,FINTRACE_SYNTHETIC,DEMO
2026-02-07,s2,TCS,Tata Consultancy Services Ltd,IT Services,EQUITY,3690.715817,3700.081894,3682.103646,3691.324019,767040,FINTRACE_SYNTHETIC,DEMO
2026-02-08,s2,TCS,Tata Consultancy Services Ltd,IT Services,EQUITY,3688.751608,3697.021278,3679.55308,3689.349971,798716,FINTRACE_SYNTHETIC,DEMO
2026-02-09,s2,TCS,Tata Consultancy Services Ltd,IT Services,EQUITY,3683.728661,3693.311623,3675.624485,3684.254764,830392,FINTRACE_SYNTHETIC,DEMO
2026-02-10,s2,TCS,Tata Consultancy Services Ltd,IT Services,EQUITY,3675.6354,3684.907448,3667.263932,3676.026581,862068,FINTRACE_SYNTHETIC,DEMO
2026-02-11,s2,TCS,Tata Consultancy Services Ltd,IT Services,EQUITY,3664.756033,3672.317784,3655.59443,3664.955435,893744,FINTRACE_SYNTHETIC,DEMO
2026-02-12,s2,TCS,Tata Consultancy Services Ltd,IT Services,EQUITY,3651.64521,3660.5021,3643.344943,3651.607293,925420,FINTRACE_SYNTHETIC,DEMO
2026-02-13,s2,TCS,Tata Consultancy Services Ltd,IT Services,EQUITY,3637.076863,3645.990953,3628.71247,3636.77188,957096,FINTRACE_SYNTHETIC,DEMO
2026-02-14,s2,TCS,Tata Consultancy Services Ltd,IT Services,EQUITY,3621.972107,3629.439841,3612.349517,3621.389112,988772,FINTRACE_SYNTHETIC,DEMO
2026-02-15,s2,TCS,Tata Consultancy Services Ltd,IT Services,EQUITY,3607.313081,3615.913374,3598.093919,3606.461169,1020448,FINTRACE_SYNTHETIC,DEMO
2026-02-16,s2,TCS,Tata Consultancy Services Ltd,IT Services,EQUITY,3594.050903,3602.952923,3585.232658,3592.958583,1052124,FINTRACE_SYNTHETIC,DEMO
2026-02-17,s2,TCS,Tata Consultancy Services Ltd,IT Services,EQUITY,3583.016544,3590.652624,3572.837699,3581.729281,1083800,FINTRACE_SYNTHETIC,DEMO
2026-02-18,s2,TCS,Tata Consultancy Services Ltd,IT Services,EQUITY,3574.843072,3583.190741,3564.946399,3573.419252,1115476,FINTRACE_SYNTHETIC,DEMO
2026-02-19,s2,TCS,Tata Consultancy Services Ltd,IT Services,EQUITY,3569.906707,3578.807604,3560.984758,3568.412392,1147152,FINTRACE_SYNTHETIC,DEMO
2026-02-20,s2,TCS,Tata Consultancy Services Ltd,IT Services,EQUITY,3568.292264,3576.135237,3558.023996,3566.795249,1178828,FINTRACE_SYNTHETIC,DEMO
2026-02-21,s2,TCS,Tata Consultancy Services Ltd,IT Services,EQUITY,3569.786309,3577.92326,3559.733699,3568.350033,1210504,FINTRACE_SYNTHETIC,DEMO
2026-02-22,s2,TCS,Tata Consultancy Services Ltd,IT Services,EQUITY,3573.898637,3582.832946,3565.391856,3572.576534,1242180,FINTRACE_SYNTHETIC,DEMO
2026-02-23,s2,TCS,Tata Consultancy Services Ltd,IT Services,EQUITY,3579.910052,3588.003425,3570.05667,3578.740879,1273856,FINTRACE_SYNTHETIC,DEMO
2026-02-24,s2,TCS,Tata Consultancy Services Ltd,IT Services,EQUITY,3586.941861,3594.897993,3577.161112,3585.946442,1305532,FINTRACE_SYNTHETIC,DEMO
2026-02-25,s2,TCS,Tata Consultancy Services Ltd,IT Services,EQUITY,3594.040472,3603.012765,3585.819611,3593.220171,1337208,FINTRACE_SYNTHETIC,DEMO
2026-02-26,s2,TCS,Tata Consultancy Services Ltd,IT Services,EQUITY,3600.269021,3608.615773,3591.019077,3599.606082,1368884,FINTRACE_SYNTHETIC,DEMO
2026-02-27,s2,TCS,Tata Consultancy Services Ltd,IT Services,EQUITY,3604.79728,3612.556265,3595.332117,3604.257002,450560,FINTRACE_SYNTHETIC,DEMO
2026-02-28,s2,TCS,Tata Consultancy Services Ltd,IT Services,EQUITY,3606.981286,3615.937633,3598.837372,3606.515827,482236,FINTRACE_SYNTHETIC,DEMO
2026-03-01,s2,TCS,Tata Consultancy Services Ltd,IT Services,EQUITY,3606.425092,3614.970842,3597.552247,3605.97853,513912,FINTRACE_SYNTHETIC,DEMO
2026-03-02,s2,TCS,Tata Consultancy Services Ltd,IT Services,EQUITY,3603.018743,3610.526274,3593.551984,3602.532912,545588,FINTRACE_SYNTHETIC,DEMO
2026-03-03,s2,TCS,Tata Consultancy Services Ltd,IT Services,EQUITY,3596.948874,3605.797415,3588.472045,3596.369416,577264,FINTRACE_SYNTHETIC,DEMO
2026-03-04,s2,TCS,Tata Consultancy Services Ltd,IT Services,EQUITY,3588.680893,3597.341867,3579.777991,3587.962949,608940,FINTRACE_SYNTHETIC,DEMO
2026-03-05,s2,TCS,Tata Consultancy Services Ltd,IT Services,EQUITY,3578.91448,3586.119821,3569.083031,3578.027469,640616,FINTRACE_SYNTHETIC,DEMO
2026-03-06,s2,TCS,Tata Consultancy Services Ltd,IT Services,EQUITY,3568.516612,3577.180114,3559.389194,3567.447648,672292,FINTRACE_SYNTHETIC,DEMO
2026-03-07,s2,TCS,Tata Consultancy Services Ltd,IT Services,EQUITY,3558.438526,3567.153013,3549.296909,3557.194134,703968,FINTRACE_SYNTHETIC,DEMO
2026-03-08,s2,TCS,Tata Consultancy Services Ltd,IT Services,EQUITY,3549.624521,3556.927492,3539.37165,3548.2305,735644,FINTRACE_SYNTHETIC,DEMO
2026-03-09,s2,TCS,Tata Consultancy Services Ltd,IT Services,EQUITY,3542.921313,3551.378073,3533.216473,3541.42074,767320,FINTRACE_SYNTHETIC,DEMO
2026-03-10,s2,TCS,Tata Consultancy Services Ltd,IT Services,EQUITY,3538.996562,3547.757445,3529.824672,3537.44614,798996,FINTRACE_SYNTHETIC,DEMO
2026-03-11,s2,TCS,Tata Consultancy Services Ltd,IT Services,EQUITY,3538.274373,3545.79997,3527.955525,3536.739461,830672,FINTRACE_SYNTHETIC,DEMO
2026-03-12,s2,TCS,Tata Consultancy Services Ltd,IT Services,EQUITY,3540.893898,3549.173874,3531.060951,3539.442692,862348,FINTRACE_SYNTHETIC,DEMO
2026-03-13,s2,TCS,Tata Consultancy Services Ltd,IT Services,EQUITY,3546.695002,3555.535399,3537.997247,3545.392435,894024,FINTRACE_SYNTHETIC,DEMO
2026-03-14,s2,TCS,Tata Consultancy Services Ltd,IT Services,EQUITY,3555.232372,3563.032163,3545.388002,3554.134284,925700,FINTRACE_SYNTHETIC,DEMO
2026-03-15,s2,TCS,Tata Consultancy Services Ltd,IT Services,EQUITY,3565.816707,3573.957659,3556.365589,3564.964875,957376,FINTRACE_SYNTHETIC,DEMO
2026-03-16,s2,TCS,Tata Consultancy Services Ltd,IT Services,EQUITY,3577.5791,3586.52219,3569.788171,3576.997565,989052,FINTRACE_SYNTHETIC,DEMO
2026-03-17,s2,TCS,Tata Consultancy Services Ltd,IT Services,EQUITY,3589.552448,3597.654029,3580.527591,3589.245515,1020728,FINTRACE_SYNTHETIC,DEMO
2026-03-18,s2,TCS,Tata Consultancy Services Ltd,IT Services,EQUITY,3600.762163,3608.763259,3591.899751,3600.714247,1052404,FINTRACE_SYNTHETIC,DEMO
2026-03-19,s2,TCS,Tata Consultancy Services Ltd,IT Services,EQUITY,3610.317528,3619.510072,3602.897626,3610.494868,1084080,FINTRACE_SYNTHETIC,DEMO
2026-03-20,s2,TCS,Tata Consultancy Services Ltd,IT Services,EQUITY,3617.495006,3626.22419,3608.855187,3617.849072,1115756,FINTRACE_SYNTHETIC,DEMO
2026-03-21,s2,TCS,Tata Consultancy Services Ltd,IT Services,EQUITY,3621.805556,3630.089697,3612.842171,3622.277841,1147432,FINTRACE_SYNTHETIC,DEMO
2026-03-22,s2,TCS,Tata Consultancy Services Ltd,IT Services,EQUITY,3623.039563,3632.568881,3615.341437,3623.56728,1179108,FINTRACE_SYNTHETIC,DEMO
2026-03-23,s2,TCS,Tata Consultancy Services Ltd,IT Services,EQUITY,3621.285093,3630.378604,3612.811243,3621.807252,1210784,FINTRACE_SYNTHETIC,DEMO
2026-03-24,s2,TCS,Tata Consultancy Services Ltd,IT Services,EQUITY,3616.917748,3624.934255,3607.903708,3617.381026,1242460,FINTRACE_SYNTHETIC,DEMO
2026-03-25,s2,TCS,Tata Consultancy Services Ltd,IT Services,EQUITY,3610.563101,3619.816065,3602.649291,3610.92694,1274136,FINTRACE_SYNTHETIC,DEMO
2026-03-26,s2,TCS,Tata Consultancy Services Ltd,IT Services,EQUITY,3603.035286,3611.962914,3594.8028,3603.275744,1305812,FINTRACE_SYNTHETIC,DEMO
2026-03-27,s2,TCS,Tata Consultancy Services Ltd,IT Services,EQUITY,3595.257627,3602.62398,3586.27061,3595.369606,1337488,FINTRACE_SYNTHETIC,DEMO
2026-03-28,s2,TCS,Tata Consultancy Services Ltd,IT Services,EQUITY,3588.172867,3596.892251,3580.078864,3588.170506,1369164,FINTRACE_SYNTHETIC,DEMO
2026-03-29,s2,TCS,Tata Consultancy Services Ltd,IT Services,EQUITY,3582.651562,3591.418304,3574.599009,3582.56677,450840,FINTRACE_SYNTHETIC,DEMO
2026-03-30,s2,TCS,Tata Consultancy Services Ltd,IT Services,EQUITY,3579.407401,3586.755902,3570.348513,3579.286649,482516,FINTRACE_SYNTHETIC,DEMO
2026-03-31,s2,TCS,Tata Consultancy Services Ltd,IT Services,EQUITY,3578.927504,3587.480186,3570.548584,3578.827207,514192,FINTRACE_SYNTHETIC,DEMO
2026-04-01,s2,TCS,Tata Consultancy Services Ltd,IT Services,EQUITY,3581.424384,3590.285333,3573.67406,3581.405291,545868,FINTRACE_SYNTHETIC,DEMO
2026-04-02,s2,TCS,Tata Consultancy Services Ltd,IT Services,EQUITY,3586.814125,3594.548998,3577.901862,3586.935276,577544,FINTRACE_SYNTHETIC,DEMO
2026-04-03,s2,TCS,Tata Consultancy Services Ltd,IT Services,EQUITY,3594.722904,3603.453952,3586.221073,3595.035706,609220,FINTRACE_SYNTHETIC,DEMO
2026-04-04,s2,TCS,Tata Consultancy Services Ltd,IT Services,EQUITY,3604.521203,3614.047295,3596.986978,3605.064218,640896,FINTRACE_SYNTHETIC,DEMO
2026-04-05,s2,TCS,Tata Consultancy Services Ltd,IT Services,EQUITY,3615.382487,3624.096128,3606.479341,3616.177409,672572,FINTRACE_SYNTHETIC,DEMO
2026-04-06,s2,TCS,Tata Consultancy Services Ltd,IT Services,EQUITY,3626.360747,3635.704729,3617.622508,3627.409963,704248,FINTRACE_SYNTHETIC,DEMO
2026-04-07,s2,TCS,Tata Consultancy Services Ltd,IT Services,EQUITY,3636.479521,3646.858462,3629.134158,3637.765491,735924,FINTRACE_SYNTHETIC,DEMO
2026-04-08,s2,TCS,Tata Consultancy Services Ltd,IT Services,EQUITY,3644.82392,3654.526235,3635.962772,3646.310431,767600,FINTRACE_SYNTHETIC,DEMO
2026-04-09,s2,TCS,Tata Consultancy Services Ltd,IT Services,EQUITY,3650.626879,3660.392049,3641.697437,3652.262066,799276,FINTRACE_SYNTHETIC,DEMO
2026-04-10,s2,TCS,Tata Consultancy Services Ltd,IT Services,EQUITY,3653.341437,3664.190473,3645.84919,3655.062271,830952,FINTRACE_SYNTHETIC,DEMO
2026-04-11,s2,TCS,Tata Consultancy Services Ltd,IT Services,EQUITY,3652.692128,3662.877153,3643.958119,3654.429959,862628,FINTRACE_SYNTHETIC,DEMO
2026-04-12,s2,TCS,Tata Consultancy Services Ltd,IT Services,EQUITY,3648.700619,3658.275036,3639.675799,3650.387238,894304,FINTRACE_SYNTHETIC,DEMO
2026-04-13,s2,TCS,Tata Consultancy Services Ltd,IT Services,EQUITY,3641.683135,3652.311257,3633.96102,3643.256788,925980,FINTRACE_SYNTHETIC,DEMO
2026-04-14,s2,TCS,Tata Consultancy Services Ltd,IT Services,EQUITY,3632.219922,3642.219042,3623.708747,3633.630697,957656,FINTRACE_SYNTHETIC,DEMO
2026-04-15,s2,TCS,Tata Consultancy Services Ltd,IT Services,EQUITY,3621.099668,3629.893043,3612.078098,3622.313747,989332,FINTRACE_SYNTHETIC,DEMO
2026-04-16,s2,TCS,Tata Consultancy Services Ltd,IT Services,EQUITY,3609.244175,3619.140067,3601.348033,3610.246553,1021008,FINTRACE_SYNTHETIC,DEMO
2026-04-17,s2,TCS,Tata Consultancy Services Ltd,IT Services,EQUITY,3597.620462,3607.082191,3589.387303,3598.415869,1052684,FINTRACE_SYNTHETIC,DEMO
2026-04-18,s2,TCS,Tata Consultancy Services Ltd,IT Services,EQUITY,3587.148692,3595.015525,3578.182576,3587.760638,1084360,FINTRACE_SYNTHETIC,DEMO
2026-04-19,s2,TCS,Tata Consultancy Services Ltd,IT Services,EQUITY,3578.614683,3587.788029,3570.558247,3579.082713,1116036,FINTRACE_SYNTHETIC,DEMO
2026-04-20,s2,TCS,Tata Consultancy Services Ltd,IT Services,EQUITY,3572.595352,3581.706693,3564.635665,3572.970787,1147712,FINTRACE_SYNTHETIC,DEMO
2026-04-21,s2,TCS,Tata Consultancy Services Ltd,IT Services,EQUITY,3569.404196,3577.0577,3560.489134,3569.744754,1179388,FINTRACE_SYNTHETIC,DEMO
2026-04-22,s2,TCS,Tata Consultancy Services Ltd,IT Services,EQUITY,3569.062008,3577.965646,3560.81833,3569.42583,1211064,FINTRACE_SYNTHETIC,DEMO
2026-04-23,s2,TCS,Tata Consultancy Services Ltd,IT Services,EQUITY,3571.295607,3580.567154,3563.571235,3571.735261,1242740,FINTRACE_SYNTHETIC,DEMO
2026-04-24,s2,TCS,Tata Consultancy Services Ltd,IT Services,EQUITY,3575.564714,3583.697148,3566.676589,3576.12174,1274416,FINTRACE_SYNTHETIC,DEMO
2026-04-25,s2,TCS,Tata Consultancy Services Ltd,IT Services,EQUITY,3581.114391,3590.213739,3572.655625,3581.814924,1306092,FINTRACE_SYNTHETIC,DEMO
2026-04-26,s2,TCS,Tata Consultancy Services Ltd,IT Services,EQUITY,3587.048059,3596.837308,3579.534755,3587.899935,1337768,FINTRACE_SYNTHETIC,DEMO
2026-04-27,s2,TCS,Tata Consultancy Services Ltd,IT Services,EQUITY,3592.414106,3601.259855,3583.561551,3593.405741,1369444,FINTRACE_SYNTHETIC,DEMO
2026-04-28,s2,TCS,Tata Consultancy Services Ltd,IT Services,EQUITY,3596.297841,3605.638127,3587.641227,3597.398984,451120,FINTRACE_SYNTHETIC,DEMO
2026-04-29,s2,TCS,Tata Consultancy Services Ltd,IT Services,EQUITY,3597.910016,3608.069862,3590.626652,3599.074309,482796,FINTRACE_SYNTHETIC,DEMO
2026-04-30,s2,TCS,Tata Consultancy Services Ltd,IT Services,EQUITY,3596.663462,3605.925371,3587.911401,3597.832563,514472,FINTRACE_SYNTHETIC,DEMO
2026-05-01,s2,TCS,Tata Consultancy Services Ltd,IT Services,EQUITY,3592.230543,3601.352397,3583.451187,3593.339424,546148,FINTRACE_SYNTHETIC,DEMO
2026-05-02,s2,TCS,Tata Consultancy Services Ltd,IT Services,EQUITY,3584.575922,3594.514999,3577.240489,3585.558834,577824,FINTRACE_SYNTHETIC,DEMO
2026-05-03,s2,TCS,Tata Consultancy Services Ltd,IT Services,EQUITY,3573.961533,3583.008687,3565.405979,3574.758073,609500,FINTRACE_SYNTHETIC,DEMO
2026-05-04,s2,TCS,Tata Consultancy Services Ltd,IT Services,EQUITY,3560.923248,3569.194544,3552.120674,3561.483948,641176,FINTRACE_SYNTHETIC,DEMO
2026-05-05,s2,TCS,Tata Consultancy Services Ltd,IT Services,EQUITY,3546.221481,3555.33014,3538.717039,3546.512393,672852,FINTRACE_SYNTHETIC,DEMO
2026-05-06,s2,TCS,Tata Consultancy Services Ltd,IT Services,EQUITY,3530.770416,3539.110712,3522.485647,3530.776248,704528,FINTRACE_SYNTHETIC,DEMO
2026-05-07,s2,TCS,Tata Consultancy Services Ltd,IT Services,EQUITY,3515.552596,3522.923785,3506.523124,3515.278109,736204,FINTRACE_SYNTHETIC,DEMO
2026-05-08,s2,TCS,Tata Consultancy Services Ltd,IT Services,EQUITY,3501.527018,3510.158468,3493.351607,3500.996543,767880,FINTRACE_SYNTHETIC,DEMO
2026-05-09,s2,TCS,Tata Consultancy Services Ltd,IT Services,EQUITY,3489.539471,3497.934611,3480.797918,3488.794599,799556,FINTRACE_SYNTHETIC,DEMO
2026-05-10,s2,TCS,Tata Consultancy Services Ltd,IT Services,EQUITY,3480.243668,3487.296528,3470.643439,3479.339335,831232,FINTRACE_SYNTHETIC,DEMO
2026-05-11,s2,TCS,Tata Consultancy Services Ltd,IT Services,EQUITY,3474.040684,3482.498176,3465.234571,3473.040007,862908,FINTRACE_SYNTHETIC,DEMO
2026-05-12,s2,TCS,Tata Consultancy Services Ltd,IT Services,EQUITY,3471.042444,3479.52207,3462.266059,3470.010826,894584,FINTRACE_SYNTHETIC,DEMO
2026-05-13,s2,TCS,Tata Consultancy Services Ltd,IT Services,EQUITY,3471.062766,3478.158258,3461.393444,3470.061811,926260,FINTRACE_SYNTHETIC,DEMO
2026-05-14,s2,TCS,Tata Consultancy Services Ltd,IT Services,EQUITY,3473.636768,3481.95688,3464.709551,3472.718592,957936,FINTRACE_SYNTHETIC,DEMO
2026-05-15,s2,TCS,Tata Consultancy Services Ltd,IT Services,EQUITY,3478.066814,3486.662012,3469.733765,3477.269295,989612,FINTRACE_SYNTHETIC,DEMO
2026-05-16,s2,TCS,Tata Consultancy Services Ltd,IT Services,EQUITY,3483.490585,3490.854776,3474.172807,3482.834003,1021288,FINTRACE_SYNTHETIC,DEMO
2026-05-17,s2,TCS,Tata Consultancy Services Ltd,IT Services,EQUITY,3488.964793,3497.157022,3480.220986,3488.450177,1052964,FINTRACE_SYNTHETIC,DEMO
2026-05-18,s2,TCS,Tata Consultancy Services Ltd,IT Services,EQUITY,3493.55654,3502.255915,3485.834052,3493.165882,1084640,FINTRACE_SYNTHETIC,DEMO
2026-05-19,s2,TCS,Tata Consultancy Services Ltd,IT Services,EQUITY,3496.433619,3504.061388,3487.510948,3496.131924,1116316,FINTRACE_SYNTHETIC,DEMO
2026-05-20,s2,TCS,Tata Consultancy Services Ltd,IT Services,EQUITY,3496.945118,3504.966752,3488.276316,3496.68411,1147992,FINTRACE_SYNTHETIC,DEMO
2026-05-21,s2,TCS,Tata Consultancy Services Ltd,IT Services,EQUITY,3494.684668,3503.418488,3487.318492,3494.407776,1179668,FINTRACE_SYNTHETIC,DEMO
2026-05-22,s2,TCS,Tata Consultancy Services Ltd,IT Services,EQUITY,3489.530266,3497.366044,3480.680279,3489.17843,1211344,FINTRACE_SYNTHETIC,DEMO
2026-05-23,s2,TCS,Tata Consultancy Services Ltd,IT Services,EQUITY,3481.656899,3489.434477,3472.67384,3481.174631,1243020,FINTRACE_SYNTHETIC,DEMO
2026-05-24,s2,TCS,Tata Consultancy Services Ltd,IT Services,EQUITY,3471.520744,3480.193417,3463.774433,3470.861863,1274696,FINTRACE_SYNTHETIC,DEMO
2026-05-25,s2,TCS,Tata Consultancy Services Ltd,IT Services,EQUITY,3459.816446,3467.789669,3450.659343,3458.94895,1306372,FINTRACE_SYNTHETIC,DEMO
2026-05-26,s2,TCS,Tata Consultancy Services Ltd,IT Services,EQUITY,3447.41156,3454.88957,3437.806969,3446.321151,1338048,FINTRACE_SYNTHETIC,DEMO
2026-05-27,s2,TCS,Tata Consultancy Services Ltd,IT Services,EQUITY,3435.264376,3443.808993,3426.704243,3433.956314,1369724,FINTRACE_SYNTHETIC,DEMO
2026-05-28,s2,TCS,Tata Consultancy Services Ltd,IT Services,EQUITY,3424.332989,3432.405642,3414.789711,3422.832084,451400,FINTRACE_SYNTHETIC,DEMO
2026-05-29,s2,TCS,Tata Consultancy Services Ltd,IT Services,EQUITY,3415.484246,3422.660434,3405.333661,3413.833003,483076,FINTRACE_SYNTHETIC,DEMO
2026-05-30,s2,TCS,Tata Consultancy Services Ltd,IT Services,EQUITY,3409.411288,3417.821147,3400.239271,3407.666355,514752,FINTRACE_SYNTHETIC,DEMO
2026-05-31,s2,TCS,Tata Consultancy Services Ltd,IT Services,EQUITY,3406.567512,3414.754176,3396.978455,3404.794791,546428,FINTRACE_SYNTHETIC,DEMO
2026-06-01,s2,TCS,Tata Consultancy Services Ltd,IT Services,EQUITY,3407.123268,3414.042999,3396.881924,3405.392137,578104,FINTRACE_SYNTHETIC,DEMO
2026-06-02,s2,TCS,Tata Consultancy Services Ltd,IT Services,EQUITY,3410.949416,3419.260727,3401.677519,3409.326618,609780,FINTRACE_SYNTHETIC,DEMO
2026-06-03,s2,TCS,Tata Consultancy Services Ltd,IT Services,EQUITY,3417.62931,3425.971375,3408.535115,3416.173084,641456,FINTRACE_SYNTHETIC,DEMO
2026-06-04,s2,TCS,Tata Consultancy Services Ltd,IT Services,EQUITY,3426.498065,3433.487347,3416.695376,3425.253082,673132,FINTRACE_SYNTHETIC,DEMO
2026-06-05,s2,TCS,Tata Consultancy Services Ltd,IT Services,EQUITY,3436.705372,3444.94629,3427.787346,3435.69895,704808,FINTRACE_SYNTHETIC,DEMO
2026-06-06,s2,TCS,Tata Consultancy Services Ltd,IT Services,EQUITY,3447.295877,3455.80987,3439.052554,3446.535836,736484,FINTRACE_SYNTHETIC,DEMO
2026-06-07,s2,TCS,Tata Consultancy Services Ltd,IT Services,EQUITY,3457.299451,3464.593359,3448.173999,3456.773812,768160,FINTRACE_SYNTHETIC,DEMO
2026-06-08,s2,TCS,Tata Consultancy Services Ltd,IT Services,EQUITY,3465.822766,3473.971622,3457.336989,3465.50132,799836,FINTRACE_SYNTHETIC,DEMO
2026-06-09,s2,TCS,Tata Consultancy Services Ltd,IT Services,EQUITY,3472.133444,3480.776366,3464.668643,3471.971035,831512,FINTRACE_SYNTHETIC,DEMO
2026-06-10,s2,TCS,Tata Consultancy Services Ltd,IT Services,EQUITY,3475.728758,3483.297001,3467.093929,3475.669971,863188,FINTRACE_SYNTHETIC,DEMO
2026-06-11,s2,TCS,Tata Consultancy Services Ltd,IT Services,EQUITY,3476.382352,3484.369223,3468.017308,3476.367151,894864,FINTRACE_SYNTHETIC,DEMO
2026-06-12,s2,TCS,Tata Consultancy Services Ltd,IT Services,EQUITY,3474.164516,3482.846101,3467.070801,3474.134302,926540,FINTRACE_SYNTHETIC,DEMO
2026-06-13,s2,TCS,Tata Consultancy Services Ltd,IT Services,EQUITY,3469.434111,3477.211354,3460.880299,3469.337606,958216,FINTRACE_SYNTHETIC,DEMO
2026-06-14,s2,TCS,Tata Consultancy Services Ltd,IT Services,EQUITY,3462.8029,3470.551874,3454.153104,3462.601312,989892,FINTRACE_SYNTHETIC,DEMO
2026-06-15,s2,TCS,Tata Consultancy Services Ltd,IT Services,EQUITY,3455.075703,3463.708509,3447.707383,3454.746665,1021568,FINTRACE_SYNTHETIC,DEMO
2026-06-16,s2,TCS,Tata Consultancy Services Ltd,IT Services,EQUITY,3447.172092,3455.104034,3438.442486,3446.712003,1053244,FINTRACE_SYNTHETIC,DEMO
2026-06-17,s2,TCS,Tata Consultancy Services Ltd,IT Services,EQUITY,3440.03709,3447.513408,3430.969616,3439.461638,1084920,FINTRACE_SYNTHETIC,DEMO
2026-06-18,s2,TCS,Tata Consultancy Services Ltd,IT Services,EQUITY,3434.549406,3443.09558,3426.6551,3433.892208,1116596,FINTRACE_SYNTHETIC,DEMO
2026-06-19,s2,TCS,Tata Consultancy Services Ltd,IT Services,EQUITY,3431.435947,3439.514678,3422.673683,3430.745457,1148272,FINTRACE_SYNTHETIC,DEMO
2026-06-20,s2,TCS,Tata Consultancy Services Ltd,IT Services,EQUITY,3431.200784,3438.424852,3421.997951,3430.535743,1179948,FINTRACE_SYNTHETIC,DEMO
2026-06-21,s2,TCS,Tata Consultancy Services Ltd,IT Services,EQUITY,3434.075344,3442.551435,3426.030034,3433.499215,1211624,FINTRACE_SYNTHETIC,DEMO
2026-06-22,s2,TCS,Tata Consultancy Services Ltd,IT Services,EQUITY,3439.994576,3448.252515,3431.661093,3439.569496,1243300,FINTRACE_SYNTHETIC,DEMO
2026-06-23,s2,TCS,Tata Consultancy Services Ltd,IT Services,EQUITY,3448.601394,3455.620595,3439.765577,3448.382212,1274976,FINTRACE_SYNTHETIC,DEMO
2026-06-24,s2,TCS,Tata Consultancy Services Ltd,IT Services,EQUITY,3459.278959,3467.744476,3451.531191,3459.307934,1306652,FINTRACE_SYNTHETIC,DEMO
2026-06-25,s2,TCS,Tata Consultancy Services Ltd,IT Services,EQUITY,3471.207746,3479.97669,3463.433215,3471.510413,1338328,FINTRACE_SYNTHETIC,DEMO
2026-06-26,s2,TCS,Tata Consultancy Services Ltd,IT Services,EQUITY,3483.441961,3491.115802,3474.737717,3484.024554,1370004,FINTRACE_SYNTHETIC,DEMO
2026-06-27,s2,TCS,Tata Consultancy Services Ltd,IT Services,EQUITY,3494.99803,3504.238756,3486.962225,3495.846709,451680,FINTRACE_SYNTHETIC,DEMO
2026-06-28,s2,TCS,Tata Consultancy Services Ltd,IT Services,EQUITY,3504.946731,3514.682363,3497.322075,3506.028693,483356,FINTRACE_SYNTHETIC,DEMO
2026-06-29,s2,TCS,Tata Consultancy Services Ltd,IT Services,EQUITY,3512.500202,3521.164416,3503.758409,3513.766565,515032,FINTRACE_SYNTHETIC,DEMO
2026-06-30,s2,TCS,Tata Consultancy Services Ltd,IT Services,EQUITY,3517.085526,3526.759403,3508.810651,3518.475715,546708,FINTRACE_SYNTHETIC,DEMO
2026-07-01,s2,TCS,Tata Consultancy Services Ltd,IT Services,EQUITY,3518.397896,3528.603518,3510.982635,3519.845115,578384,FINTRACE_SYNTHETIC,DEMO
2026-07-02,s2,TCS,Tata Consultancy Services Ltd,IT Services,EQUITY,3516.428294,3525.51098,3507.746224,3517.865566,610060,FINTRACE_SYNTHETIC,DEMO
2026-07-03,s2,TCS,Tata Consultancy Services Ltd,IT Services,EQUITY,3511.463057,3520.912307,3503.038217,3512.829245,641736,FINTRACE_SYNTHETIC,DEMO
2026-07-04,s2,TCS,Tata Consultancy Services Ltd,IT Services,EQUITY,3504.055364,3514.058916,3496.91556,3505.300623,673412,FINTRACE_SYNTHETIC,DEMO
2026-07-05,s2,TCS,Tata Consultancy Services Ltd,IT Services,EQUITY,3494.971395,3503.884867,3486.444184,3496.061514,705088,FINTRACE_SYNTHETIC,DEMO
2026-07-06,s2,TCS,Tata Consultancy Services Ltd,IT Services,EQUITY,3485.116265,3493.85001,3476.620519,3486.035508,736764,FINTRACE_SYNTHETIC,DEMO
2026-07-07,s2,TCS,Tata Consultancy Services Ltd,IT Services,EQUITY,3475.446836,3484.885663,3468.380719,3476.198991,768440,FINTRACE_SYNTHETIC,DEMO
2026-07-08,s2,TCS,Tata Consultancy Services Ltd,IT Services,EQUITY,3466.879691,3475.453647,3458.552604,3467.487254,800116,FINTRACE_SYNTHETIC,DEMO
2026-07-09,s2,TCS,Tata Consultancy Services Ltd,IT Services,EQUITY,3460.203071,3468.240203,3451.665211,3460.704625,831792,FINTRACE_SYNTHETIC,DEMO
2026-07-10,s2,TCS,Tata Consultancy Services Ltd,IT Services,EQUITY,3456.001163,3465.051098,3448.73241,3456.447212,863468,FINTRACE_SYNTHETIC,DEMO
2026-07-11,s2,TCS,Tata Consultancy Services Ltd,IT Services,EQUITY,3454.597954,3463.169093,3446.459274,3455.045614,895144,FINTRACE_SYNTHETIC,DEMO
2026-07-12,s2,TCS,Tata Consultancy Services Ltd,IT Services,EQUITY,3456.026023,3463.825417,3447.428082,3456.533075,926820,FINTRACE_SYNTHETIC,DEMO
2026-07-13,s2,TCS,Tata Consultancy Services Ltd,IT Services,EQUITY,3460.023232,3469.189081,3452.510715,3460.642108,958496,FINTRACE_SYNTHETIC,DEMO
2026-07-14,s2,TCS,Tata Consultancy Services Ltd,IT Services,EQUITY,3466.057638,3475.143035,3458.076084,3466.829913,990172,FINTRACE_SYNTHETIC,DEMO
2026-07-15,s2,TCS,Tata Consultancy Services Ltd,IT Services,EQUITY,3473.378255,3481.417079,3464.700317,3474.330178,1021848,FINTRACE_SYNTHETIC,DEMO
2026-07-16,s2,TCS,Tata Consultancy Services Ltd,IT Services,EQUITY,3481.086818,3490.72607,3473.303759,3482.226306,1053524,FINTRACE_SYNTHETIC,DEMO
2026-07-17,s2,TCS,Tata Consultancy Services Ltd,IT Services,EQUITY,3488.223717,3498.041886,3480.39756,3489.539105,1085200,FINTRACE_SYNTHETIC,DEMO
2026-07-18,s2,TCS,Tata Consultancy Services Ltd,IT Services,EQUITY,3493.859902,3502.419366,3485.128601,3495.320562,1116876,FINTRACE_SYNTHETIC,DEMO
2026-07-19,s2,TCS,Tata Consultancy Services Ltd,IT Services,EQUITY,3497.185987,3507.15299,3489.157593,3498.744774,1148552,FINTRACE_SYNTHETIC,DEMO
2026-07-20,s2,TCS,Tata Consultancy Services Ltd,IT Services,EQUITY,3497.590076,3507.818645,3489.966952,3499.187358,1180228,FINTRACE_SYNTHETIC,DEMO
2026-07-21,s2,TCS,Tata Consultancy Services Ltd,IT Services,EQUITY,3494.716866,3503.631665,3486.016138,3496.285758,1211904,FINTRACE_SYNTHETIC,DEMO
2026-07-22,s2,TCS,Tata Consultancy Services Ltd,IT Services,EQUITY,3488.502405,3498.202157,3480.305769,3489.974721,1243580,FINTRACE_SYNTHETIC,DEMO
2026-07-23,s2,TCS,Tata Consultancy Services Ltd,IT Services,EQUITY,3479.181182,3489.150621,3471.833551,3480.493517,1275256,FINTRACE_SYNTHETIC,DEMO
2026-07-24,s2,TCS,Tata Consultancy Services Ltd,IT Services,EQUITY,3467.264859,3475.887662,3458.698918,3468.364251,1306932,FINTRACE_SYNTHETIC,DEMO
2026-07-25,s2,TCS,Tata Consultancy Services Ltd,IT Services,EQUITY,3453.494684,3462.303951,3445.21818,3454.343299,1338608,FINTRACE_SYNTHETIC,DEMO
2026-07-26,s2,TCS,Tata Consultancy Services Ltd,IT Services,EQUITY,3438.772099,3447.942802,3431.750145,3439.350502,1370284,FINTRACE_SYNTHETIC,DEMO
2026-07-27,s2,TCS,Tata Consultancy Services Ltd,IT Services,EQUITY,3424.07417,3432.032453,3415.712791,3424.382864,451960,FINTRACE_SYNTHETIC,DEMO
2026-07-28,s2,TCS,Tata Consultancy Services Ltd,IT Services,EQUITY,3410.361872,3418.079152,3402.05571,3410.420971,483636,FINTRACE_SYNTHETIC,DEMO
2026-07-29,s2,TCS,Tata Consultancy Services Ltd,IT Services,EQUITY,3398.489984,3406.9834,3391.442718,3398.337047,515312,FINTRACE_SYNTHETIC,DEMO
2026-07-30,s2,TCS,Tata Consultancy Services Ltd,IT Services,EQUITY,3389.127169,3396.901438,3380.664953,3388.813402,546988,FINTRACE_SYNTHETIC,DEMO
2026-07-31,s2,TCS,Tata Consultancy Services Ltd,IT Services,EQUITY,3382.69385,3390.073534,3373.938827,3382.279039,578664,FINTRACE_SYNTHETIC,DEMO
2026-08-01,s2,TCS,Tata Consultancy Services Ltd,IT Services,EQUITY,3379.323797,3387.738728,3371.778573,3378.870457,610340,FINTRACE_SYNTHETIC,DEMO
2026-08-02,s2,TCS,Tata Consultancy Services Ltd,IT Services,EQUITY,3378.853078,3386.786724,3370.450711,3378.42038,642016,FINTRACE_SYNTHETIC,DEMO
2026-08-03,s2,TCS,Tata Consultancy Services Ltd,IT Services,EQUITY,3380.837422,3387.98465,3372.068831,3380.475468,673692,FINTRACE_SYNTHETIC,DEMO
2026-08-04,s2,TCS,Tata Consultancy Services Ltd,IT Services,EQUITY,3384.596322,3392.960547,3377.007229,3384.341329,705368,FINTRACE_SYNTHETIC,DEMO
2026-08-05,s2,TCS,Tata Consultancy Services Ltd,IT Services,EQUITY,3389.279677,3397.397704,3381.33416,3389.15051,737044,FINTRACE_SYNTHETIC,DEMO
2026-08-06,s2,TCS,Tata Consultancy Services Ltd,IT Services,EQUITY,3393.950598,3400.888509,3385.46878,3393.947004,768720,FINTRACE_SYNTHETIC,DEMO
2026-08-07,s2,TCS,Tata Consultancy Services Ltd,IT Services,EQUITY,3397.676485,3406.079848,3390.093207,3397.779177,800396,FINTRACE_SYNTHETIC,DEMO
2026-08-08,s2,TCS,Tata Consultancy Services Ltd,IT Services,EQUITY,3399.619677,3408.068985,3391.979204,3399.792274,832072,FINTRACE_SYNTHETIC,DEMO
2026-08-09,s2,TCS,Tata Consultancy Services Ltd,IT Services,EQUITY,3399.119027,3406.200452,3390.623623,3399.311656,863748,FINTRACE_SYNTHETIC,DEMO
2026-08-10,s2,TCS,Tata Consultancy Services Ltd,IT Services,EQUITY,3395.754621,3404.078749,3387.971239,3395.908836,895424,FINTRACE_SYNTHETIC,DEMO
2026-08-11,s2,TCS,Tata Consultancy Services Ltd,IT Services,EQUITY,3389.389448,3397.79915,3381.988175,3389.44401,927100,FINTRACE_SYNTHETIC,DEMO
2026-08-12,s2,TCS,Tata Consultancy Services Ltd,IT Services,EQUITY,3380.184061,3387.271367,3371.662725,3380.081005,958776,FINTRACE_SYNTHETIC,DEMO
2026-08-13,s2,TCS,Tata Consultancy Services Ltd,IT Services,EQUITY,3368.582804,3376.534443,3360.369795,3368.273237,990452,FINTRACE_SYNTHETIC,DEMO
2026-08-14,s2,TCS,Tata Consultancy Services Ltd,IT Services,EQUITY,3355.272928,3363.615181,3347.622734,3354.721978,1022128,FINTRACE_SYNTHETIC,DEMO
2026-08-15,s2,TCS,Tata Consultancy Services Ltd,IT Services,EQUITY,3341.120463,3348.353926,3332.053696,3340.310935,1053804,FINTRACE_SYNTHETIC,DEMO
2026-08-16,s2,TCS,Tata Consultancy Services Ltd,IT Services,EQUITY,3327.088984,3334.768012,3318.061353,3326.023347,1085480,FINTRACE_SYNTHETIC,DEMO
2026-08-17,s2,TCS,Tata Consultancy Services Ltd,IT Services,EQUITY,3314.148974,3322.427195,3306.070078,3312.849503,1117156,FINTRACE_SYNTHETIC,DEMO
2026-08-18,s2,TCS,Tata Consultancy Services Ltd,IT Services,EQUITY,3303.186448,3310.55235,3293.62419,3301.693501,1148832,FINTRACE_SYNTHETIC,DEMO
2026-08-19,s2,TCS,Tata Consultancy Services Ltd,IT Services,EQUITY,3294.919525,3302.331017,3285.274304,3293.288113,1180508,FINTRACE_SYNTHETIC,DEMO
2026-08-20,s2,TCS,Tata Consultancy Services Ltd,IT Services,EQUITY,3289.830901,3298.053532,3281.469679,3288.125888,1212184,FINTRACE_SYNTHETIC,DEMO
2026-08-21,s2,TCS,Tata Consultancy Services Ltd,IT Services,EQUITY,3288.122664,3295.653429,3278.502314,3286.413036,1243860,FINTRACE_SYNTHETIC,DEMO
2026-08-22,s2,TCS,Tata Consultancy Services Ltd,IT Services,EQUITY,3289.697737,3296.888082,3279.947989,3288.050501,1275536,FINTRACE_SYNTHETIC,DEMO
2026-08-23,s2,TCS,Tata Consultancy Services Ltd,IT Services,EQUITY,3294.169734,3302.375441,3285.747404,3292.644012,1307212,FINTRACE_SYNTHETIC,DEMO
2026-08-24,s2,TCS,Tata Consultancy Services Ltd,IT Services,EQUITY,3300.900272,3308.640349,3291.748443,3299.542156,1338888,FINTRACE_SYNTHETIC,DEMO
2026-08-25,s2,TCS,Tata Consultancy Services Ltd,IT Services,EQUITY,3309.060189,3316.069921,3299.676099,3307.89885,1370564,FINTRACE_SYNTHETIC,DEMO
2026-08-26,s2,TCS,Tata Consultancy Services Ltd,IT Services,EQUITY,3317.708819,3325.912592,3309.580453,3316.75423,452240,FINTRACE_SYNTHETIC,DEMO
2026-08-27,s2,TCS,Tata Consultancy Services Ltd,IT Services,EQUITY,3325.88378,3333.840893,3317.445991,3325.126275,483916,FINTRACE_SYNTHETIC,DEMO
2026-08-28,s2,TCS,Tata Consultancy Services Ltd,IT Services,EQUITY,3332.692701,3339.520075,3323.782032,3332.104402,515592,FINTRACE_SYNTHETIC,DEMO
2026-08-29,s2,TCS,Tata Consultancy Services Ltd,IT Services,EQUITY,3337.398156,3345.55811,3329.501537,3336.936134,547268,FINTRACE_SYNTHETIC,DEMO
2026-08-30,s2,TCS,Tata Consultancy Services Ltd,IT Services,EQUITY,3339.487692,3347.610221,3331.581299,3339.098562,578944,FINTRACE_SYNTHETIC,DEMO
2026-08-31,s2,TCS,Tata Consultancy Services Ltd,IT Services,EQUITY,3338.722297,3345.473548,3330.003557,3338.347794,610620,FINTRACE_SYNTHETIC,DEMO
2026-09-01,s2,TCS,Tata Consultancy Services Ltd,IT Services,EQUITY,3335.158672,3343.191001,3327.110172,3334.741691,642296,FINTRACE_SYNTHETIC,DEMO
2026-09-02,s2,TCS,Tata Consultancy Services Ltd,IT Services,EQUITY,3329.143197,3337.344221,3321.351418,3328.633699,673972,FINTRACE_SYNTHETIC,DEMO
2026-09-03,s2,TCS,Tata Consultancy Services Ltd,IT Services,EQUITY,3321.278164,3328.227527,3312.365389,3320.638403,705648,FINTRACE_SYNTHETIC,DEMO
2026-09-04,s2,TCS,Tata Consultancy Services Ltd,IT Services,EQUITY,3312.3635,3320.192541,3303.812272,3311.572055,737324,FINTRACE_SYNTHETIC,DEMO
2026-09-05,s2,TCS,Tata Consultancy Services Ltd,IT Services,EQUITY,3303.319543,3311.529164,3295.371111,3302.373776,769000,FINTRACE_SYNTHETIC,DEMO
2026-09-06,s2,TCS,Tata Consultancy Services Ltd,IT Services,EQUITY,3295.098241,3302.218279,3285.867395,3294.01494,800676,FINTRACE_SYNTHETIC,DEMO
2025-12-29,s3,INFY,Infosys Ltd,IT Services,EQUITY,1752.979551,1756.977912,1748.597102,1753.47097,450000,FINTRACE_SYNTHETIC,DEMO
2025-12-30,s3,INFY,Infosys Ltd,IT Services,EQUITY,1753.329037,1758.087233,1749.348715,1753.841646,489595,FINTRACE_SYNTHETIC,DEMO
2025-12-31,s3,INFY,Infosys Ltd,IT Services,EQUITY,1752.232255,1757.03889,1748.363197,1752.736538,529190,FINTRACE_SYNTHETIC,DEMO
2026-01-01,s3,INFY,Infosys Ltd,IT Services,EQUITY,1749.873952,1753.968356,1745.508023,1750.344163,568785,FINTRACE_SYNTHETIC,DEMO
2026-01-02,s3,INFY,Infosys Ltd,IT Services,EQUITY,1746.55363,1751.125133,1742.489711,1746.970137,608380,FINTRACE_SYNTHETIC,DEMO
2026-01-03,s3,INFY,Infosys Ltd,IT Services,EQUITY,1742.65628,1747.329027,1738.923804,1743.007306,647975,FINTRACE_SYNTHETIC,DEMO
2026-01-04,s3,INFY,Infosys Ltd,IT Services,EQUITY,1738.615008,1742.61835,1734.303095,1738.897617,687570,FINTRACE_SYNTHETIC,DEMO
2026-01-05,s3,INFY,Infosys Ltd,IT Services,EQUITY,1734.869103,1739.129466,1730.745404,1735.089322,727165,FINTRACE_SYNTHETIC,DEMO
2026-01-06,s3,INFY,Infosys Ltd,IT Services,EQUITY,1731.821554,1736.314404,1728.231921,1731.993636,766760,FINTRACE_SYNTHETIC,DEMO
2026-01-07,s3,INFY,Infosys Ltd,IT Services,EQUITY,1729.800074,1733.761319,1725.552437,1729.944958,806355,FINTRACE_SYNTHETIC,DEMO
2026-01-08,s3,INFY,Infosys Ltd,IT Services,EQUITY,1729.025334,1733.097153,1724.841895,1729.168464,845950,FINTRACE_SYNTHETIC,DEMO
2026-01-09,s3,INFY,Infosys Ltd,IT Services,EQUITY,1729.589459,1734.082546,1726.126453,1729.758159,885545,FINTRACE_SYNTHETIC,DEMO
2026-01-10,s3,INFY,Infosys Ltd,IT Services,EQUITY,1731.446821,1735.595402,1727.253383,1731.667484,925140,FINTRACE_SYNTHETIC,DEMO
2026-01-11,s3,INFY,Infosys Ltd,IT Services,EQUITY,1734.418016,1738.547234,1730.162234,1734.713372,964735,FINTRACE_SYNTHETIC,DEMO
2026-01-12,s3,INFY,Infosys Ltd,IT Services,EQUITY,1738.206648,1742.931699,1734.611396,1738.593381,1004330,FINTRACE_SYNTHETIC,DEMO
2026-01-13,s3,INFY,Infosys Ltd,IT Services,EQUITY,1742.427323,1746.966776,1738.280618,1742.914249,1043925,FINTRACE_SYNTHETIC,DEMO
2026-01-14,s3,INFY,Infosys Ltd,IT Services,EQUITY,1746.642178,1750.975154,1742.312549,1747.229179,1083520,FINTRACE_SYNTHETIC,DEMO
2026-01-15,s3,INFY,Infosys Ltd,IT Services,EQUITY,1750.402472,1755.424174,1746.660844,1751.080271,1123115,FINTRACE_SYNTHETIC,DEMO
2026-01-16,s3,INFY,Infosys Ltd,IT Services,EQUITY,1753.291274,1758.208801,1749.205828,1754.042086,1162710,FINTRACE_SYNTHETIC,DEMO
2026-01-17,s3,INFY,Infosys Ltd,IT Services,EQUITY,1754.963171,1759.405259,1750.585675,1755.76216,1202305,FINTRACE_SYNTHETIC,DEMO
2026-01-18,s3,INFY,Infosys Ltd,IT Services,EQUITY,1755.17722,1760.308188,1751.308738,1755.994635,1241900,FINTRACE_SYNTHETIC,DEMO
2026-01-19,s3,INFY,Infosys Ltd,IT Services,EQUITY,1753.819998,1758.867027,1749.832049,1754.623772,1281495,FINTRACE_SYNTHETIC,DEMO
2026-01-20,s3,INFY,Infosys Ltd,IT Services,EQUITY,1750.916554,1755.186233,1746.539297,1751.675131,1321090,FINTRACE_SYNTHETIC,DEMO
2026-01-21,s3,INFY,Infosys Ltd,IT Services,EQUITY,1746.628212,1751.547262,1742.669625,1747.313329,1360685,FINTRACE_SYNTHETIC,DEMO
2026-01-22,s3,INFY,Infosys Ltd,IT Services,EQUITY,1741.237448,1746.09894,1737.385675,1741.826606,450280,FINTRACE_SYNTHETIC,DEMO
2026-01-23,s3,INFY,Infosys Ltd,IT Services,EQUITY,1735.121261,1739.185711,1730.79109,1735.599657,489875,FINTRACE_SYNTHETIC,DEMO
2026-01-24,s3,INFY,Infosys Ltd,IT Services,EQUITY,1728.715597,1733.194738,1724.698997,1729.077322,529470,FINTRACE_SYNTHETIC,DEMO
2026-01-25,s3,INFY,Infosys Ltd,IT Services,EQUITY,1722.474195,1726.991832,1718.777646,1722.722602,569065,FINTRACE_SYNTHETIC,DEMO
2026-01-26,s3,INFY,Infosys Ltd,IT Services,EQUITY,1716.825792,1720.639498,1712.565827,1716.972983,608660,FINTRACE_SYNTHETIC,DEMO
2026-01-27,s3,INFY,Infosys Ltd,IT Services,EQUITY,1712.133759,1716.191786,1708.069104,1712.199251,648255,FINTRACE_SYNTHETIC,DEMO
2026-01-28,s3,INFY,Infosys Ltd,IT Services,EQUITY,1708.662009,1712.932158,1705.112903,1708.670706,687850,FINTRACE_SYNTHETIC,DEMO
2026-01-29,s3,INFY,Infosys Ltd,IT Services,EQUITY,1706.550431,1710.308288,1702.336514,1706.530092,727445,FINTRACE_SYNTHETIC,DEMO
2026-01-30,s3,INFY,Infosys Ltd,IT Services,EQUITY,1705.802189,1709.684106,1701.657574,1705.780637,767040,FINTRACE_SYNTHETIC,DEMO
2026-01-31,s3,INFY,Infosys Ltd,IT Services,EQUITY,1706.284082,1710.552062,1702.860186,1706.286421,806635,FINTRACE_SYNTHETIC,DEMO
2026-02-01,s3,INFY,Infosys Ltd,IT Services,EQUITY,1707.739947,1711.653407,1703.599898,1707.786055,846230,FINTRACE_SYNTHETIC,DEMO
2026-02-02,s3,INFY,Infosys Ltd,IT Services,EQUITY,1709.815807,1713.704252,1705.623602,1709.918337,885825,FINTRACE_SYNTHETIC,DEMO
2026-02-03,s3,INFY,Infosys Ltd,IT Services,EQUITY,1712.09437,1716.531064,1708.560638,1712.257458,925420,FINTRACE_SYNTHETIC,DEMO
2026-02-04,s3,INFY,Infosys Ltd,IT Services,EQUITY,1714.135583,1718.334721,1710.0513,1714.354387,965015,FINTRACE_SYNTHETIC,DEMO
2026-02-05,s3,INFY,Infosys Ltd,IT Services,EQUITY,1715.51938,1719.466294,1711.269118,1715.780482,1004610,FINTRACE_SYNTHETIC,DEMO
2026-02-06,s3,INFY,Infosys Ltd,IT Services,EQUITY,1715.88653,1720.428537,1712.225992,1716.169181,1044205,FINTRACE_SYNTHETIC,DEMO
2026-02-07,s3,INFY,Infosys Ltd,IT Services,EQUITY,1714.973697,1719.321308,1710.971859,1715.251776,1083800,FINTRACE_SYNTHETIC,DEMO
2026-02-08,s3,INFY,Infosys Ltd,IT Services,EQUITY,1712.639367,1716.445483,1708.36861,1712.883864,1123395,FINTRACE_SYNTHETIC,DEMO
2026-02-09,s3,INFY,Infosys Ltd,IT Services,EQUITY,1708.878161,1713.261271,1705.118641,1709.059956,1162990,FINTRACE_SYNTHETIC,DEMO
2026-02-10,s3,INFY,Infosys Ltd,IT Services,EQUITY,1703.822159,1708.031294,1699.941608,1703.914828,1202585,FINTRACE_SYNTHETIC,DEMO
2026-02-11,s3,INFY,Infosys Ltd,IT Services,EQUITY,1697.729126,1701.139611,1693.467359,1697.711505,1242180,FINTRACE_SYNTHETIC,DEMO
2026-02-12,s3,INFY,Infosys Ltd,IT Services,EQUITY,1690.958733,1695.060072,1686.991252,1690.816998,1281775,FINTRACE_SYNTHETIC,DEMO
2026-02-13,s3,INFY,Infosys Ltd,IT Services,EQUITY,1683.939054,1688.06621,1679.936958,1683.668117,1321370,FINTRACE_SYNTHETIC,DEMO
2026-02-14,s3,INFY,Infosys Ltd,IT Services,EQUITY,1677.126519,1680.584396,1672.545207,1676.730608,1360965,FINTRACE_SYNTHETIC,DEMO
2026-02-15,s3,INFY,Infosys Ltd,IT Services,EQUITY,1670.963147,1674.946936,1666.579932,1670.455509,450560,FINTRACE_SYNTHETIC,DEMO
2026-02-16,s3,INFY,Infosys Ltd,IT Services,EQUITY,1665.835115,1669.961182,1661.656129,1665.236881,490155,FINTRACE_SYNTHETIC,DEMO
2026-02-17,s3,INFY,Infosys Ltd,IT Services,EQUITY,1662.036632,1665.578744,1657.250601,1661.374936,529750,FINTRACE_SYNTHETIC,DEMO
2026-02-18,s3,INFY,Infosys Ltd,IT Services,EQUITY,1659.74254,1663.618229,1655.114351,1659.048082,569345,FINTRACE_SYNTHETIC,DEMO
2026-02-19,s3,INFY,Infosys Ltd,IT Services,EQUITY,1658.992255,1663.128643,1654.844806,1658.296543,608940,FINTRACE_SYNTHETIC,DEMO
2026-02-20,s3,INFY,Infosys Ltd,IT Services,EQUITY,1659.686587,1663.334516,1654.939339,1659.019102,648535,FINTRACE_SYNTHETIC,DEMO
2026-02-21,s3,INFY,Infosys Ltd,IT Services,EQUITY,1661.597722,1665.385159,1656.972596,1660.983297,688130,FINTRACE_SYNTHETIC,DEMO
2026-02-22,s3,INFY,Infosys Ltd,IT Services,EQUITY,1664.391425,1668.5522,1660.501968,1663.848072,727725,FINTRACE_SYNTHETIC,DEMO
2026-02-23,s3,INFY,Infosys Ltd,IT Services,EQUITY,1667.659339,1671.429543,1663.151099,1667.196735,767320,FINTRACE_SYNTHETIC,DEMO
2026-02-24,s3,INFY,Infosys Ltd,IT Services,EQUITY,1670.958299,1674.664622,1666.484275,1670.577078,806915,FINTRACE_SYNTHETIC,DEMO
2026-02-25,s3,INFY,Infosys Ltd,IT Services,EQUITY,1673.852912,1678.031579,1670.098005,1673.544822,846510,FINTRACE_SYNTHETIC,DEMO
2026-02-26,s3,INFY,Infosys Ltd,IT Services,EQUITY,1675.957343,1679.842831,1671.708794,1675.706258,886105,FINTRACE_SYNTHETIC,DEMO
2026-02-27,s3,INFY,Infosys Ltd,IT Services,EQUITY,1676.972323,1680.581847,1672.604015,1676.756009,925700,FINTRACE_SYNTHETIC,DEMO
2026-02-28,s3,INFY,Infosys Ltd,IT Services,EQUITY,1676.713841,1680.877221,1672.936942,1676.506309,965295,FINTRACE_SYNTHETIC,DEMO
2026-03-01,s3,INFY,Infosys Ltd,IT Services,EQUITY,1675.130799,1679.100172,1670.991177,1674.905017,1004890,FINTRACE_SYNTHETIC,DEMO
2026-03-02,s3,INFY,Infosys Ltd,IT Services,EQUITY,1672.309929,1675.794485,1667.872325,1672.040636,1044485,FINTRACE_SYNTHETIC,DEMO
2026-03-03,s3,INFY,Infosys Ltd,IT Services,EQUITY,1668.467525,1672.571977,1664.47077,1668.133873,1084080,FINTRACE_SYNTHETIC,DEMO
2026-03-04,s3,INFY,Infosys Ltd,IT Services,EQUITY,1663.92875,1667.9445,1659.721668,1663.516527,1123675,FINTRACE_SYNTHETIC,DEMO
2026-03-05,s3,INFY,Infosys Ltd,IT Services,EQUITY,1659.096517,1662.436735,1654.453527,1658.599734,1163270,FINTRACE_SYNTHETIC,DEMO
2026-03-06,s3,INFY,Infosys Ltd,IT Services,EQUITY,1654.412897,1658.429414,1650.098765,1653.834587,1202865,FINTRACE_SYNTHETIC,DEMO
2026-03-07,s3,INFY,Infosys Ltd,IT Services,EQUITY,1650.316737,1654.358303,1646.006507,1649.66889,1242460,FINTRACE_SYNTHETIC,DEMO
2026-03-08,s3,INFY,Infosys Ltd,IT Services,EQUITY,1647.201535,1650.590475,1642.39335,1646.504169,1282055,FINTRACE_SYNTHETIC,DEMO
2026-03-09,s3,INFY,Infosys Ltd,IT Services,EQUITY,1645.377573,1649.305,1640.84693,1644.657041,1321650,FINTRACE_SYNTHETIC,DEMO
2026-03-10,s3,INFY,Infosys Ltd,IT Services,EQUITY,1645.041948,1649.114294,1640.785899,1644.328623,1361245,FINTRACE_SYNTHETIC,DEMO
2026-03-11,s3,INFY,Infosys Ltd,IT Services,EQUITY,1646.259328,1649.760776,1641.497888,1645.584905,450840,FINTRACE_SYNTHETIC,DEMO
2026-03-12,s3,INFY,Infosys Ltd,IT Services,EQUITY,1648.955293,1652.811187,1644.446495,1648.349947,490435,FINTRACE_SYNTHETIC,DEMO
2026-03-13,s3,INFY,Infosys Ltd,IT Services,EQUITY,1652.922891,1657.042922,1648.965874,1652.412573,530030,FINTRACE_SYNTHETIC,DEMO
2026-03-14,s3,INFY,Infosys Ltd,IT Services,EQUITY,1657.841782,1661.478906,1653.367139,1657.445907,569625,FINTRACE_SYNTHETIC,DEMO
2026-03-15,s3,INFY,Infosys Ltd,IT Services,EQUITY,1663.308155,1667.105577,1659.026373,1663.037896,609220,FINTRACE_SYNTHETIC,DEMO
2026-03-16,s3,INFY,Infosys Ltd,IT Services,EQUITY,1668.872566,1673.044347,1665.366619,1668.729924,648815,FINTRACE_SYNTHETIC,DEMO
2026-03-17,s3,INFY,Infosys Ltd,IT Services,EQUITY,1674.082091,1677.860476,1669.993696,1674.059823,688410,FINTRACE_SYNTHETIC,DEMO
2026-03-18,s3,INFY,Infosys Ltd,IT Services,EQUITY,1678.522785,1682.335156,1674.413786,1678.605201,728005,FINTRACE_SYNTHETIC,DEMO
2026-03-19,s3,INFY,Infosys Ltd,IT Services,EQUITY,1681.858397,1686.222861,1678.401852,1682.022943,767600,FINTRACE_SYNTHETIC,DEMO
2026-03-20,s3,INFY,Infosys Ltd,IT Services,EQUITY,1683.861652,1687.979692,1679.840013,1684.081138,807195,FINTRACE_SYNTHETIC,DEMO
2026-03-21,s3,INFY,Infosys Ltd,IT Services,EQUITY,1684.435136,1688.313589,1680.26643,1684.680383,846790,FINTRACE_SYNTHETIC,DEMO
2026-03-22,s3,INFY,Infosys Ltd,IT Services,EQUITY,1683.619775,1688.045461,1680.04247,1683.86244,886385,FINTRACE_SYNTHETIC,DEMO
2026-03-23,s3,INFY,Infosys Ltd,IT Services,EQUITY,1681.590126,1685.785579,1677.655185,1681.805427,925980,FINTRACE_SYNTHETIC,DEMO
2026-03-24,s3,INFY,Infosys Ltd,IT Services,EQUITY,1678.636911,1682.31141,1674.453432,1678.805999,965575,FINTRACE_SYNTHETIC,DEMO
2026-03-25,s3,INFY,Infosys Ltd,IT Services,EQUITY,1675.138487,1679.374248,1671.466836,1675.250235,1005170,FINTRACE_SYNTHETIC,DEMO
2026-03-26,s3,INFY,Infosys Ltd,IT Services,EQUITY,1671.523951,1675.606009,1667.704728,1671.575991,1044765,FINTRACE_SYNTHETIC,DEMO
2026-03-27,s3,INFY,Infosys Ltd,IT Services,EQUITY,1668.231429,1671.597418,1664.060279,1668.230332,1084360,FINTRACE_SYNTHETIC,DEMO
2026-03-28,s3,INFY,Infosys Ltd,IT Services,EQUITY,1665.665496,1669.713121,1661.869956,1665.62609,1123955,FINTRACE_SYNTHETIC,DEMO
2026-03-29,s3,INFY,Infosys Ltd,IT Services,EQUITY,1664.157827,1668.230018,1660.400686,1664.101709,1163550,FINTRACE_SYNTHETIC,DEMO
2026-03-30,s3,INFY,Infosys Ltd,IT Services,EQUITY,1663.934803,1667.350851,1659.733157,1663.888191,1203145,FINTRACE_SYNTHETIC,DEMO
2026-03-31,s3,INFY,Infosys Ltd,IT Services,EQUITY,1665.095185,1669.074318,1661.234598,1665.086312,1242740,FINTRACE_SYNTHETIC,DEMO
2026-04-01,s3,INFY,Infosys Ltd,IT Services,EQUITY,1667.599977,1671.782296,1664.000105,1667.656279,1282335,FINTRACE_SYNTHETIC,DEMO
2026-04-02,s3,INFY,Infosys Ltd,IT Services,EQUITY,1671.275448,1674.968618,1667.12278,1671.420817,1321930,FINTRACE_SYNTHETIC,DEMO
2026-04-03,s3,INFY,Infosys Ltd,IT Services,EQUITY,1675.829041,1680.006162,1671.86556,1676.081398,1361525,FINTRACE_SYNTHETIC,DEMO
2026-04-04,s3,INFY,Infosys Ltd,IT Services,EQUITY,1680.876639,1685.435384,1677.363245,1681.246066,451120,FINTRACE_SYNTHETIC,DEMO
2026-04-05,s3,INFY,Infosys Ltd,IT Services,EQUITY,1685.9786,1690.159235,1681.826753,1686.466205,490715,FINTRACE_SYNTHETIC,DEMO
2026-04-06,s3,INFY,Infosys Ltd,IT Services,EQUITY,1690.681129,1695.146193,1686.607189,1691.278762,530310,FINTRACE_SYNTHETIC,DEMO
2026-04-07,s3,INFY,Infosys Ltd,IT Services,EQUITY,1694.559047,1699.48733,1691.136189,1695.249878,569905,FINTRACE_SYNTHETIC,DEMO
2026-04-08,s3,INFY,Infosys Ltd,IT Services,EQUITY,1697.255874,1701.84174,1693.129575,1698.0158,609500,FINTRACE_SYNTHETIC,DEMO
2026-04-09,s3,INFY,Infosys Ltd,IT Services,EQUITY,1698.517419,1703.099849,1694.362841,1699.317147,649095,FINTRACE_SYNTHETIC,DEMO
2026-04-10,s3,INFY,Infosys Ltd,IT Services,EQUITY,1698.215663,1703.266454,1694.732975,1699.023291,688690,FINTRACE_SYNTHETIC,DEMO
2026-04-11,s3,INFY,Infosys Ltd,IT Services,EQUITY,1696.360677,1701.067445,1692.304483,1697.144505,728285,FINTRACE_SYNTHETIC,DEMO
2026-04-12,s3,INFY,Infosys Ltd,IT Services,EQUITY,1693.09942,1697.490798,1688.911651,1693.830749,767880,FINTRACE_SYNTHETIC,DEMO
2026-04-13,s3,INFY,Infosys Ltd,IT Services,EQUITY,1688.701552,1693.555691,1685.120695,1689.357186,807475,FINTRACE_SYNTHETIC,DEMO
2026-04-14,s3,INFY,Infosys Ltd,IT Services,EQUITY,1683.533603,1688.07831,1679.588674,1684.097825,847070,FINTRACE_SYNTHETIC,DEMO
2026-04-15,s3,INFY,Infosys Ltd,IT Services,EQUITY,1678.023962,1682.001857,1673.843351,1678.489801,886665,FINTRACE_SYNTHETIC,DEMO
2026-04-16,s3,INFY,Infosys Ltd,IT Services,EQUITY,1672.622038,1677.112954,1668.962752,1672.991691,926260,FINTRACE_SYNTHETIC,DEMO
2026-04-17,s3,INFY,Infosys Ltd,IT Services,EQUITY,1667.755461,1672.057112,1663.938801,1668.039852,965855,FINTRACE_SYNTHETIC,DEMO
2026-04-18,s3,INFY,Infosys Ltd,IT Services,EQUITY,1663.789425,1667.371758,1659.630766,1664.006934,1005450,FINTRACE_SYNTHETIC,DEMO
2026-04-19,s3,INFY,Infosys Ltd,IT Services,EQUITY,1660.992042,1665.206934,1657.252697,1661.166519,1045045,FINTRACE_SYNTHETIC,DEMO
2026-04-20,s3,INFY,Infosys Ltd,IT Services,EQUITY,1659.509007,1663.725158,1655.811646,1659.667275,1084640,FINTRACE_SYNTHETIC,DEMO
2026-04-21,s3,INFY,Infosys Ltd,IT Services,EQUITY,1659.349981,1662.918736,1655.205533,1659.519061,1124235,FINTRACE_SYNTHETIC,DEMO
2026-04-22,s3,INFY,Infosys Ltd,IT Services,EQUITY,1660.388008,1664.56528,1656.55291,1660.592329,1163830,FINTRACE_SYNTHETIC,DEMO
2026-04-23,s3,INFY,Infosys Ltd,IT Services,EQUITY,1662.372003,1666.742088,1658.77645,1662.630871,1203425,FINTRACE_SYNTHETIC,DEMO
2026-04-24,s3,INFY,Infosys Ltd,IT Services,EQUITY,1664.951122,1668.804289,1660.812393,1665.276682,1243020,FINTRACE_SYNTHETIC,DEMO
2026-04-25,s3,INFY,Infosys Ltd,IT Services,EQUITY,1667.708693,1672.016042,1663.769484,1668.104588,1282615,FINTRACE_SYNTHETIC,DEMO
2026-04-26,s3,INFY,Infosys Ltd,IT Services,EQUITY,1670.202473,1674.824901,1666.704126,1670.663318,1322210,FINTRACE_SYNTHETIC,DEMO
2026-04-27,s3,INFY,Infosys Ltd,IT Services,EQUITY,1672.007373,1676.174739,1667.887153,1672.519111,1361805,FINTRACE_SYNTHETIC,DEMO
2026-04-28,s3,INFY,Infosys Ltd,IT Services,EQUITY,1672.756604,1677.130052,1668.730128,1673.297689,451400,FINTRACE_SYNTHETIC,DEMO
2026-04-29,s3,INFY,Infosys Ltd,IT Services,EQUITY,1672.177289,1676.90142,1668.792248,1672.720609,490995,FINTRACE_SYNTHETIC,DEMO
2026-04-30,s3,INFY,Infosys Ltd,IT Services,EQUITY,1670.117165,1674.390347,1666.053129,1670.632499,530590,FINTRACE_SYNTHETIC,DEMO
2026-05-01,s3,INFY,Infosys Ltd,IT Services,EQUITY,1666.55981,1670.733968,1662.486763,1667.016601,570185,FINTRACE_SYNTHETIC,DEMO
2026-05-02,s3,INFY,Infosys Ltd,IT Services,EQUITY,1661.626952,1666.148539,1658.226618,1661.99713,609780,FINTRACE_SYNTHETIC,DEMO
2026-05-03,s3,INFY,Infosys Ltd,IT Services,EQUITY,1655.567629,1659.64989,1651.604437,1655.828205,649375,FINTRACE_SYNTHETIC,DEMO
2026-05-04,s3,INFY,Infosys Ltd,IT Services,EQUITY,1648.735232,1652.440225,1644.659571,1648.870428,688970,FINTRACE_SYNTHETIC,DEMO
2026-05-05,s3,INFY,Infosys Ltd,IT Services,EQUITY,1641.554611,1645.63875,1638.080787,1641.557321,728565,FINTRACE_SYNTHETIC,DEMO
2026-05-06,s3,INFY,Infosys Ltd,IT Services,EQUITY,1634.482387,1638.340613,1630.519895,1634.354824,768160,FINTRACE_SYNTHETIC,DEMO
2026-05-07,s3,INFY,Infosys Ltd,IT Services,EQUITY,1627.964237,1631.377649,1623.66379,1627.717707,807755,FINTRACE_SYNTHETIC,DEMO
2026-05-08,s3,INFY,Infosys Ltd,IT Services,EQUITY,1622.393227,1626.392512,1618.505085,1622.047061,847350,FINTRACE_SYNTHETIC,DEMO
2026-05-09,s3,INFY,Infosys Ltd,IT Services,EQUITY,1618.07316,1621.965923,1613.945057,1617.652886,886945,FINTRACE_SYNTHETIC,DEMO
2026-05-10,s3,INFY,Infosys Ltd,IT Services,EQUITY,1615.190428,1618.463679,1610.689705,1614.72538,926540,FINTRACE_SYNTHETIC,DEMO
2026-05-11,s3,INFY,Infosys Ltd,IT Services,EQUITY,1613.797047,1617.725808,1609.691792,1613.31762,966135,FINTRACE_SYNTHETIC,DEMO
2026-05-12,s3,INFY,Infosys Ltd,IT Services,EQUITY,1613.806491,1617.748959,1609.740474,1613.341314,1005730,FINTRACE_SYNTHETIC,DEMO
2026-05-13,s3,INFY,Infosys Ltd,IT Services,EQUITY,1615.002715,1618.304078,1610.542726,1614.576008,1045325,FINTRACE_SYNTHETIC,DEMO
2026-05-14,s3,INFY,Infosys Ltd,IT Services,EQUITY,1617.061504,1620.934716,1612.962338,1616.69087,1084920,FINTRACE_SYNTHETIC,DEMO
2026-05-15,s3,INFY,Infosys Ltd,IT Services,EQUITY,1619.58211,1623.584514,1615.767867,1619.276974,1124515,FINTRACE_SYNTHETIC,DEMO
2026-05-16,s3,INFY,Infosys Ltd,IT Services,EQUITY,1622.126155,1625.555372,1617.853648,1621.886996,1164110,FINTRACE_SYNTHETIC,DEMO
2026-05-17,s3,INFY,Infosys Ltd,IT Services,EQUITY,1624.260092,1628.07392,1620.247368,1624.07854,1203705,FINTRACE_SYNTHETIC,DEMO
2026-05-18,s3,INFY,Infosys Ltd,IT Services,EQUITY,1625.597165,1629.645097,1622.045275,1625.456958,1243300,FINTRACE_SYNTHETIC,DEMO
2026-05-19,s3,INFY,Infosys Ltd,IT Services,EQUITY,1625.834876,1629.381774,1621.704793,1625.713577,1282895,FINTRACE_SYNTHETIC,DEMO
2026-05-20,s3,INFY,Infosys Ltd,IT Services,EQUITY,1624.78437,1628.511459,1620.749197,1624.655689,1322490,FINTRACE_SYNTHETIC,DEMO
2026-05-21,s3,INFY,Infosys Ltd,IT Services,EQUITY,1622.388949,1626.443579,1618.934348,1622.225439,1362085,FINTRACE_SYNTHETIC,DEMO
2026-05-22,s3,INFY,Infosys Ltd,IT Services,EQUITY,1618.729935,1622.364811,1614.563819,1618.505809,451680,FINTRACE_SYNTHETIC,DEMO
2026-05-23,s3,INFY,Infosys Ltd,IT Services,EQUITY,1614.019328,1617.624842,1609.772547,1613.713125,491275,FINTRACE_SYNTHETIC,DEMO
2026-05-24,s3,INFY,Infosys Ltd,IT Services,EQUITY,1608.579954,1612.598564,1604.892936,1608.1768,530870,FINTRACE_SYNTHETIC,DEMO
2026-05-25,s3,INFY,Infosys Ltd,IT Services,EQUITY,1602.814993,1606.508715,1598.468203,1602.308244,570465,FINTRACE_SYNTHETIC,DEMO
2026-05-26,s3,INFY,Infosys Ltd,IT Services,EQUITY,1597.169795,1600.634323,1592.617568,1596.561895,610060,FINTRACE_SYNTHETIC,DEMO
2026-05-27,s3,INFY,Infosys Ltd,IT Services,EQUITY,1592.089618,1596.049661,1588.031284,1591.392098,649655,FINTRACE_SYNTHETIC,DEMO
2026-05-28,s3,INFY,Infosys Ltd,IT Services,EQUITY,1587.977314,1591.720873,1583.480578,1587.209927,689250,FINTRACE_SYNTHETIC,DEMO
2026-05-29,s3,INFY,Infosys Ltd,IT Services,EQUITY,1585.15501,1588.485539,1580.399576,1584.344082,728845,FINTRACE_SYNTHETIC,DEMO
2026-05-30,s3,INFY,Infosys Ltd,IT Services,EQUITY,1583.833413,1587.740192,1579.559366,1583.009571,768440,FINTRACE_SYNTHETIC,DEMO
2026-05-31,s3,INFY,Infosys Ltd,IT Services,EQUITY,1584.091691,1587.898581,1579.652449,1583.287177,808035,FINTRACE_SYNTHETIC,DEMO
2026-06-01,s3,INFY,Infosys Ltd,IT Services,EQUITY,1585.869829,1589.090667,1581.154392,1585.115661,847630,FINTRACE_SYNTHETIC,DEMO
2026-06-02,s3,INFY,Infosys Ltd,IT Services,EQUITY,1588.974196,1592.84598,1584.733967,1588.29744,887225,FINTRACE_SYNTHETIC,DEMO
2026-06-03,s3,INFY,Infosys Ltd,IT Services,EQUITY,1593.0958,1596.984375,1588.956624,1592.517215,926820,FINTRACE_SYNTHETIC,DEMO
2026-06-04,s3,INFY,Infosys Ltd,IT Services,EQUITY,1597.839474,1601.098705,1593.380857,1597.371756,966415,FINTRACE_SYNTHETIC,DEMO
2026-06-05,s3,INFY,Infosys Ltd,IT Services,EQUITY,1602.761232,1606.604512,1598.718048,1602.408015,1006010,FINTRACE_SYNTHETIC,DEMO
2026-06-06,s3,INFY,Infosys Ltd,IT Services,EQUITY,1607.410223,1611.380141,1603.676386,1607.165941,1045605,FINTRACE_SYNTHETIC,DEMO
2026-06-07,s3,INFY,Infosys Ltd,IT Services,EQUITY,1611.37129,1614.77082,1607.213482,1611.221903,1085200,FINTRACE_SYNTHETIC,DEMO
2026-06-08,s3,INFY,Infosys Ltd,IT Services,EQUITY,1614.30407,1618.099628,1610.425653,1614.228594,1124795,FINTRACE_SYNTHETIC,DEMO
2026-06-09,s3,INFY,Infosys Ltd,IT Services,EQUITY,1615.974932,1619.997457,1612.548884,1615.947612,1164390,FINTRACE_SYNTHETIC,DEMO
2026-06-10,s3,INFY,Infosys Ltd,IT Services,EQUITY,1616.278678,1619.798053,1612.283544,1616.271614,1203985,FINTRACE_SYNTHETIC,DEMO
2026-06-11,s3,INFY,Infosys Ltd,IT Services,EQUITY,1615.247977,1618.958955,1611.354325,1615.233935,1243580,FINTRACE_SYNTHETIC,DEMO
2026-06-12,s3,INFY,Infosys Ltd,IT Services,EQUITY,1613.049601,1617.080449,1609.725242,1613.004752,1283175,FINTRACE_SYNTHETIC,DEMO
2026-06-13,s3,INFY,Infosys Ltd,IT Services,EQUITY,1609.967858,1613.576836,1605.949735,1609.874173,1322770,FINTRACE_SYNTHETIC,DEMO
2026-06-14,s3,INFY,Infosys Ltd,IT Services,EQUITY,1606.376774,1609.971484,1602.304923,1606.223859,1362365,FINTRACE_SYNTHETIC,DEMO
2026-06-15,s3,INFY,Infosys Ltd,IT Services,EQUITY,1602.703704,1606.708198,1599.224704,1602.489886,451960,FINTRACE_SYNTHETIC,DEMO
2026-06-16,s3,INFY,Infosys Ltd,IT Services,EQUITY,1599.387833,1603.068025,1595.283715,1599.120401,491555,FINTRACE_SYNTHETIC,DEMO
2026-06-17,s3,INFY,Infosys Ltd,IT Services,EQUITY,1596.837525,1600.307971,1592.59027,1596.532103,531150,FINTRACE_SYNTHETIC,DEMO
2026-06-18,s3,INFY,Infosys Ltd,IT Services,EQUITY,1595.390597,1599.3604,1591.70801,1595.069704,570745,FINTRACE_SYNTHETIC,DEMO
2026-06-19,s3,INFY,Infosys Ltd,IT Services,EQUITY,1595.281309,1599.037127,1591.219631,1594.972243,610340,FINTRACE_SYNTHETIC,DEMO
2026-06-20,s3,INFY,Infosys Ltd,IT Services,EQUITY,1596.617212,1599.978739,1592.37653,1596.349466,649935,FINTRACE_SYNTHETIC,DEMO
2026-06-21,s3,INFY,Infosys Ltd,IT Services,EQUITY,1599.368075,1603.315685,1595.691716,1599.170527,689530,FINTRACE_SYNTHETIC,DEMO
2026-06-22,s3,INFY,Infosys Ltd,IT Services,EQUITY,1603.367949,1607.216941,1599.57979,1603.266087,729125,FINTRACE_SYNTHETIC,DEMO
2026-06-23,s3,INFY,Infosys Ltd,IT Services,EQUITY,1608.330166,1611.617216,1604.311356,1608.343632,768720,FINTRACE_SYNTHETIC,DEMO
2026-06-24,s3,INFY,Infosys Ltd,IT Services,EQUITY,1613.873868,1617.950778,1610.259265,1614.014528,808315,FINTRACE_SYNTHETIC,DEMO
2026-06-25,s3,INFY,Infosys Ltd,IT Services,EQUITY,1619.559512,1623.780685,1615.932154,1619.830263,847910,FINTRACE_SYNTHETIC,DEMO
2026-06-26,s3,INFY,Infosys Ltd,IT Services,EQUITY,1624.93,1628.632531,1620.869709,1625.324409,887505,FINTRACE_SYNTHETIC,DEMO
2026-06-27,s3,INFY,Infosys Ltd,IT Services,EQUITY,1629.55349,1633.969389,1625.806772,1630.056314,927100,FINTRACE_SYNTHETIC,DEMO
2026-06-28,s3,INFY,Infosys Ltd,IT Services,EQUITY,1633.063838,1637.684582,1629.511273,1633.652359,966695,FINTRACE_SYNTHETIC,DEMO
2026-06-29,s3,INFY,Infosys Ltd,IT Services,EQUITY,1635.19479,1639.28494,1631.125172,1635.840857,1006290,FINTRACE_SYNTHETIC,DEMO
2026-06-30,s3,INFY,Infosys Ltd,IT Services,EQUITY,1635.804692,1640.330087,1631.956028,1636.477262,1045885,FINTRACE_SYNTHETIC,DEMO
2026-07-01,s3,INFY,Infosys Ltd,IT Services,EQUITY,1634.889353,1639.627045,1631.443713,1635.5573,1085480,FINTRACE_SYNTHETIC,DEMO
2026-07-02,s3,INFY,Infosys Ltd,IT Services,EQUITY,1632.581842,1636.766242,1628.550994,1633.216755,1125075,FINTRACE_SYNTHETIC,DEMO
2026-07-03,s3,INFY,Infosys Ltd,IT Services,EQUITY,1629.139243,1633.467956,1625.230548,1629.717956,1164670,FINTRACE_SYNTHETIC,DEMO
2026-07-04,s3,INFY,Infosys Ltd,IT Services,EQUITY,1624.917622,1629.485498,1621.606717,1625.424236,1204265,FINTRACE_SYNTHETIC,DEMO
2026-07-05,s3,INFY,Infosys Ltd,IT Services,EQUITY,1620.337617,1624.391705,1616.384234,1620.764819,1243860,FINTRACE_SYNTHETIC,DEMO
2026-07-06,s3,INFY,Infosys Ltd,IT Services,EQUITY,1615.843913,1619.816419,1611.904934,1616.193465,1283455,FINTRACE_SYNTHETIC,DEMO
2026-07-07,s3,INFY,Infosys Ltd,IT Services,EQUITY,1611.862477,1616.17342,1608.585314,1612.144832,1323050,FINTRACE_SYNTHETIC,DEMO
2026-07-08,s3,INFY,Infosys Ltd,IT Services,EQUITY,1608.759632,1612.689307,1604.895557,1608.99272,1362645,FINTRACE_SYNTHETIC,DEMO
2026-07-09,s3,INFY,Infosys Ltd,IT Services,EQUITY,1606.806866,1610.513383,1602.842158,1607.014159,452240,FINTRACE_SYNTHETIC,DEMO
2026-07-10,s3,INFY,Infosys Ltd,IT Services,EQUITY,1606.154748,1610.361394,1602.776641,1606.36279,491835,FINTRACE_SYNTHETIC,DEMO
2026-07-11,s3,INFY,Infosys Ltd,IT Services,EQUITY,1606.818419,1610.832557,1603.032919,1607.054063,531430,FINTRACE_SYNTHETIC,DEMO
2026-07-12,s3,INFY,Infosys Ltd,IT Services,EQUITY,1608.676054,1612.358141,1604.673972,1608.963666,571025,FINTRACE_SYNTHETIC,DEMO
2026-07-13,s3,INFY,Infosys Ltd,IT Services,EQUITY,1611.480443,1615.820209,1607.981543,1611.839344,610620,FINTRACE_SYNTHETIC,DEMO
2026-07-14,s3,INFY,Infosys Ltd,IT Services,EQUITY,1614.882575,1619.198358,1611.163862,1615.324965,650215,FINTRACE_SYNTHETIC,DEMO
2026-07-15,s3,INFY,Infosys Ltd,IT Services,EQUITY,1618.464999,1622.296965,1614.421403,1618.994557,689810,FINTRACE_SYNTHETIC,DEMO
2026-07-16,s3,INFY,Infosys Ltd,IT Services,EQUITY,1621.781753,1626.353155,1618.155752,1622.393057,729405,FINTRACE_SYNTHETIC,DEMO
2026-07-17,s3,INFY,Infosys Ltd,IT Services,EQUITY,1624.401074,1629.03964,1620.756578,1625.079891,769000,FINTRACE_SYNTHETIC,DEMO
2026-07-18,s3,INFY,Infosys Ltd,IT Services,EQUITY,1625.946816,1629.974916,1621.883507,1626.671236,808595,FINTRACE_SYNTHETIC,DEMO
2026-07-19,s3,INFY,Infosys Ltd,IT Services,EQUITY,1626.134609,1630.786645,1622.401537,1626.876919,848190,FINTRACE_SYNTHETIC,DEMO
2026-07-20,s3,INFY,Infosys Ltd,IT Services,EQUITY,1624.799333,1629.538068,1621.258025,1625.52845,887785,FINTRACE_SYNTHETIC,DEMO
2026-07-21,s3,INFY,Infosys Ltd,IT Services,EQUITY,1621.911268,1626.004673,1617.873228,1622.595502,927380,FINTRACE_SYNTHETIC,DEMO
2026-07-22,s3,INFY,Infosys Ltd,IT Services,EQUITY,1617.579388,1622.004071,1613.778699,1618.189273,966975,FINTRACE_SYNTHETIC,DEMO
2026-07-23,s3,INFY,Infosys Ltd,IT Services,EQUITY,1612.041478,1616.563337,1608.637032,1612.552402,1006570,FINTRACE_SYNTHETIC,DEMO
2026-07-24,s3,INFY,Infosys Ltd,IT Services,EQUITY,1605.642022,1609.52014,1601.675254,1606.036402,1046165,FINTRACE_SYNTHETIC,DEMO
2026-07-25,s3,INFY,Infosys Ltd,IT Services,EQUITY,1598.79995,1602.753861,1594.968332,1599.068753,1085760,FINTRACE_SYNTHETIC,DEMO
2026-07-26,s3,INFY,Infosys Ltd,IT Services,EQUITY,1591.969336,1596.090265,1588.718543,1592.112796,1125355,FINTRACE_SYNTHETIC,DEMO
2026-07-27,s3,INFY,Infosys Ltd,IT Services,EQUITY,1585.596778,1589.166304,1581.724848,1585.624243,1164950,FINTRACE_SYNTHETIC,DEMO
2026-07-28,s3,INFY,Infosys Ltd,IT Services,EQUITY,1580.079519,1583.627625,1576.160228,1580.008444,1204545,FINTRACE_SYNTHETIC,DEMO
2026-07-29,s3,INFY,Infosys Ltd,IT Services,EQUITY,1575.728309,1579.666327,1572.38605,1575.582491,1244140,FINTRACE_SYNTHETIC,DEMO
2026-07-30,s3,INFY,Infosys Ltd,IT Services,EQUITY,1572.738533,1576.346214,1568.764548,1572.545756,1283735,FINTRACE_SYNTHETIC,DEMO
2026-07-31,s3,INFY,Infosys Ltd,IT Services,EQUITY,1571.172357,1574.600027,1567.087911,1570.961675,1323330,FINTRACE_SYNTHETIC,DEMO
2026-08-01,s3,INFY,Infosys Ltd,IT Services,EQUITY,1570.953599,1574.865466,1567.45567,1570.75251,1362925,FINTRACE_SYNTHETIC,DEMO
2026-08-02,s3,INFY,Infosys Ltd,IT Services,EQUITY,1571.875789,1575.566599,1567.999931,1571.707577,452520,FINTRACE_SYNTHETIC,DEMO
2026-08-03,s3,INFY,Infosys Ltd,IT Services,EQUITY,1573.622674,1576.949377,1569.591147,1573.50417,492115,FINTRACE_SYNTHETIC,DEMO
2026-08-04,s3,INFY,Infosys Ltd,IT Services,EQUITY,1575.799184,1579.693397,1572.324421,1575.739156,531710,FINTRACE_SYNTHETIC,DEMO
2026-08-05,s3,INFY,Infosys Ltd,IT Services,EQUITY,1577.969916,1581.749481,1574.328999,1577.968245,571305,FINTRACE_SYNTHETIC,DEMO
2026-08-06,s3,INFY,Infosys Ltd,IT Services,EQUITY,1579.701458,1582.978505,1575.755297,1579.749183,610900,FINTRACE_SYNTHETIC,DEMO
2026-08-07,s3,INFY,Infosys Ltd,IT Services,EQUITY,1580.604524,1584.5463,1577.076771,1580.684736,650495,FINTRACE_SYNTHETIC,DEMO
2026-08-08,s3,INFY,Infosys Ltd,IT Services,EQUITY,1580.371856,1584.308971,1576.82005,1580.461377,690090,FINTRACE_SYNTHETIC,DEMO
2026-08-09,s3,INFY,Infosys Ltd,IT Services,EQUITY,1578.808305,1582.079616,1574.862396,1578.879974,729685,FINTRACE_SYNTHETIC,DEMO
2026-08-10,s3,INFY,Infosys Ltd,IT Services,EQUITY,1575.850199,1579.666813,1572.238205,1575.875555,769280,FINTRACE_SYNTHETIC,DEMO
2026-08-11,s3,INFY,Infosys Ltd,IT Services,EQUITY,1571.572151,1575.44615,1568.092583,1571.524257,808875,FINTRACE_SYNTHETIC,DEMO
2026-08-12,s3,INFY,Infosys Ltd,IT Services,EQUITY,1566.180663,1569.464508,1562.136495,1566.036796,848470,FINTRACE_SYNTHETIC,DEMO
2026-08-13,s3,INFY,Infosys Ltd,IT Services,EQUITY,1559.995123,1563.677537,1556.079249,1559.739078,888065,FINTRACE_SYNTHETIC,DEMO
2026-08-14,s3,INFY,Infosys Ltd,IT Services,EQUITY,1553.418004,1557.280286,1549.755252,1553.04179,927660,FINTRACE_SYNTHETIC,DEMO
2026-08-15,s3,INFY,Infosys Ltd,IT Services,EQUITY,1546.897112,1550.246115,1542.579174,1546.401875,967255,FINTRACE_SYNTHETIC,DEMO
2026-08-16,s3,INFY,Infosys Ltd,IT Services,EQUITY,1540.883461,1544.43987,1536.592359,1540.279554,1006850,FINTRACE_SYNTHETIC,DEMO
2026-08-17,s3,INFY,Infosys Ltd,IT Services,EQUITY,1535.788813,1539.624971,1531.953568,1535.094991,1046445,FINTRACE_SYNTHETIC,DEMO
2026-08-18,s3,INFY,Infosys Ltd,IT Services,EQUITY,1531.9469,1535.363047,1527.446517,1531.188729,1086040,FINTRACE_SYNTHETIC,DEMO
2026-08-19,s3,INFY,Infosys Ltd,IT Services,EQUITY,1529.582049,1533.022644,1525.069552,1528.789672,1125635,FINTRACE_SYNTHETIC,DEMO
2026-08-20,s3,INFY,Infosys Ltd,IT Services,EQUITY,1528.788174,1532.60924,1524.90051,1527.993654,1165230,FINTRACE_SYNTHETIC,DEMO
2026-08-21,s3,INFY,Infosys Ltd,IT Services,EQUITY,1529.520163,1533.023212,1525.074774,1528.754638,1204825,FINTRACE_SYNTHETIC,DEMO
2026-08-22,s3,INFY,Infosys Ltd,IT Services,EQUITY,1531.598447,1534.946087,1527.11693,1530.889394,1244420,FINTRACE_SYNTHETIC,DEMO
2026-08-23,s3,INFY,Infosys Ltd,IT Services,EQUITY,1534.726351,1538.549322,1530.881951,1534.09519,1284015,FINTRACE_SYNTHETIC,DEMO
2026-08-24,s3,INFY,Infosys Ltd,IT Services,EQUITY,1538.518535,1542.126111,1534.346025,1537.978822,1323610,FINTRACE_SYNTHETIC,DEMO
2026-08-25,s3,INFY,Infosys Ltd,IT Services,EQUITY,1542.537839,1545.805467,1538.260884,1542.09421,1363205,FINTRACE_SYNTHETIC,DEMO
2026-08-26,s3,INFY,Infosys Ltd,IT Services,EQUITY,1546.337014,1550.160676,1542.64118,1545.984976,452800,FINTRACE_SYNTHETIC,DEMO
2026-08-27,s3,INFY,Infosys Ltd,IT Services,EQUITY,1549.501345,1553.208497,1545.649579,1549.227943,492395,FINTRACE_SYNTHETIC,DEMO
2026-08-28,s3,INFY,Infosys Ltd,IT Services,EQUITY,1551.688125,1554.866923,1547.598399,1551.473409,531990,FINTRACE_SYNTHETIC,DEMO
2026-08-29,s3,INFY,Infosys Ltd,IT Services,EQUITY,1552.659202,1556.455461,1549.019483,1552.47836,571585,FINTRACE_SYNTHETIC,DEMO
2026-08-30,s3,INFY,Infosys Ltd,IT Services,EQUITY,1552.303497,1556.079116,1548.635168,1552.129454,611180,FINTRACE_SYNTHETIC,DEMO
2026-08-31,s3,INFY,Infosys Ltd,IT Services,EQUITY,1550.647363,1553.782937,1546.578202,1550.453578,650775,FINTRACE_SYNTHETIC,DEMO
2026-09-01,s3,INFY,Infosys Ltd,IT Services,EQUITY,1547.851773,1551.579588,1544.073293,1547.614992,690370,FINTRACE_SYNTHETIC,DEMO
2026-09-02,s3,INFY,Infosys Ltd,IT Services,EQUITY,1544.196632,1548.000611,1540.521619,1543.899314,729965,FINTRACE_SYNTHETIC,DEMO
2026-09-03,s3,INFY,Infosys Ltd,IT Services,EQUITY,1540.053692,1543.276064,1535.84992,1539.685882,769560,FINTRACE_SYNTHETIC,DEMO
2026-09-04,s3,INFY,Infosys Ltd,IT Services,EQUITY,1535.850667,1539.480775,1531.813312,1535.411137,809155,FINTRACE_SYNTHETIC,DEMO
2026-09-05,s3,INFY,Infosys Ltd,IT Services,EQUITY,1532.029955,1535.837454,1528.278916,1531.526509,848750,FINTRACE_SYNTHETIC,DEMO
2026-09-06,s3,INFY,Infosys Ltd,IT Services,EQUITY,1529.005932,1532.309803,1524.674289,1528.454828,888345,FINTRACE_SYNTHETIC,DEMO
2025-12-29,s4,HDFCBANK,HDFC Bank Ltd,Banking,EQUITY,1688.377866,1692.249035,1684.156921,1688.871292,450000,FINTRACE_SYNTHETIC,DEMO
2025-12-30,s4,HDFCBANK,HDFC Bank Ltd,Banking,EQUITY,1687.322128,1691.893275,1683.491652,1687.807539,497514,FINTRACE_SYNTHETIC,DEMO
2025-12-31,s4,HDFCBANK,HDFC Bank Ltd,Banking,EQUITY,1685.052079,1689.642016,1681.33136,1685.504694,545028,FINTRACE_SYNTHETIC,DEMO
2026-01-01,s4,HDFCBANK,HDFC Bank Ltd,Banking,EQUITY,1681.856012,1685.740146,1677.659788,1682.256932,592542,FINTRACE_SYNTHETIC,DEMO
2026-01-02,s4,HDFCBANK,HDFC Bank Ltd,Banking,EQUITY,1678.104511,1682.434411,1674.199861,1678.442402,640056,FINTRACE_SYNTHETIC,DEMO
2026-01-03,s4,HDFCBANK,HDFC Bank Ltd,Banking,EQUITY,1674.214475,1678.638334,1670.62859,1674.486508,687570,FINTRACE_SYNTHETIC,DEMO
2026-01-04,s4,HDFCBANK,HDFC Bank Ltd,Banking,EQUITY,1670.608751,1674.395797,1666.465499,1670.820729,735084,FINTRACE_SYNTHETIC,DEMO
2026-01-05,s4,HDFCBANK,HDFC Bank Ltd,Banking,EQUITY,1667.67525,1671.724448,1663.711267,1667.840892,782598,FINTRACE_SYNTHETIC,DEMO
2026-01-06,s4,HDFCBANK,HDFC Bank Ltd,Banking,EQUITY,1665.729419,1670.024689,1662.276778,1665.868881,830112,FINTRACE_SYNTHETIC,DEMO
2026-01-07,s4,HDFCBANK,HDFC Bank Ltd,Banking,EQUITY,1664.983671,1668.794802,1660.895195,1665.121445,877626,FINTRACE_SYNTHETIC,DEMO
2026-01-08,s4,HDFCBANK,HDFC Bank Ltd,Banking,EQUITY,1665.526685,1669.473536,1661.496884,1665.689073,925140,FINTRACE_SYNTHETIC,DEMO
2026-01-09,s4,HDFCBANK,HDFC Bank Ltd,Banking,EQUITY,1667.31454,1671.695754,1663.976221,1667.526945,972654,FINTRACE_SYNTHETIC,DEMO
2026-01-10,s4,HDFCBANK,HDFC Bank Ltd,Banking,EQUITY,1670.174545,1674.247928,1666.129504,1670.458848,1020168,FINTRACE_SYNTHETIC,DEMO
2026-01-11,s4,HDFCBANK,HDFC Bank Ltd,Banking,EQUITY,1673.821397,1677.893765,1669.714302,1674.193657,1067682,FINTRACE_SYNTHETIC,DEMO
2026-01-12,s4,HDFCBANK,HDFC Bank Ltd,Banking,EQUITY,1677.884123,1682.540827,1674.41364,1678.352827,1115196,FINTRACE_SYNTHETIC,DEMO
2026-01-13,s4,HDFCBANK,HDFC Bank Ltd,Banking,EQUITY,1681.941246,1686.41835,1677.938489,1682.50628,1162710,FINTRACE_SYNTHETIC,DEMO
2026-01-14,s4,HDFCBANK,HDFC Bank Ltd,Banking,EQUITY,1685.560821,1689.828414,1681.382602,1686.213255,1210224,FINTRACE_SYNTHETIC,DEMO
2026-01-15,s4,HDFCBANK,HDFC Bank Ltd,Banking,EQUITY,1688.341516,1693.25429,1684.732548,1689.06423,1257738,FINTRACE_SYNTHETIC,DEMO
2026-01-16,s4,HDFCBANK,HDFC Bank Ltd,Banking,EQUITY,1689.950846,1694.73623,1686.012993,1690.719935,1305252,FINTRACE_SYNTHETIC,DEMO
2026-01-17,s4,HDFCBANK,HDFC Bank Ltd,Banking,EQUITY,1690.156885,1694.452314,1685.941038,1690.94371,1352766,FINTRACE_SYNTHETIC,DEMO
2026-01-18,s4,HDFCBANK,HDFC Bank Ltd,Banking,EQUITY,1688.850454,1693.774664,1685.128159,1689.624148,450280,FINTRACE_SYNTHETIC,DEMO
2026-01-19,s4,HDFCBANK,HDFC Bank Ltd,Banking,EQUITY,1686.055664,1690.865054,1682.221802,1686.785853,497794,FINTRACE_SYNTHETIC,DEMO
2026-01-20,s4,HDFCBANK,HDFC Bank Ltd,Banking,EQUITY,1681.927803,1685.959903,1677.723017,1682.587281,545308,FINTRACE_SYNTHETIC,DEMO
2026-01-21,s4,HDFCBANK,HDFC Bank Ltd,Banking,EQUITY,1676.738776,1681.370183,1672.938587,1677.305886,592822,FINTRACE_SYNTHETIC,DEMO
2026-01-22,s4,HDFCBANK,HDFC Bank Ltd,Banking,EQUITY,1670.851473,1675.411342,1667.1554,1671.311966,640336,FINTRACE_SYNTHETIC,DEMO
2026-01-23,s4,HDFCBANK,HDFC Bank Ltd,Banking,EQUITY,1664.685526,1668.473967,1660.531135,1665.033714,687850,FINTRACE_SYNTHETIC,DEMO
2026-01-24,s4,HDFCBANK,HDFC Bank Ltd,Banking,EQUITY,1658.677694,1662.867148,1654.823823,1658.916804,735364,FINTRACE_SYNTHETIC,DEMO
2026-01-25,s4,HDFCBANK,HDFC Bank Ltd,Banking,EQUITY,1653.240669,1657.479743,1649.6927,1653.382351,782878,FINTRACE_SYNTHETIC,DEMO
2026-01-26,s4,HDFCBANK,HDFC Bank Ltd,Banking,EQUITY,1648.724224,1652.308172,1644.63324,1648.787265,830392,FINTRACE_SYNTHETIC,DEMO
2026-01-27,s4,HDFCBANK,HDFC Bank Ltd,Banking,EQUITY,1645.382396,1649.227517,1641.476211,1645.390767,877906,FINTRACE_SYNTHETIC,DEMO
2026-01-28,s4,HDFCBANK,HDFC Bank Ltd,Banking,EQUITY,1643.349839,1647.44838,1639.916858,1643.330261,925420,FINTRACE_SYNTHETIC,DEMO
2026-01-29,s4,HDFCBANK,HDFC Bank Ltd,Banking,EQUITY,1642.629598,1646.246699,1638.572352,1642.608852,972934,FINTRACE_SYNTHETIC,DEMO
2026-01-30,s4,HDFCBANK,HDFC Bank Ltd,Banking,EQUITY,1643.093457,1646.834924,1639.121916,1643.095709,1020448,FINTRACE_SYNTHETIC,DEMO
2026-01-31,s4,HDFCBANK,HDFC Bank Ltd,Banking,EQUITY,1644.49484,1648.650498,1641.194933,1644.539222,1067962,FINTRACE_SYNTHETIC,DEMO
2026-02-01,s4,HDFCBANK,HDFC Bank Ltd,Banking,EQUITY,1646.493016,1650.320484,1642.501447,1646.591709,1115476,FINTRACE_SYNTHETIC,DEMO
2026-02-02,s4,HDFCBANK,HDFC Bank Ltd,Banking,EQUITY,1648.686309,1652.493984,1644.643983,1648.843294,1162990,FINTRACE_SYNTHETIC,DEMO
2026-02-03,s4,HDFCBANK,HDFC Bank Ltd,Banking,EQUITY,1650.651135,1654.982118,1647.244221,1650.86175,1210504,FINTRACE_SYNTHETIC,DEMO
2026-02-04,s4,HDFCBANK,HDFC Bank Ltd,Banking,EQUITY,1651.983146,1656.070583,1648.046955,1652.234477,1258018,FINTRACE_SYNTHETIC,DEMO
2026-02-05,s4,HDFCBANK,HDFC Bank Ltd,Banking,EQUITY,1652.336556,1656.158738,1648.242831,1652.60863,1305532,FINTRACE_SYNTHETIC,DEMO
2026-02-06,s4,HDFCBANK,HDFC Bank Ltd,Banking,EQUITY,1651.457883,1655.82497,1647.934793,1651.725556,1353046,FINTRACE_SYNTHETIC,DEMO
2026-02-07,s4,HDFCBANK,HDFC Bank Ltd,Banking,EQUITY,1649.210911,1653.359663,1645.362528,1649.446258,450560,FINTRACE_SYNTHETIC,DEMO
2026-02-08,s4,HDFCBANK,HDFC Bank Ltd,Banking,EQUITY,1645.590459,1649.187509,1641.4869,1645.765451,498074,FINTRACE_SYNTHETIC,DEMO
2026-02-09,s4,HDFCBANK,HDFC Bank Ltd,Banking,EQUITY,1640.723666,1644.846413,1637.114086,1640.812867,545588,FINTRACE_SYNTHETIC,DEMO
2026-02-10,s4,HDFCBANK,HDFC Bank Ltd,Banking,EQUITY,1634.858651,1638.808285,1631.118244,1634.841688,593102,FINTRACE_SYNTHETIC,DEMO
2026-02-11,s4,HDFCBANK,HDFC Bank Ltd,Banking,EQUITY,1628.341623,1631.612719,1624.134806,1628.205192,640616,FINTRACE_SYNTHETIC,DEMO
2026-02-12,s4,HDFCBANK,HDFC Bank Ltd,Banking,EQUITY,1621.584639,1625.517714,1617.655335,1621.323841,688130,FINTRACE_SYNTHETIC,DEMO
2026-02-13,s4,HDFCBANK,HDFC Bank Ltd,Banking,EQUITY,1615.027047,1618.985308,1611.067753,1614.645952,735644,FINTRACE_SYNTHETIC,DEMO
2026-02-14,s4,HDFCBANK,HDFC Bank Ltd,Banking,EQUITY,1609.094325,1612.411934,1604.590335,1608.605684,783158,FINTRACE_SYNTHETIC,DEMO
2026-02-15,s4,HDFCBANK,HDFC Bank Ltd,Banking,EQUITY,1604.158197,1607.982715,1599.861924,1603.582351,830672,FINTRACE_SYNTHETIC,DEMO
2026-02-16,s4,HDFCBANK,HDFC Bank Ltd,Banking,EQUITY,1600.501864,1604.466109,1596.424746,1599.86493,878186,FINTRACE_SYNTHETIC,DEMO
2026-02-17,s4,HDFCBANK,HDFC Bank Ltd,Banking,EQUITY,1598.293622,1601.699886,1593.659076,1597.625153,925700,FINTRACE_SYNTHETIC,DEMO
2026-02-18,s4,HDFCBANK,HDFC Bank Ltd,Banking,EQUITY,1597.571415,1601.301927,1593.115361,1596.901738,973214,FINTRACE_SYNTHETIC,DEMO
2026-02-19,s4,HDFCBANK,HDFC Bank Ltd,Banking,EQUITY,1598.239763,1602.224677,1594.271866,1597.597257,1020728,FINTRACE_SYNTHETIC,DEMO
2026-02-20,s4,HDFCBANK,HDFC Bank Ltd,Banking,EQUITY,1600.079379,1603.596293,1595.55458,1599.487947,1068242,FINTRACE_SYNTHETIC,DEMO
2026-02-21,s4,HDFCBANK,HDFC Bank Ltd,Banking,EQUITY,1602.768534,1606.421876,1598.376645,1602.245515,1115756,FINTRACE_SYNTHETIC,DEMO
2026-02-22,s4,HDFCBANK,HDFC Bank Ltd,Banking,EQUITY,1605.914154,1609.928743,1602.240163,1605.468862,1163270,FINTRACE_SYNTHETIC,DEMO
2026-02-23,s4,HDFCBANK,HDFC Bank Ltd,Banking,EQUITY,1609.089658,1612.727449,1604.818961,1608.722704,1210784,FINTRACE_SYNTHETIC,DEMO
2026-02-24,s4,HDFCBANK,HDFC Bank Ltd,Banking,EQUITY,1611.875947,1615.451221,1607.631124,1611.579386,1258298,FINTRACE_SYNTHETIC,DEMO
2026-02-25,s4,HDFCBANK,HDFC Bank Ltd,Banking,EQUITY,1613.901625,1617.930628,1610.336458,1613.659936,1305812,FINTRACE_SYNTHETIC,DEMO
2026-02-26,s4,HDFCBANK,HDFC Bank Ltd,Banking,EQUITY,1614.878622,1618.622506,1610.818542,1614.670403,1353326,FINTRACE_SYNTHETIC,DEMO
2026-02-27,s4,HDFCBANK,HDFC Bank Ltd,Banking,EQUITY,1614.629813,1618.105151,1610.432385,1614.430047,450840,FINTRACE_SYNTHETIC,DEMO
2026-02-28,s4,HDFCBANK,HDFC Bank Ltd,Banking,EQUITY,1613.106012,1617.111449,1609.454758,1612.888679,498354,FINTRACE_SYNTHETIC,DEMO
2026-03-01,s4,HDFCBANK,HDFC Bank Ltd,Banking,EQUITY,1610.390707,1614.206673,1606.369011,1610.131491,545868,FINTRACE_SYNTHETIC,DEMO
2026-03-02,s4,HDFCBANK,HDFC Bank Ltd,Banking,EQUITY,1606.692096,1610.039925,1602.36633,1606.37093,593382,FINTRACE_SYNTHETIC,DEMO
2026-03-03,s4,HDFCBANK,HDFC Bank Ltd,Banking,EQUITY,1602.323174,1606.26491,1598.408661,1601.926377,640896,FINTRACE_SYNTHETIC,DEMO
2026-03-04,s4,HDFCBANK,HDFC Bank Ltd,Banking,EQUITY,1597.671775,1601.527619,1593.550022,1597.193583,688410,FINTRACE_SYNTHETIC,DEMO
2026-03-05,s4,HDFCBANK,HDFC Bank Ltd,Banking,EQUITY,1593.163429,1596.370906,1588.625524,1592.606761,735924,FINTRACE_SYNTHETIC,DEMO
2026-03-06,s4,HDFCBANK,HDFC Bank Ltd,Banking,EQUITY,1589.220558,1593.078804,1585.008497,1588.596955,783438,FINTRACE_SYNTHETIC,DEMO
2026-03-07,s4,HDFCBANK,HDFC Bank Ltd,Banking,EQUITY,1586.221935,1590.106535,1582.03063,1585.550666,830952,FINTRACE_SYNTHETIC,DEMO
2026-03-08,s4,HDFCBANK,HDFC Bank Ltd,Banking,EQUITY,1584.466231,1587.7261,1579.818465,1583.772662,878466,FINTRACE_SYNTHETIC,DEMO
2026-03-09,s4,HDFCBANK,HDFC Bank Ltd,Banking,EQUITY,1584.143166,1587.924429,1579.788206,1583.456535,925980,FINTRACE_SYNTHETIC,DEMO
2026-03-10,s4,HDFCBANK,HDFC Bank Ltd,Banking,EQUITY,1585.314988,1589.239478,1581.251623,1584.665803,973494,FINTRACE_SYNTHETIC,DEMO
2026-03-11,s4,HDFCBANK,HDFC Bank Ltd,Banking,EQUITY,1587.910063,1591.287407,1583.385044,1587.32737,1021008,FINTRACE_SYNTHETIC,DEMO
2026-03-12,s4,HDFCBANK,HDFC Bank Ltd,Banking,EQUITY,1591.729183,1595.45126,1587.469758,1591.237963,1068522,FINTRACE_SYNTHETIC,DEMO
2026-03-13,s4,HDFCBANK,HDFC Bank Ltd,Banking,EQUITY,1596.463996,1600.443299,1592.753732,1596.082936,1116036,FINTRACE_SYNTHETIC,DEMO
2026-03-14,s4,HDFCBANK,HDFC Bank Ltd,Banking,EQUITY,1601.725803,1605.239814,1597.52465,1601.465658,1163550,FINTRACE_SYNTHETIC,DEMO
2026-03-15,s4,HDFCBANK,HDFC Bank Ltd,Banking,EQUITY,1607.081979,1610.751033,1603.068458,1606.944675,1211064,FINTRACE_SYNTHETIC,DEMO
2026-03-16,s4,HDFCBANK,HDFC Bank Ltd,Banking,EQUITY,1612.09655,1616.126404,1608.825998,1612.075115,1258578,FINTRACE_SYNTHETIC,DEMO
2026-03-17,s4,HDFCBANK,HDFC Bank Ltd,Banking,EQUITY,1616.371061,1620.098704,1612.445055,1616.450393,1306092,FINTRACE_SYNTHETIC,DEMO
2026-03-18,s4,HDFCBANK,HDFC Bank Ltd,Banking,EQUITY,1619.581845,1623.339388,1615.617132,1619.740234,1353606,FINTRACE_SYNTHETIC,DEMO
2026-03-19,s4,HDFCBANK,HDFC Bank Ltd,Banking,EQUITY,1621.510133,1625.770754,1618.177616,1621.721406,451120,FINTRACE_SYNTHETIC,DEMO
2026-03-20,s4,HDFCBANK,HDFC Bank Ltd,Banking,EQUITY,1622.062156,1626.053755,1618.188115,1622.298226,498634,FINTRACE_SYNTHETIC,DEMO
2026-03-21,s4,HDFCBANK,HDFC Bank Ltd,Banking,EQUITY,1621.277309,1625.007866,1617.264909,1621.510892,546148,FINTRACE_SYNTHETIC,DEMO
2026-03-22,s4,HDFCBANK,HDFC Bank Ltd,Banking,EQUITY,1619.323614,1623.554067,1615.882924,1619.530858,593662,FINTRACE_SYNTHETIC,DEMO
2026-03-23,s4,HDFCBANK,HDFC Bank Ltd,Banking,EQUITY,1616.480917,1620.469618,1612.698332,1616.643677,641176,FINTRACE_SYNTHETIC,DEMO
2026-03-24,s4,HDFCBANK,HDFC Bank Ltd,Banking,EQUITY,1613.113412,1616.589446,1609.09323,1613.220979,688690,FINTRACE_SYNTHETIC,DEMO
2026-03-25,s4,HDFCBANK,HDFC Bank Ltd,Banking,EQUITY,1609.634142,1613.646842,1606.106067,1609.684235,736204,FINTRACE_SYNTHETIC,DEMO
2026-03-26,s4,HDFCBANK,HDFC Bank Ltd,Banking,EQUITY,1606.464834,1610.337875,1602.793209,1606.463779,783718,FINTRACE_SYNTHETIC,DEMO
2026-03-27,s4,HDFCBANK,HDFC Bank Ltd,Banking,EQUITY,1603.994926,1607.231305,1599.947605,1603.956995,831232,FINTRACE_SYNTHETIC,DEMO
2026-03-28,s4,HDFCBANK,HDFC Bank Ltd,Banking,EQUITY,1602.543677,1606.437914,1598.875904,1602.48966,878746,FINTRACE_SYNTHETIC,DEMO
2026-03-29,s4,HDFCBANK,HDFC Bank Ltd,Banking,EQUITY,1602.329,1606.249896,1598.720594,1602.284133,926260,FINTRACE_SYNTHETIC,DEMO
2026-03-30,s4,HDFCBANK,HDFC Bank Ltd,Banking,EQUITY,1603.445958,1606.737822,1599.433339,1603.437417,973774,FINTRACE_SYNTHETIC,DEMO
2026-03-31,s4,HDFCBANK,HDFC Bank Ltd,Banking,EQUITY,1605.857013,1609.748908,1602.142309,1605.911209,1021288,FINTRACE_SYNTHETIC,DEMO
2026-04-01,s4,HDFCBANK,HDFC Bank Ltd,Banking,EQUITY,1609.394938,1613.517084,1605.920714,1609.534868,1068802,FINTRACE_SYNTHETIC,DEMO
2026-04-02,s4,HDFCBANK,HDFC Bank Ltd,Banking,EQUITY,1613.778124,1617.447001,1609.768322,1614.021038,1116316,FINTRACE_SYNTHETIC,DEMO
2026-04-03,s4,HDFCBANK,HDFC Bank Ltd,Banking,EQUITY,1618.636828,1622.783512,1614.808611,1618.99243,1163830,FINTRACE_SYNTHETIC,DEMO
2026-04-04,s4,HDFCBANK,HDFC Bank Ltd,Banking,EQUITY,1623.54786,1628.063934,1620.154295,1624.017218,1211344,FINTRACE_SYNTHETIC,DEMO
2026-04-05,s4,HDFCBANK,HDFC Bank Ltd,Banking,EQUITY,1628.074408,1632.216099,1624.065155,1628.649675,1258858,FINTRACE_SYNTHETIC,DEMO
2026-04-06,s4,HDFCBANK,HDFC Bank Ltd,Banking,EQUITY,1631.807204,1636.205141,1627.875129,1632.472182,1306372,FINTRACE_SYNTHETIC,DEMO
2026-04-07,s4,HDFCBANK,HDFC Bank Ltd,Banking,EQUITY,1634.403109,1639.221784,1631.101761,1635.134596,1353886,FINTRACE_SYNTHETIC,DEMO
2026-04-08,s4,HDFCBANK,HDFC Bank Ltd,Banking,EQUITY,1635.617443,1640.074323,1631.640996,1636.387244,451400,FINTRACE_SYNTHETIC,DEMO
2026-04-09,s4,HDFCBANK,HDFC Bank Ltd,Banking,EQUITY,1635.32698,1639.746374,1631.326966,1636.104384,498914,FINTRACE_SYNTHETIC,DEMO
2026-04-10,s4,HDFCBANK,HDFC Bank Ltd,Banking,EQUITY,1633.541412,1638.37742,1630.191357,1634.295907,546428,FINTRACE_SYNTHETIC,DEMO
2026-04-11,s4,HDFCBANK,HDFC Bank Ltd,Banking,EQUITY,1630.4022,1634.876454,1626.50372,1631.106161,593942,FINTRACE_SYNTHETIC,DEMO
2026-04-12,s4,HDFCBANK,HDFC Bank Ltd,Banking,EQUITY,1626.168912,1630.315218,1622.146691,1626.80001,641456,FINTRACE_SYNTHETIC,DEMO
2026-04-13,s4,HDFCBANK,HDFC Bank Ltd,Banking,EQUITY,1621.194361,1625.76792,1617.756651,1621.737469,688970,FINTRACE_SYNTHETIC,DEMO
2026-04-14,s4,HDFCBANK,HDFC Bank Ltd,Banking,EQUITY,1615.890906,1620.159644,1612.10448,1616.339311,736484,FINTRACE_SYNTHETIC,DEMO
2026-04-15,s4,HDFCBANK,HDFC Bank Ltd,Banking,EQUITY,1610.691136,1614.417895,1606.678277,1611.046955,783998,FINTRACE_SYNTHETIC,DEMO
2026-04-16,s4,HDFCBANK,HDFC Bank Ltd,Banking,EQUITY,1606.006679,1610.237353,1602.49313,1606.280427,831512,FINTRACE_SYNTHETIC,DEMO
2026-04-17,s4,HDFCBANK,HDFC Bank Ltd,Banking,EQUITY,1602.189062,1606.257602,1598.522451,1602.398431,879026,FINTRACE_SYNTHETIC,DEMO
2026-04-18,s4,HDFCBANK,HDFC Bank Ltd,Banking,EQUITY,1599.496365,1602.899028,1595.498407,1599.664313,926540,FINTRACE_SYNTHETIC,DEMO
2026-04-19,s4,HDFCBANK,HDFC Bank Ltd,Banking,EQUITY,1598.068829,1602.108489,1594.471141,1598.221174,974054,FINTRACE_SYNTHETIC,DEMO
2026-04-20,s4,HDFCBANK,HDFC Bank Ltd,Banking,EQUITY,1597.915754,1601.985805,1594.355622,1598.078506,1021568,FINTRACE_SYNTHETIC,DEMO
2026-04-21,s4,HDFCBANK,HDFC Bank Ltd,Banking,EQUITY,1598.914935,1602.387536,1594.921432,1599.111611,1069082,FINTRACE_SYNTHETIC,DEMO
2026-04-22,s4,HDFCBANK,HDFC Bank Ltd,Banking,EQUITY,1600.824684,1604.904418,1597.127163,1601.073865,1116596,FINTRACE_SYNTHETIC,DEMO
2026-04-23,s4,HDFCBANK,HDFC Bank Ltd,Banking,EQUITY,1603.307285,1607.585964,1599.839484,1603.620663,1164110,FINTRACE_SYNTHETIC,DEMO
2026-04-24,s4,HDFCBANK,HDFC Bank Ltd,Banking,EQUITY,1605.961661,1609.745506,1601.969568,1606.342741,1211624,FINTRACE_SYNTHETIC,DEMO
2026-04-25,s4,HDFCBANK,HDFC Bank Ltd,Banking,EQUITY,1608.362117,1612.578123,1604.563088,1608.805717,1259138,FINTRACE_SYNTHETIC,DEMO
2026-04-26,s4,HDFCBANK,HDFC Bank Ltd,Banking,EQUITY,1610.099473,1614.604007,1606.727016,1610.59206,1306652,FINTRACE_SYNTHETIC,DEMO
2026-04-27,s4,HDFCBANK,HDFC Bank Ltd,Banking,EQUITY,1610.820666,1614.863415,1606.851224,1611.341502,1354166,FINTRACE_SYNTHETIC,DEMO
2026-04-28,s4,HDFCBANK,HDFC Bank Ltd,Banking,EQUITY,1610.263031,1614.47521,1606.386982,1610.786018,451680,FINTRACE_SYNTHETIC,DEMO
2026-04-29,s4,HDFCBANK,HDFC Bank Ltd,Banking,EQUITY,1608.280002,1612.797037,1605.024309,1608.77605,499194,FINTRACE_SYNTHETIC,DEMO
2026-04-30,s4,HDFCBANK,HDFC Bank Ltd,Banking,EQUITY,1604.855772,1608.906351,1600.950542,1605.295469,546708,FINTRACE_SYNTHETIC,DEMO
2026-05-01,s4,HDFCBANK,HDFC Bank Ltd,Banking,EQUITY,1600.107515,1604.032797,1596.196877,1600.46384,594222,FINTRACE_SYNTHETIC,DEMO
2026-05-02,s4,HDFCBANK,HDFC Bank Ltd,Banking,EQUITY,1594.274948,1598.508648,1591.012443,1594.525773,641736,FINTRACE_SYNTHETIC,DEMO
2026-05-03,s4,HDFCBANK,HDFC Bank Ltd,Banking,EQUITY,1587.698237,1591.493114,1583.897514,1587.828374,689250,FINTRACE_SYNTHETIC,DEMO
2026-05-04,s4,HDFCBANK,HDFC Bank Ltd,Banking,EQUITY,1580.786334,1584.211344,1576.878642,1580.788943,736764,FINTRACE_SYNTHETIC,DEMO
2026-05-05,s4,HDFCBANK,HDFC Bank Ltd,Banking,EQUITY,1573.978771,1577.892178,1570.52542,1573.855981,784278,FINTRACE_SYNTHETIC,DEMO
2026-05-06,s4,HDFCBANK,HDFC Bank Ltd,Banking,EQUITY,1567.704547,1571.405143,1563.789263,1567.467244,831792,FINTRACE_SYNTHETIC,DEMO
2026-05-07,s4,HDFCBANK,HDFC Bank Ltd,Banking,EQUITY,1562.342019,1565.617839,1558.118542,1562.008807,879306,FINTRACE_SYNTHETIC,DEMO
2026-05-08,s4,HDFCBANK,HDFC Bank Ltd,Banking,EQUITY,1558.183621,1562.024626,1554.377437,1557.779075,926820,FINTRACE_SYNTHETIC,DEMO
2026-05-09,s4,HDFCBANK,HDFC Bank Ltd,Banking,EQUITY,1555.408768,1559.150773,1551.39699,1554.961123,974334,FINTRACE_SYNTHETIC,DEMO
2026-05-10,s4,HDFCBANK,HDFC Bank Ltd,Banking,EQUITY,1554.067531,1557.216914,1549.723126,1553.606045,1021848,FINTRACE_SYNTHETIC,DEMO
2026-05-11,s4,HDFCBANK,HDFC Bank Ltd,Banking,EQUITY,1554.076621,1557.859994,1550.137171,1553.628853,1069362,FINTRACE_SYNTHETIC,DEMO
2026-05-12,s4,HDFCBANK,HDFC Bank Ltd,Banking,EQUITY,1555.22808,1559.027443,1551.347122,1554.817341,1116876,FINTRACE_SYNTHETIC,DEMO
2026-05-13,s4,HDFCBANK,HDFC Bank Ltd,Banking,EQUITY,1557.209823,1560.393047,1552.963973,1556.85306,1164390,FINTRACE_SYNTHETIC,DEMO
2026-05-14,s4,HDFCBANK,HDFC Bank Ltd,Banking,EQUITY,1559.636102,1563.371768,1555.746114,1559.342385,1211904,FINTRACE_SYNTHETIC,DEMO
2026-05-15,s4,HDFCBANK,HDFC Bank Ltd,Banking,EQUITY,1562.084942,1565.945256,1558.470065,1561.854733,1259418,FINTRACE_SYNTHETIC,DEMO
2026-05-16,s4,HDFCBANK,HDFC Bank Ltd,Banking,EQUITY,1564.139021,1567.445652,1560.074959,1563.964264,1306932,FINTRACE_SYNTHETIC,DEMO
2026-05-17,s4,HDFCBANK,HDFC Bank Ltd,Banking,EQUITY,1565.426058,1569.101741,1561.598604,1565.291097,1354446,FINTRACE_SYNTHETIC,DEMO
2026-05-18,s4,HDFCBANK,HDFC Bank Ltd,Banking,EQUITY,1565.654873,1569.553541,1562.252195,1565.538113,451960,FINTRACE_SYNTHETIC,DEMO
2026-05-19,s4,HDFCBANK,HDFC Bank Ltd,Banking,EQUITY,1564.64368,1568.057084,1560.661926,1564.519814,499474,FINTRACE_SYNTHETIC,DEMO
2026-05-20,s4,HDFCBANK,HDFC Bank Ltd,Banking,EQUITY,1562.337901,1565.921745,1558.42424,1562.180511,546988,FINTRACE_SYNTHETIC,DEMO
2026-05-21,s4,HDFCBANK,HDFC Bank Ltd,Banking,EQUITY,1558.815818,1562.711568,1555.438067,1558.600079,594502,FINTRACE_SYNTHETIC,DEMO
2026-05-22,s4,HDFCBANK,HDFC Bank Ltd,Banking,EQUITY,1554.281494,1557.77165,1550.2019,1553.986749,642016,FINTRACE_SYNTHETIC,DEMO
2026-05-23,s4,HDFCBANK,HDFC Bank Ltd,Banking,EQUITY,1549.045676,1552.506046,1544.875892,1548.657609,689530,FINTRACE_SYNTHETIC,DEMO
2026-05-24,s4,HDFCBANK,HDFC Bank Ltd,Banking,EQUITY,1543.496455,1547.352471,1539.857877,1543.008669,737044,FINTRACE_SYNTHETIC,DEMO
2026-05-25,s4,HDFCBANK,HDFC Bank Ltd,Banking,EQUITY,1538.062515,1541.607014,1533.792695,1537.477364,784558,FINTRACE_SYNTHETIC,DEMO
2026-05-26,s4,HDFCBANK,HDFC Bank Ltd,Banking,EQUITY,1533.172451,1536.498158,1528.71497,1532.501034,832072,FINTRACE_SYNTHETIC,DEMO
2026-05-27,s4,HDFCBANK,HDFC Bank Ltd,Banking,EQUITY,1529.214041,1533.017692,1525.247429,1528.475371,879586,FINTRACE_SYNTHETIC,DEMO
2026-05-28,s4,HDFCBANK,HDFC Bank Ltd,Banking,EQUITY,1526.497355,1530.095978,1522.131911,1525.716774,927100,FINTRACE_SYNTHETIC,DEMO
2026-05-29,s4,HDFCBANK,HDFC Bank Ltd,Banking,EQUITY,1525.225215,1528.429828,1520.636859,1524.432204,974614,FINTRACE_SYNTHETIC,DEMO
2026-05-30,s4,HDFCBANK,HDFC Bank Ltd,Banking,EQUITY,1525.473828,1529.236654,1521.376305,1524.699421,1022128,FINTRACE_SYNTHETIC,DEMO
2026-05-31,s4,HDFCBANK,HDFC Bank Ltd,Banking,EQUITY,1527.185423,1530.855556,1522.955208,1526.459478,1069642,FINTRACE_SYNTHETIC,DEMO
2026-06-01,s4,HDFCBANK,HDFC Bank Ltd,Banking,EQUITY,1530.173617,1533.281339,1525.699849,1529.522187,1117156,FINTRACE_SYNTHETIC,DEMO
2026-06-02,s4,HDFCBANK,HDFC Bank Ltd,Banking,EQUITY,1534.140979,1537.879153,1530.143327,1533.584047,1164670,FINTRACE_SYNTHETIC,DEMO
2026-06-03,s4,HDFCBANK,HDFC Bank Ltd,Banking,EQUITY,1538.707132,1542.462951,1534.817643,1538.256918,1212184,FINTRACE_SYNTHETIC,DEMO
2026-06-04,s4,HDFCBANK,HDFC Bank Ltd,Banking,EQUITY,1543.444705,1546.592984,1539.24939,1543.104707,1259698,FINTRACE_SYNTHETIC,DEMO
2026-06-05,s4,HDFCBANK,HDFC Bank Ltd,Banking,EQUITY,1547.919719,1551.631495,1544.120627,1547.684579,1307212,FINTRACE_SYNTHETIC,DEMO
2026-06-06,s4,HDFCBANK,HDFC Bank Ltd,Banking,EQUITY,1551.732552,1555.564959,1548.219873,1551.588756,1354726,FINTRACE_SYNTHETIC,DEMO
2026-06-07,s4,HDFCBANK,HDFC Bank Ltd,Banking,EQUITY,1554.55558,1557.835246,1550.615663,1554.482928,452240,FINTRACE_SYNTHETIC,DEMO
2026-06-08,s4,HDFCBANK,HDFC Bank Ltd,Banking,EQUITY,1556.163914,1559.822772,1552.471531,1556.137616,499754,FINTRACE_SYNTHETIC,DEMO
2026-06-09,s4,HDFCBANK,HDFC Bank Ltd,Banking,EQUITY,1556.456293,1560.330663,1553.175905,1556.449493,547268,FINTRACE_SYNTHETIC,DEMO
2026-06-10,s4,HDFCBANK,HDFC Bank Ltd,Banking,EQUITY,1555.464163,1558.851117,1551.61265,1555.450647,594782,FINTRACE_SYNTHETIC,DEMO
2026-06-11,s4,HDFCBANK,HDFC Bank Ltd,Banking,EQUITY,1553.348057,1556.916822,1549.574022,1553.304886,642296,FINTRACE_SYNTHETIC,DEMO
2026-06-12,s4,HDFCBANK,HDFC Bank Ltd,Banking,EQUITY,1550.381641,1554.255887,1547.139458,1550.291462,689810,FINTRACE_SYNTHETIC,DEMO
2026-06-13,s4,HDFCBANK,HDFC Bank Ltd,Banking,EQUITY,1546.924944,1550.392602,1543.007126,1546.777752,737324,FINTRACE_SYNTHETIC,DEMO
2026-06-14,s4,HDFCBANK,HDFC Bank Ltd,Banking,EQUITY,1543.389331,1546.843089,1539.418386,1543.183514,784838,FINTRACE_SYNTHETIC,DEMO
2026-06-15,s4,HDFCBANK,HDFC Bank Ltd,Banking,EQUITY,1540.197548,1544.045865,1536.802392,1539.940124,832352,FINTRACE_SYNTHETIC,DEMO
2026-06-16,s4,HDFCBANK,HDFC Bank Ltd,Banking,EQUITY,1537.742679,1541.281025,1533.759966,1537.448687,879866,FINTRACE_SYNTHETIC,DEMO
2026-06-17,s4,HDFCBANK,HDFC Bank Ltd,Banking,EQUITY,1536.349899,1539.688886,1532.248533,1536.041014,927380,FINTRACE_SYNTHETIC,DEMO
2026-06-18,s4,HDFCBANK,HDFC Bank Ltd,Banking,EQUITY,1536.244701,1540.067332,1532.710111,1535.947201,974894,FINTRACE_SYNTHETIC,DEMO
2026-06-19,s4,HDFCBANK,HDFC Bank Ltd,Banking,EQUITY,1537.530611,1541.150465,1533.656027,1537.272885,1022408,FINTRACE_SYNTHETIC,DEMO
2026-06-20,s4,HDFCBANK,HDFC Bank Ltd,Banking,EQUITY,1540.17853,1543.42123,1536.155707,1539.988374,1069922,FINTRACE_SYNTHETIC,DEMO
2026-06-21,s4,HDFCBANK,HDFC Bank Ltd,Banking,EQUITY,1544.028717,1547.839737,1540.572025,1543.930667,1117436,FINTRACE_SYNTHETIC,DEMO
2026-06-22,s4,HDFCBANK,HDFC Bank Ltd,Banking,EQUITY,1548.805235,1552.536239,1545.244157,1548.818197,1164950,FINTRACE_SYNTHETIC,DEMO
2026-06-23,s4,HDFCBANK,HDFC Bank Ltd,Banking,EQUITY,1554.141477,1557.440411,1550.258071,1554.276873,1212464,FINTRACE_SYNTHETIC,DEMO
2026-06-24,s4,HDFCBANK,HDFC Bank Ltd,Banking,EQUITY,1559.61435,1563.679183,1556.121272,1559.874968,1259978,FINTRACE_SYNTHETIC,DEMO
2026-06-25,s4,HDFCBANK,HDFC Bank Ltd,Banking,EQUITY,1564.783859,1568.98061,1561.279183,1565.163509,1307492,FINTRACE_SYNTHETIC,DEMO
2026-06-26,s4,HDFCBANK,HDFC Bank Ltd,Banking,EQUITY,1569.234327,1572.913277,1565.313206,1569.718333,1355006,FINTRACE_SYNTHETIC,DEMO
2026-06-27,s4,HDFCBANK,HDFC Bank Ltd,Banking,EQUITY,1572.613308,1576.956343,1568.997509,1573.179805,452520,FINTRACE_SYNTHETIC,DEMO
2026-06-28,s4,HDFCBANK,HDFC Bank Ltd,Banking,EQUITY,1574.664514,1579.174565,1571.238991,1575.286403,500034,FINTRACE_SYNTHETIC,DEMO
2026-06-29,s4,HDFCBANK,HDFC Bank Ltd,Banking,EQUITY,1575.251592,1579.216876,1571.331158,1575.898993,547548,FINTRACE_SYNTHETIC,DEMO
2026-06-30,s4,HDFCBANK,HDFC Bank Ltd,Banking,EQUITY,1574.370507,1578.721576,1570.666383,1575.013458,595062,FINTRACE_SYNTHETIC,DEMO
2026-07-01,s4,HDFCBANK,HDFC Bank Ltd,Banking,EQUITY,1572.14935,1576.67399,1568.835939,1572.760503,642576,FINTRACE_SYNTHETIC,DEMO
2026-07-02,s4,HDFCBANK,HDFC Bank Ltd,Banking,EQUITY,1568.835581,1572.803415,1564.962122,1569.392637,690090,FINTRACE_SYNTHETIC,DEMO
2026-07-03,s4,HDFCBANK,HDFC Bank Ltd,Banking,EQUITY,1564.771944,1568.861281,1561.017683,1565.2596,737604,FINTRACE_SYNTHETIC,DEMO
2026-07-04,s4,HDFCBANK,HDFC Bank Ltd,Banking,EQUITY,1560.363336,1564.67428,1557.183966,1560.774551,785118,FINTRACE_SYNTHETIC,DEMO
2026-07-05,s4,HDFCBANK,HDFC Bank Ltd,Banking,EQUITY,1556.037798,1559.857063,1552.241297,1556.374268,832632,FINTRACE_SYNTHETIC,DEMO
2026-07-06,s4,HDFCBANK,HDFC Bank Ltd,Banking,EQUITY,1552.205358,1555.957271,1548.421512,1552.477147,880146,FINTRACE_SYNTHETIC,DEMO
2026-07-07,s4,HDFCBANK,HDFC Bank Ltd,Banking,EQUITY,1549.218629,1553.314898,1546.06883,1549.442995,927660,FINTRACE_SYNTHETIC,DEMO
2026-07-08,s4,HDFCBANK,HDFC Bank Ltd,Banking,EQUITY,1547.338941,1551.093876,1543.622393,1547.538477,975174,FINTRACE_SYNTHETIC,DEMO
2026-07-09,s4,HDFCBANK,HDFC Bank Ltd,Banking,EQUITY,1546.711227,1550.279836,1542.894803,1546.911484,1022688,FINTRACE_SYNTHETIC,DEMO
2026-07-10,s4,HDFCBANK,HDFC Bank Ltd,Banking,EQUITY,1547.350062,1551.429159,1544.095634,1547.576887,1070202,FINTRACE_SYNTHETIC,DEMO
2026-07-11,s4,HDFCBANK,HDFC Bank Ltd,Banking,EQUITY,1549.13818,1553.058002,1545.488568,1549.415028,1117716,FINTRACE_SYNTHETIC,DEMO
2026-07-12,s4,HDFCBANK,HDFC Bank Ltd,Banking,EQUITY,1551.83762,1555.457774,1547.976941,1552.183091,1165230,FINTRACE_SYNTHETIC,DEMO
2026-07-13,s4,HDFCBANK,HDFC Bank Ltd,Banking,EQUITY,1555.112436,1559.380085,1551.735924,1555.538271,1212744,FINTRACE_SYNTHETIC,DEMO
2026-07-14,s4,HDFCBANK,HDFC Bank Ltd,Banking,EQUITY,1558.560796,1562.809037,1554.97178,1559.070537,1260258,FINTRACE_SYNTHETIC,DEMO
2026-07-15,s4,HDFCBANK,HDFC Bank Ltd,Banking,EQUITY,1561.753428,1565.528704,1557.851521,1562.341856,1307772,FINTRACE_SYNTHETIC,DEMO
2026-07-16,s4,HDFCBANK,HDFC Bank Ltd,Banking,EQUITY,1564.274728,1568.747974,1560.777302,1564.928141,1355286,FINTRACE_SYNTHETIC,DEMO
2026-07-17,s4,HDFCBANK,HDFC Bank Ltd,Banking,EQUITY,1565.762624,1570.276846,1562.249688,1566.459934,452800,FINTRACE_SYNTHETIC,DEMO
2026-07-18,s4,HDFCBANK,HDFC Bank Ltd,Banking,EQUITY,1565.943389,1569.839716,1562.030032,1566.65792,500314,FINTRACE_SYNTHETIC,DEMO
2026-07-19,s4,HDFCBANK,HDFC Bank Ltd,Banking,EQUITY,1564.658083,1569.121801,1561.06614,1565.359914,547828,FINTRACE_SYNTHETIC,DEMO
2026-07-20,s4,HDFCBANK,HDFC Bank Ltd,Banking,EQUITY,1561.878097,1566.390963,1558.473927,1562.536725,595342,FINTRACE_SYNTHETIC,DEMO
2026-07-21,s4,HDFCBANK,HDFC Bank Ltd,Banking,EQUITY,1557.708327,1561.569461,1553.830131,1558.295388,642856,FINTRACE_SYNTHETIC,DEMO
2026-07-22,s4,HDFCBANK,HDFC Bank Ltd,Banking,EQUITY,1552.37766,1556.530274,1548.730171,1552.869464,690370,FINTRACE_SYNTHETIC,DEMO
2026-07-23,s4,HDFCBANK,HDFC Bank Ltd,Banking,EQUITY,1546.217689,1550.444194,1542.952254,1546.59731,737884,FINTRACE_SYNTHETIC,DEMO
2026-07-24,s4,HDFCBANK,HDFC Bank Ltd,Banking,EQUITY,1539.631665,1543.230666,1535.827977,1539.890409,785398,FINTRACE_SYNTHETIC,DEMO
2026-07-25,s4,HDFCBANK,HDFC Bank Ltd,Banking,EQUITY,1533.056671,1536.728062,1529.38261,1533.194762,832912,FINTRACE_SYNTHETIC,DEMO
2026-07-26,s4,HDFCBANK,HDFC Bank Ltd,Banking,EQUITY,1526.92259,1530.763702,1523.804622,1526.949027,880426,FINTRACE_SYNTHETIC,DEMO
2026-07-27,s4,HDFCBANK,HDFC Bank Ltd,Banking,EQUITY,1521.611802,1525.010868,1517.827871,1521.543386,927940,FINTRACE_SYNTHETIC,DEMO
2026-07-28,s4,HDFCBANK,HDFC Bank Ltd,Banking,EQUITY,1517.423425,1520.830836,1513.587621,1517.283064,975454,FINTRACE_SYNTHETIC,DEMO
2026-07-29,s4,HDFCBANK,HDFC Bank Ltd,Banking,EQUITY,1514.545535,1518.330647,1511.287735,1514.359972,1022968,FINTRACE_SYNTHETIC,DEMO
2026-07-30,s4,HDFCBANK,HDFC Bank Ltd,Banking,EQUITY,1513.03797,1516.508705,1509.197539,1512.835172,1070482,FINTRACE_SYNTHETIC,DEMO
2026-07-31,s4,HDFCBANK,HDFC Bank Ltd,Banking,EQUITY,1512.827398,1516.127782,1508.903897,1512.633834,1117996,FINTRACE_SYNTHETIC,DEMO
2026-08-01,s4,HDFCBANK,HDFC Bank Ltd,Banking,EQUITY,1513.715077,1517.484414,1510.376376,1513.55316,1165510,FINTRACE_SYNTHETIC,DEMO
2026-08-02,s4,HDFCBANK,HDFC Bank Ltd,Banking,EQUITY,1515.396589,1518.954785,1511.70798,1515.28252,1213024,FINTRACE_SYNTHETIC,DEMO
2026-08-03,s4,HDFCBANK,HDFC Bank Ltd,Banking,EQUITY,1517.491648,1520.699688,1513.66028,1517.433867,1260538,FINTRACE_SYNTHETIC,DEMO
2026-08-04,s4,HDFCBANK,HDFC Bank Ltd,Banking,EQUITY,1519.581145,1523.336429,1516.286505,1519.579538,1308052,FINTRACE_SYNTHETIC,DEMO
2026-08-05,s4,HDFCBANK,HDFC Bank Ltd,Banking,EQUITY,1521.247889,1524.937642,1517.739457,1521.293828,1355566,FINTRACE_SYNTHETIC,DEMO
2026-08-06,s4,HDFCBANK,HDFC Bank Ltd,Banking,EQUITY,1522.11716,1525.306039,1518.314846,1522.19437,453080,FINTRACE_SYNTHETIC,DEMO
2026-08-07,s4,HDFCBANK,HDFC Bank Ltd,Banking,EQUITY,1521.893199,1525.697518,1518.496484,1521.979369,500594,FINTRACE_SYNTHETIC,DEMO
2026-08-08,s4,HDFCBANK,HDFC Bank Ltd,Banking,EQUITY,1520.38816,1524.158662,1516.971165,1520.457147,548108,FINTRACE_SYNTHETIC,DEMO
2026-08-09,s4,HDFCBANK,HDFC Bank Ltd,Banking,EQUITY,1517.540754,1520.640548,1513.747971,1517.565162,595622,FINTRACE_SYNTHETIC,DEMO
2026-08-10,s4,HDFCBANK,HDFC Bank Ltd,Banking,EQUITY,1513.422802,1517.06381,1509.907902,1513.376701,643136,FINTRACE_SYNTHETIC,DEMO
2026-08-11,s4,HDFCBANK,HDFC Bank Ltd,Banking,EQUITY,1508.233078,1511.950944,1504.80143,1508.094595,690650,FINTRACE_SYNTHETIC,DEMO
2026-08-12,s4,HDFCBANK,HDFC Bank Ltd,Banking,EQUITY,1502.279017,1505.428878,1498.291658,1502.032554,738164,FINTRACE_SYNTHETIC,DEMO
2026-08-13,s4,HDFCBANK,HDFC Bank Ltd,Banking,EQUITY,1495.948032,1499.479261,1492.076598,1495.585896,785678,FINTRACE_SYNTHETIC,DEMO
2026-08-14,s4,HDFCBANK,HDFC Bank Ltd,Banking,EQUITY,1489.671168,1493.374955,1486.04304,1489.194465,833192,FINTRACE_SYNTHETIC,DEMO
2026-08-15,s4,HDFCBANK,HDFC Bank Ltd,Banking,EQUITY,1483.882564,1487.095142,1479.634541,1483.301257,880706,FINTRACE_SYNTHETIC,DEMO
2026-08-16,s4,HDFCBANK,HDFC Bank Ltd,Banking,EQUITY,1478.978571,1482.392101,1474.771862,1478.310713,928220,FINTRACE_SYNTHETIC,DEMO
2026-08-17,s4,HDFCBANK,HDFC Bank Ltd,Banking,EQUITY,1475.280433,1478.96545,1471.533109,1474.550634,975734,FINTRACE_SYNTHETIC,DEMO
2026-08-18,s4,HDFCBANK,HDFC Bank Ltd,Banking,EQUITY,1473.00408,1476.288788,1468.643211,1472.241357,1023248,FINTRACE_SYNTHETIC,DEMO
2026-08-19,s4,HDFCBANK,HDFC Bank Ltd,Banking,EQUITY,1472.239915,1475.551526,1467.894475,1471.475127,1070762,FINTRACE_SYNTHETIC,DEMO
2026-08-20,s4,HDFCBANK,HDFC Bank Ltd,Banking,EQUITY,1472.94451,1476.626,1469.227419,1472.207633,1118276,FINTRACE_SYNTHETIC,DEMO
2026-08-21,s4,HDFCBANK,HDFC Bank Ltd,Banking,EQUITY,1474.94502,1478.323077,1470.713805,1474.262501,1165790,FINTRACE_SYNTHETIC,DEMO
2026-08-22,s4,HDFCBANK,HDFC Bank Ltd,Banking,EQUITY,1477.95587,1481.186261,1473.707802,1477.348328,1213304,FINTRACE_SYNTHETIC,DEMO
2026-08-23,s4,HDFCBANK,HDFC Bank Ltd,Banking,EQUITY,1481.606139,1485.296789,1477.984414,1481.086624,1260818,FINTRACE_SYNTHETIC,DEMO
2026-08-24,s4,HDFCBANK,HDFC Bank Ltd,Banking,EQUITY,1485.475031,1488.958229,1481.540232,1485.048003,1308332,FINTRACE_SYNTHETIC,DEMO
2026-08-25,s4,HDFCBANK,HDFC Bank Ltd,Banking,EQUITY,1489.13203,1492.286526,1485.092336,1488.793167,1355846,FINTRACE_SYNTHETIC,DEMO
2026-08-26,s4,HDFCBANK,HDFC Bank Ltd,Banking,EQUITY,1492.177944,1495.867686,1488.687925,1491.914773,453360,FINTRACE_SYNTHETIC,DEMO
2026-08-27,s4,HDFCBANK,HDFC Bank Ltd,Banking,EQUITY,1494.282889,1497.857932,1490.625232,1494.076208,500874,FINTRACE_SYNTHETIC,DEMO
2026-08-28,s4,HDFCBANK,HDFC Bank Ltd,Banking,EQUITY,1495.217625,1498.280737,1491.309483,1495.043551,548388,FINTRACE_SYNTHETIC,DEMO
2026-08-29,s4,HDFCBANK,HDFC Bank Ltd,Banking,EQUITY,1494.875232,1498.530209,1491.377536,1494.707702,595902,FINTRACE_SYNTHETIC,DEMO
2026-08-30,s4,HDFCBANK,HDFC Bank Ltd,Banking,EQUITY,1493.281075,1496.913135,1489.73316,1493.094542,643416,FINTRACE_SYNTHETIC,DEMO
2026-08-31,s4,HDFCBANK,HDFC Bank Ltd,Banking,EQUITY,1490.590103,1493.604235,1486.637007,1490.362183,690930,FINTRACE_SYNTHETIC,DEMO
2026-09-01,s4,HDFCBANK,HDFC Bank Ltd,Banking,EQUITY,1487.071747,1490.653181,1483.383063,1486.785555,738444,FINTRACE_SYNTHETIC,DEMO
2026-09-02,s4,HDFCBANK,HDFC Bank Ltd,Banking,EQUITY,1483.083847,1486.737281,1479.485931,1482.729801,785958,FINTRACE_SYNTHETIC,DEMO
2026-09-03,s4,HDFCBANK,HDFC Bank Ltd,Banking,EQUITY,1479.03811,1482.132814,1474.931218,1478.615029,833472,FINTRACE_SYNTHETIC,DEMO
2026-09-04,s4,HDFCBANK,HDFC Bank Ltd,Banking,EQUITY,1475.36038,1478.847514,1471.419798,1474.875774,880986,FINTRACE_SYNTHETIC,DEMO
2026-09-05,s4,HDFCBANK,HDFC Bank Ltd,Banking,EQUITY,1472.449523,1476.108949,1468.797848,1471.919043,928500,FINTRACE_SYNTHETIC,DEMO
2026-09-06,s4,HDFCBANK,HDFC Bank Ltd,Banking,EQUITY,1470.63884,1473.816592,1466.448773,1470.084938,976014,FINTRACE_SYNTHETIC,DEMO
2025-12-29,s5,ICICIBANK,ICICI Bank Ltd,Banking,EQUITY,1316.855623,1319.868778,1313.563484,1317.234309,450000,FINTRACE_SYNTHETIC,DEMO
2025-12-30,s5,ICICIBANK,ICICI Bank Ltd,Banking,EQUITY,1315.084679,1318.622107,1312.099238,1315.43778,505433,FINTRACE_SYNTHETIC,DEMO
2025-12-31,s5,ICICIBANK,ICICI Bank Ltd,Banking,EQUITY,1312.591317,1316.126807,1309.693019,1312.904089,560866,FINTRACE_SYNTHETIC,DEMO
2026-01-01,s5,ICICIBANK,ICICI Bank Ltd,Banking,EQUITY,1309.664641,1312.640526,1306.397033,1309.928241,616299,FINTRACE_SYNTHETIC,DEMO
2026-01-02,s5,ICICIBANK,ICICI Bank Ltd,Banking,EQUITY,1306.629889,1309.950306,1303.589594,1306.842111,671732,FINTRACE_SYNTHETIC,DEMO
2026-01-03,s5,ICICIBANK,ICICI Bank Ltd,Banking,EQUITY,1303.816939,1307.215486,1301.024384,1303.982311,727165,FINTRACE_SYNTHETIC,DEMO
2026-01-04,s5,ICICIBANK,ICICI Bank Ltd,Banking,EQUITY,1301.528414,1304.442803,1298.300512,1301.657637,782598,FINTRACE_SYNTHETIC,DEMO
2026-01-05,s5,ICICIBANK,ICICI Bank Ltd,Banking,EQUITY,1300.010403,1303.146521,1296.920342,1300.119202,838031,FINTRACE_SYNTHETIC,DEMO
2026-01-06,s5,ICICIBANK,ICICI Bank Ltd,Banking,EQUITY,1299.42862,1302.778028,1296.735229,1299.536102,893464,FINTRACE_SYNTHETIC,DEMO
2026-01-07,s5,ICICIBANK,ICICI Bank Ltd,Banking,EQUITY,1299.852244,1302.846759,1296.660372,1299.978928,948897,FINTRACE_SYNTHETIC,DEMO
2026-01-08,s5,ICICIBANK,ICICI Bank Ltd,Banking,EQUITY,1301.247011,1304.369539,1298.098598,1301.412716,1004330,FINTRACE_SYNTHETIC,DEMO
2026-01-09,s5,ICICIBANK,ICICI Bank Ltd,Banking,EQUITY,1303.4782,1306.959239,1300.868359,1303.699995,1059763,FINTRACE_SYNTHETIC,DEMO
2026-01-10,s5,ICICIBANK,ICICI Bank Ltd,Banking,EQUITY,1306.323235,1309.577423,1303.159416,1306.613649,1115196,FINTRACE_SYNTHETIC,DEMO
2026-01-11,s5,ICICIBANK,ICICI Bank Ltd,Banking,EQUITY,1309.492709,1312.753257,1306.279576,1309.858361,1170629,FINTRACE_SYNTHETIC,DEMO
2026-01-12,s5,ICICIBANK,ICICI Bank Ltd,Banking,EQUITY,1312.657811,1316.375194,1309.942751,1313.098614,1226062,FINTRACE_SYNTHETIC,DEMO
2026-01-13,s5,ICICIBANK,ICICI Bank Ltd,Banking,EQUITY,1315.481566,1319.05042,1312.350925,1315.990553,1281495,FINTRACE_SYNTHETIC,DEMO
2026-01-14,s5,ICICIBANK,ICICI Bank Ltd,Banking,EQUITY,1317.650883,1321.040886,1314.384651,1318.214697,1336928,FINTRACE_SYNTHETIC,DEMO
2026-01-15,s5,ICICIBANK,ICICI Bank Ltd,Banking,EQUITY,1318.906377,1322.779668,1316.087107,1319.50637,1392361,FINTRACE_SYNTHETIC,DEMO
2026-01-16,s5,ICICIBANK,ICICI Bank Ltd,Banking,EQUITY,1319.067115,1322.815838,1315.99348,1319.680944,497794,FINTRACE_SYNTHETIC,DEMO
2026-01-17,s5,ICICIBANK,ICICI Bank Ltd,Banking,EQUITY,1318.047923,1321.38763,1314.760247,1318.651509,553227,FINTRACE_SYNTHETIC,DEMO
2026-01-18,s5,ICICIBANK,ICICI Bank Ltd,Banking,EQUITY,1315.867611,1319.671048,1312.967385,1316.437256,608660,FINTRACE_SYNTHETIC,DEMO
2026-01-19,s5,ICICIBANK,ICICI Bank Ltd,Banking,EQUITY,1312.647324,1316.337461,1309.662542,1313.161805,664093,FINTRACE_SYNTHETIC,DEMO
2026-01-20,s5,ICICIBANK,ICICI Bank Ltd,Banking,EQUITY,1308.599184,1311.665483,1305.327712,1309.041606,719526,FINTRACE_SYNTHETIC,DEMO
2026-01-21,s5,ICICIBANK,ICICI Bank Ltd,Banking,EQUITY,1304.006295,1307.526163,1301.050874,1304.365542,774959,FINTRACE_SYNTHETIC,DEMO
2026-01-22,s5,ICICIBANK,ICICI Bank Ltd,Banking,EQUITY,1299.196027,1302.654981,1296.322089,1299.46766,830392,FINTRACE_SYNTHETIC,DEMO
2026-01-23,s5,ICICIBANK,ICICI Bank Ltd,Banking,EQUITY,1294.509109,1297.370716,1291.27853,1294.695647,885825,FINTRACE_SYNTHETIC,DEMO
2026-01-24,s5,ICICIBANK,ICICI Bank Ltd,Banking,EQUITY,1290.267498,1293.450779,1287.269613,1290.378029,941258,FINTRACE_SYNTHETIC,DEMO
2026-01-25,s5,ICICIBANK,ICICI Bank Ltd,Banking,EQUITY,1286.744063,1289.982159,1283.982621,1286.793243,996691,FINTRACE_SYNTHETIC,DEMO
2026-01-26,s5,ICICIBANK,ICICI Bank Ltd,Banking,EQUITY,1284.136987,1286.885746,1280.950654,1284.143518,1052124,FINTRACE_SYNTHETIC,DEMO
2026-01-27,s5,ICICIBANK,ICICI Bank Ltd,Banking,EQUITY,1282.551319,1285.541994,1279.491268,1282.536046,1107557,FINTRACE_SYNTHETIC,DEMO
2026-01-28,s5,ICICIBANK,ICICI Bank Ltd,Banking,EQUITY,1281.989434,1285.186736,1279.31043,1281.973249,1162990,FINTRACE_SYNTHETIC,DEMO
2026-01-29,s5,ICICIBANK,ICICI Bank Ltd,Banking,EQUITY,1282.351306,1285.176829,1279.200093,1282.353063,1218423,FINTRACE_SYNTHETIC,DEMO
2026-01-30,s5,ICICIBANK,ICICI Bank Ltd,Banking,EQUITY,1283.444574,1286.400029,1280.342345,1283.479198,1273856,FINTRACE_SYNTHETIC,DEMO
2026-01-31,s5,ICICIBANK,ICICI Bank Ltd,Banking,EQUITY,1285.00342,1288.293058,1282.424883,1285.080414,1329289,FINTRACE_SYNTHETIC,DEMO
2026-02-01,s5,ICICIBANK,ICICI Bank Ltd,Banking,EQUITY,1286.714484,1289.751049,1283.595121,1286.836953,1384722,FINTRACE_SYNTHETIC,DEMO
2026-02-02,s5,ICICIBANK,ICICI Bank Ltd,Banking,EQUITY,1288.247312,1291.264281,1285.088728,1288.41162,490155,FINTRACE_SYNTHETIC,DEMO
2026-02-03,s5,ICICIBANK,ICICI Bank Ltd,Banking,EQUITY,1289.286461,1292.700938,1286.625397,1289.482532,545588,FINTRACE_SYNTHETIC,DEMO
2026-02-04,s5,ICICIBANK,ICICI Bank Ltd,Banking,EQUITY,1289.562168,1292.76898,1286.489519,1289.774422,601021,FINTRACE_SYNTHETIC,DEMO
2026-02-05,s5,ICICIBANK,ICICI Bank Ltd,Banking,EQUITY,1288.876685,1291.854699,1285.683446,1289.085506,656454,FINTRACE_SYNTHETIC,DEMO
2026-02-06,s5,ICICIBANK,ICICI Bank Ltd,Banking,EQUITY,1287.123744,1290.502312,1284.377895,1287.307347,711887,FINTRACE_SYNTHETIC,DEMO
2026-02-07,s5,ICICIBANK,ICICI Bank Ltd,Banking,EQUITY,1284.299304,1287.483218,1281.302431,1284.435821,767320,FINTRACE_SYNTHETIC,DEMO
2026-02-08,s5,ICICIBANK,ICICI Bank Ltd,Banking,EQUITY,1280.502551,1283.234847,1277.3094,1280.572139,822753,FINTRACE_SYNTHETIC,DEMO
2026-02-09,s5,ICICIBANK,ICICI Bank Ltd,Banking,EQUITY,1275.927049,1279.063611,1273.106815,1275.913816,878186,FINTRACE_SYNTHETIC,DEMO
2026-02-10,s5,ICICIBANK,ICICI Bank Ltd,Banking,EQUITY,1270.842891,1273.913104,1267.842282,1270.736456,933619,FINTRACE_SYNTHETIC,DEMO
2026-02-11,s5,ICICIBANK,ICICI Bank Ltd,Banking,EQUITY,1265.571533,1268.113878,1262.204755,1265.368076,989052,FINTRACE_SYNTHETIC,DEMO
2026-02-12,s5,ICICIBANK,ICICI Bank Ltd,Banking,EQUITY,1260.455729,1263.512904,1257.307112,1260.158424,1044485,FINTRACE_SYNTHETIC,DEMO
2026-02-13,s5,ICICIBANK,ICICI Bank Ltd,Banking,EQUITY,1255.827407,1258.905307,1252.664021,1255.446202,1099918,FINTRACE_SYNTHETIC,DEMO
2026-02-14,s5,ICICIBANK,ICICI Bank Ltd,Banking,EQUITY,1251.976563,1254.557872,1248.403304,1251.527326,1155351,FINTRACE_SYNTHETIC,DEMO
2026-02-15,s5,ICICIBANK,ICICI Bank Ltd,Banking,EQUITY,1249.124131,1252.102202,1245.730331,1248.627237,1210784,FINTRACE_SYNTHETIC,DEMO
2026-02-16,s5,ICICIBANK,ICICI Bank Ltd,Banking,EQUITY,1247.401405,1250.491064,1244.198748,1246.87991,1266217,FINTRACE_SYNTHETIC,DEMO
2026-02-17,s5,ICICIBANK,ICICI Bank Ltd,Banking,EQUITY,1246.837987,1249.495232,1243.221591,1246.315549,1321650,FINTRACE_SYNTHETIC,DEMO
2026-02-18,s5,ICICIBANK,ICICI Bank Ltd,Banking,EQUITY,1247.359388,1250.272115,1243.90175,1246.858147,1377083,FINTRACE_SYNTHETIC,DEMO
2026-02-19,s5,ICICIBANK,ICICI Bank Ltd,Banking,EQUITY,1248.794536,1251.908172,1245.73474,1248.33314,482516,FINTRACE_SYNTHETIC,DEMO
2026-02-20,s5,ICICIBANK,ICICI Bank Ltd,Banking,EQUITY,1250.892439,1253.641854,1247.409295,1250.484413,537949,FINTRACE_SYNTHETIC,DEMO
2026-02-21,s5,ICICIBANK,ICICI Bank Ltd,Banking,EQUITY,1253.346446,1256.203317,1249.973498,1252.999058,593382,FINTRACE_SYNTHETIC,DEMO
2026-02-22,s5,ICICIBANK,ICICI Bank Ltd,Banking,EQUITY,1255.823767,1258.963172,1253.012527,1255.537493,648815,FINTRACE_SYNTHETIC,DEMO
2026-02-23,s5,ICICIBANK,ICICI Bank Ltd,Banking,EQUITY,1257.997447,1260.841497,1254.713982,1257.76609,704248,FINTRACE_SYNTHETIC,DEMO
2026-02-24,s5,ICICIBANK,ICICI Bank Ltd,Banking,EQUITY,1259.577748,1262.371596,1256.303779,1259.389199,759681,FINTRACE_SYNTHETIC,DEMO
2026-02-25,s5,ICICIBANK,ICICI Bank Ltd,Banking,EQUITY,1260.339937,1263.486296,1257.58205,1260.177499,815114,FINTRACE_SYNTHETIC,DEMO
2026-02-26,s5,ICICIBANK,ICICI Bank Ltd,Banking,EQUITY,1260.145833,1263.067316,1256.984232,1259.989989,870547,FINTRACE_SYNTHETIC,DEMO
2026-02-27,s5,ICICIBANK,ICICI Bank Ltd,Banking,EQUITY,1258.957063,1261.666849,1255.670497,1258.787515,925980,FINTRACE_SYNTHETIC,DEMO
2026-02-28,s5,ICICIBANK,ICICI Bank Ltd,Banking,EQUITY,1256.83876,1259.959564,1253.961094,1256.636537,981413,FINTRACE_SYNTHETIC,DEMO
2026-03-01,s5,ICICIBANK,ICICI Bank Ltd,Banking,EQUITY,1253.953345,1256.924701,1250.773198,1253.702792,1036846,FINTRACE_SYNTHETIC,DEMO
2026-03-02,s5,ICICIBANK,ICICI Bank Ltd,Banking,EQUITY,1250.544998,1253.150731,1247.118671,1250.235443,1092279,FINTRACE_SYNTHETIC,DEMO
2026-03-03,s5,ICICIBANK,ICICI Bank Ltd,Banking,EQUITY,1246.916281,1249.983711,1243.805907,1246.543227,1147712,FINTRACE_SYNTHETIC,DEMO
2026-03-04,s5,ICICIBANK,ICICI Bank Ltd,Banking,EQUITY,1243.399164,1246.400001,1240.129403,1242.964888,1203145,FINTRACE_SYNTHETIC,DEMO
2026-03-05,s5,ICICIBANK,ICICI Bank Ltd,Banking,EQUITY,1240.323194,1242.820307,1236.737326,1239.8367,1258578,FINTRACE_SYNTHETIC,DEMO
2026-03-06,s5,ICICIBANK,ICICI Bank Ltd,Banking,EQUITY,1237.983864,1240.989392,1234.664904,1237.460184,1314011,FINTRACE_SYNTHETIC,DEMO
2026-03-07,s5,ICICIBANK,ICICI Bank Ltd,Banking,EQUITY,1236.614179,1239.642602,1233.328932,1236.073102,1369444,FINTRACE_SYNTHETIC,DEMO
2026-03-08,s5,ICICIBANK,ICICI Bank Ltd,Banking,EQUITY,1236.362145,1238.905827,1232.740999,1235.826481,474877,FINTRACE_SYNTHETIC,DEMO
2026-03-09,s5,ICICIBANK,ICICI Bank Ltd,Banking,EQUITY,1237.276323,1240.229634,1233.904698,1236.769872,530310,FINTRACE_SYNTHETIC,DEMO
2026-03-10,s5,ICICIBANK,ICICI Bank Ltd,Banking,EQUITY,1239.300831,1242.368754,1236.177144,1238.846253,585743,FINTRACE_SYNTHETIC,DEMO
2026-03-11,s5,ICICIBANK,ICICI Bank Ltd,Banking,EQUITY,1242.280259,1244.922479,1238.812634,1241.897041,641176,FINTRACE_SYNTHETIC,DEMO
2026-03-12,s5,ICICIBANK,ICICI Bank Ltd,Banking,EQUITY,1245.974051,1248.887619,1242.72689,1245.676772,696609,FINTRACE_SYNTHETIC,DEMO
2026-03-13,s5,ICICIBANK,ICICI Bank Ltd,Banking,EQUITY,1250.078968,1253.194881,1247.268955,1249.87602,752042,FINTRACE_SYNTHETIC,DEMO
2026-03-14,s5,ICICIBANK,ICICI Bank Ltd,Banking,EQUITY,1254.257506,1257.00921,1251.064082,1254.150391,807475,FINTRACE_SYNTHETIC,DEMO
2026-03-15,s5,ICICIBANK,ICICI Bank Ltd,Banking,EQUITY,1258.169547,1261.042015,1255.117952,1258.152825,862908,FINTRACE_SYNTHETIC,DEMO
2026-03-16,s5,ICICIBANK,ICICI Bank Ltd,Banking,EQUITY,1261.504241,1264.719743,1258.961695,1261.56613,918341,FINTRACE_SYNTHETIC,DEMO
2026-03-17,s5,ICICIBANK,ICICI Bank Ltd,Banking,EQUITY,1264.009085,1266.985783,1260.938931,1264.132649,973774,FINTRACE_SYNTHETIC,DEMO
2026-03-18,s5,ICICIBANK,ICICI Bank Ltd,Banking,EQUITY,1265.513409,1268.490639,1262.415451,1265.67823,1029207,FINTRACE_SYNTHETIC,DEMO
2026-03-19,s5,ICICIBANK,ICICI Bank Ltd,Banking,EQUITY,1265.944061,1269.289679,1263.342301,1266.128227,1084640,FINTRACE_SYNTHETIC,DEMO
2026-03-20,s5,ICICIBANK,ICICI Bank Ltd,Banking,EQUITY,1265.331774,1268.443595,1262.309728,1265.514001,1140073,FINTRACE_SYNTHETIC,DEMO
2026-03-21,s5,ICICIBANK,ICICI Bank Ltd,Banking,EQUITY,1263.80763,1266.695202,1260.67991,1263.969308,1195506,FINTRACE_SYNTHETIC,DEMO
2026-03-22,s5,ICICIBANK,ICICI Bank Ltd,Banking,EQUITY,1261.589943,1264.851253,1258.909354,1261.716918,1250939,FINTRACE_SYNTHETIC,DEMO
2026-03-23,s5,ICICIBANK,ICICI Bank Ltd,Banking,EQUITY,1258.962836,1262.026407,1256.016848,1259.046753,1306372,FINTRACE_SYNTHETIC,DEMO
2026-03-24,s5,ICICIBANK,ICICI Bank Ltd,Banking,EQUITY,1256.248537,1258.910793,1253.11773,1256.287616,1361805,FINTRACE_SYNTHETIC,DEMO
2026-03-25,s5,ICICIBANK,ICICI Bank Ltd,Banking,EQUITY,1253.776051,1256.862508,1251.027141,1253.775227,467238,FINTRACE_SYNTHETIC,DEMO
2026-03-26,s5,ICICIBANK,ICICI Bank Ltd,Banking,EQUITY,1251.849189,1254.867284,1248.959347,1251.819598,522671,FINTRACE_SYNTHETIC,DEMO
2026-03-27,s5,ICICIBANK,ICICI Bank Ltd,Banking,EQUITY,1250.71702,1253.240591,1247.548585,1250.67488,578104,FINTRACE_SYNTHETIC,DEMO
2026-03-28,s5,ICICIBANK,ICICI Bank Ltd,Banking,EQUITY,1250.549543,1253.588422,1247.69452,1250.514541,633537,FINTRACE_SYNTHETIC,DEMO
2026-03-29,s5,ICICIBANK,ICICI Bank Ltd,Banking,EQUITY,1251.420921,1254.483146,1248.631066,1251.414258,688970,FINTRACE_SYNTHETIC,DEMO
2026-03-30,s5,ICICIBANK,ICICI Bank Ltd,Banking,EQUITY,1253.301868,1255.917256,1250.172143,1253.344148,744403,FINTRACE_SYNTHETIC,DEMO
2026-03-31,s5,ICICIBANK,ICICI Bank Ltd,Banking,EQUITY,1256.061926,1259.173003,1253.156376,1256.17109,799836,FINTRACE_SYNTHETIC,DEMO
2026-04-01,s5,ICICIBANK,ICICI Bank Ltd,Banking,EQUITY,1259.481401,1262.78751,1256.762541,1259.670906,855269,FINTRACE_SYNTHETIC,DEMO
2026-04-02,s5,ICICIBANK,ICICI Bank Ltd,Banking,EQUITY,1263.271844,1266.231304,1260.132955,1263.549261,910702,FINTRACE_SYNTHETIC,DEMO
2026-04-03,s5,ICICIBANK,ICICI Bank Ltd,Banking,EQUITY,1267.10311,1270.437217,1264.106301,1267.469272,966135,FINTRACE_SYNTHETIC,DEMO
2026-04-04,s5,ICICIBANK,ICICI Bank Ltd,Banking,EQUITY,1270.634427,1274.25049,1267.978527,1271.083213,1021568,FINTRACE_SYNTHETIC,DEMO
2026-04-05,s5,ICICIBANK,ICICI Bank Ltd,Banking,EQUITY,1273.54651,1276.855236,1270.410308,1274.065283,1077001,FINTRACE_SYNTHETIC,DEMO
2026-04-06,s5,ICICIBANK,ICICI Bank Ltd,Banking,EQUITY,1275.571665,1279.060467,1272.497991,1276.142324,1132434,FINTRACE_SYNTHETIC,DEMO
2026-04-07,s5,ICICIBANK,ICICI Bank Ltd,Banking,EQUITY,1276.519009,1280.31185,1273.940555,1277.119558,1187867,FINTRACE_SYNTHETIC,DEMO
2026-04-08,s5,ICICIBANK,ICICI Bank Ltd,Banking,EQUITY,1276.292409,1279.775976,1273.189539,1276.898889,1243300,FINTRACE_SYNTHETIC,DEMO
2026-04-09,s5,ICICIBANK,ICICI Bank Ltd,Banking,EQUITY,1274.899426,1278.327287,1271.781019,1275.488034,1298733,FINTRACE_SYNTHETIC,DEMO
2026-04-10,s5,ICICIBANK,ICICI Bank Ltd,Banking,EQUITY,1272.450418,1276.178808,1269.840886,1272.999602,1354166,FINTRACE_SYNTHETIC,DEMO
2026-04-11,s5,ICICIBANK,ICICI Bank Ltd,Banking,EQUITY,1269.147883,1272.574991,1266.113204,1269.640225,459599,FINTRACE_SYNTHETIC,DEMO
2026-04-12,s5,ICICIBANK,ICICI Bank Ltd,Banking,EQUITY,1265.267064,1268.42568,1262.137509,1265.690761,515032,FINTRACE_SYNTHETIC,DEMO
2026-04-13,s5,ICICIBANK,ICICI Bank Ltd,Banking,EQUITY,1261.129655,1264.614586,1258.455456,1261.479472,570465,FINTRACE_SYNTHETIC,DEMO
2026-04-14,s5,ICICIBANK,ICICI Bank Ltd,Banking,EQUITY,1257.073135,1260.32256,1254.127507,1257.350722,625898,FINTRACE_SYNTHETIC,DEMO
2026-04-15,s5,ICICIBANK,ICICI Bank Ltd,Banking,EQUITY,1253.418628,1256.255277,1250.295873,1253.632188,681331,FINTRACE_SYNTHETIC,DEMO
2026-04-16,s5,ICICIBANK,ICICI Bank Ltd,Banking,EQUITY,1250.440373,1253.684458,1247.704716,1250.603709,736764,FINTRACE_SYNTHETIC,DEMO
2026-04-17,s5,ICICIBANK,ICICI Bank Ltd,Banking,EQUITY,1248.339707,1251.47751,1245.48288,1248.470728,792197,FINTRACE_SYNTHETIC,DEMO
2026-04-18,s5,ICICIBANK,ICICI Bank Ltd,Banking,EQUITY,1247.226036,1249.867169,1244.108582,1247.344886,847630,FINTRACE_SYNTHETIC,DEMO
2026-04-19,s5,ICICIBANK,ICICI Bank Ltd,Banking,EQUITY,1247.106617,1250.267202,1244.299041,1247.233586,903063,FINTRACE_SYNTHETIC,DEMO
2026-04-20,s5,ICICIBANK,ICICI Bank Ltd,Banking,EQUITY,1247.886113,1251.091,1245.105842,1248.039546,958496,FINTRACE_SYNTHETIC,DEMO
2026-04-21,s5,ICICIBANK,ICICI Bank Ltd,Banking,EQUITY,1249.375974,1252.130227,1246.255491,1249.570369,1013929,FINTRACE_SYNTHETIC,DEMO
2026-04-22,s5,ICICIBANK,ICICI Bank Ltd,Banking,EQUITY,1251.312737,1254.551552,1248.422505,1251.557214,1069362,FINTRACE_SYNTHETIC,DEMO
2026-04-23,s5,ICICIBANK,ICICI Bank Ltd,Banking,EQUITY,1253.383508,1256.7808,1250.672559,1253.680801,1124795,FINTRACE_SYNTHETIC,DEMO
2026-04-24,s5,ICICIBANK,ICICI Bank Ltd,Banking,EQUITY,1255.256187,1258.262035,1252.135876,1255.602254,1180228,FINTRACE_SYNTHETIC,DEMO
2026-04-25,s5,ICICIBANK,ICICI Bank Ltd,Banking,EQUITY,1256.611558,1259.943308,1253.643381,1256.995842,1235661,FINTRACE_SYNTHETIC,DEMO
2026-04-26,s5,ICICIBANK,ICICI Bank Ltd,Banking,EQUITY,1257.174186,1260.713111,1254.540953,1257.580508,1291094,FINTRACE_SYNTHETIC,DEMO
2026-04-27,s5,ICICIBANK,ICICI Bank Ltd,Banking,EQUITY,1256.739155,1259.894905,1253.642254,1257.147156,1346527,FINTRACE_SYNTHETIC,DEMO
2026-04-28,s5,ICICIBANK,ICICI Bank Ltd,Banking,EQUITY,1255.192125,1258.45477,1252.170764,1255.57911,451960,FINTRACE_SYNTHETIC,DEMO
2026-04-29,s5,ICICIBANK,ICICI Bank Ltd,Banking,EQUITY,1252.520765,1255.995206,1249.985248,1252.863789,507393,FINTRACE_SYNTHETIC,DEMO
2026-04-30,s5,ICICIBANK,ICICI Bank Ltd,Banking,EQUITY,1248.816486,1251.904126,1245.777636,1249.094467,562826,FINTRACE_SYNTHETIC,DEMO
2026-05-01,s5,ICICIBANK,ICICI Bank Ltd,Banking,EQUITY,1244.266299,1247.237066,1241.225331,1244.461975,618259,FINTRACE_SYNTHETIC,DEMO
2026-05-02,s5,ICICIBANK,ICICI Bank Ltd,Banking,EQUITY,1239.135579,1242.332524,1236.599826,1239.237103,673692,FINTRACE_SYNTHETIC,DEMO
2026-05-03,s5,ICICIBANK,ICICI Bank Ltd,Banking,EQUITY,1233.743364,1236.592909,1230.789958,1233.745399,729125,FINTRACE_SYNTHETIC,DEMO
2026-05-04,s5,ICICIBANK,ICICI Bank Ltd,Banking,EQUITY,1228.432549,1231.092099,1225.300318,1228.336756,784558,FINTRACE_SYNTHETIC,DEMO
2026-05-05,s5,ICICIBANK,ICICI Bank Ltd,Banking,EQUITY,1223.53781,1226.57991,1220.763847,1223.352681,839991,FINTRACE_SYNTHETIC,DEMO
2026-05-06,s5,ICICIBANK,ICICI Bank Ltd,Banking,EQUITY,1219.354316,1222.232625,1216.233824,1219.094366,895424,FINTRACE_SYNTHETIC,DEMO
2026-05-07,s5,ICICIBANK,ICICI Bank Ltd,Banking,EQUITY,1216.110205,1218.660068,1212.766604,1215.794605,950857,FINTRACE_SYNTHETIC,DEMO
2026-05-08,s5,ICICIBANK,ICICI Bank Ltd,Banking,EQUITY,1213.945447,1216.937887,1210.94616,1213.596224,1006290,FINTRACE_SYNTHETIC,DEMO
2026-05-09,s5,ICICIBANK,ICICI Bank Ltd,Banking,EQUITY,1212.899101,1215.817096,1209.759814,1212.539081,1061723,FINTRACE_SYNTHETIC,DEMO
2026-05-10,s5,ICICIBANK,ICICI Bank Ltd,Banking,EQUITY,1212.906193,1215.364198,1209.526336,1212.556873,1117156,FINTRACE_SYNTHETIC,DEMO
2026-05-11,s5,ICICIBANK,ICICI Bank Ltd,Banking,EQUITY,1213.804486,1216.759472,1210.756826,1213.484054,1172589,FINTRACE_SYNTHETIC,DEMO
2026-05-12,s5,ICICIBANK,ICICI Bank Ltd,Banking,EQUITY,1215.350512,1218.319568,1212.360252,1215.072189,1228022,FINTRACE_SYNTHETIC,DEMO
2026-05-13,s5,ICICIBANK,ICICI Bank Ltd,Banking,EQUITY,1217.243336,1219.731606,1213.974043,1217.014198,1283455,FINTRACE_SYNTHETIC,DEMO
2026-05-14,s5,ICICIBANK,ICICI Bank Ltd,Banking,EQUITY,1219.153761,1222.073898,1216.162879,1218.974167,1338888,FINTRACE_SYNTHETIC,DEMO
2026-05-15,s5,ICICIBANK,ICICI Bank Ltd,Banking,EQUITY,1220.75622,1223.773022,1217.974701,1220.619885,1394321,FINTRACE_SYNTHETIC,DEMO
2026-05-16,s5,ICICIBANK,ICICI Bank Ltd,Banking,EQUITY,1221.760281,1224.343114,1218.616952,1221.654994,499754,FINTRACE_SYNTHETIC,DEMO
2026-05-17,s5,ICICIBANK,ICICI Bank Ltd,Banking,EQUITY,1221.938788,1224.807949,1218.965383,1221.847699,555187,FINTRACE_SYNTHETIC,DEMO
2026-05-18,s5,ICICIBANK,ICICI Bank Ltd,Banking,EQUITY,1221.149921,1224.19073,1218.490412,1221.053289,610620,FINTRACE_SYNTHETIC,DEMO
2026-05-19,s5,ICICIBANK,ICICI Bank Ltd,Banking,EQUITY,1219.351104,1222.011223,1216.22187,1219.228318,666053,FINTRACE_SYNTHETIC,DEMO
2026-05-20,s5,ICICIBANK,ICICI Bank Ltd,Banking,EQUITY,1216.603404,1219.394168,1213.510175,1216.435099,721486,FINTRACE_SYNTHETIC,DEMO
2026-05-21,s5,ICICIBANK,ICICI Bank Ltd,Banking,EQUITY,1213.066021,1216.097683,1210.375538,1212.836081,776919,FINTRACE_SYNTHETIC,DEMO
2026-05-22,s5,ICICIBANK,ICICI Bank Ltd,Banking,EQUITY,1208.981378,1211.696159,1205.734808,1208.678634,832352,FINTRACE_SYNTHETIC,DEMO
2026-05-23,s5,ICICIBANK,ICICI Bank Ltd,Banking,EQUITY,1204.652239,1207.343279,1201.330952,1204.271701,887785,FINTRACE_SYNTHETIC,DEMO
2026-05-24,s5,ICICIBANK,ICICI Bank Ltd,Banking,EQUITY,1200.413035,1203.411948,1197.506251,1199.956538,943218,FINTRACE_SYNTHETIC,DEMO
2026-05-25,s5,ICICIBANK,ICICI Bank Ltd,Banking,EQUITY,1196.598127,1199.355713,1193.207857,1196.074331,998651,FINTRACE_SYNTHETIC,DEMO
2026-05-26,s5,ICICIBANK,ICICI Bank Ltd,Banking,EQUITY,1193.510034,1196.098956,1189.986614,1192.933772,1054084,FINTRACE_SYNTHETIC,DEMO
2026-05-27,s5,ICICIBANK,ICICI Bank Ltd,Banking,EQUITY,1191.390653,1194.354028,1188.266918,1190.781695,1109517,FINTRACE_SYNTHETIC,DEMO
2026-05-28,s5,ICICIBANK,ICICI Bank Ltd,Banking,EQUITY,1190.398213,1193.204503,1186.984021,1189.779557,1164950,FINTRACE_SYNTHETIC,DEMO
2026-05-29,s5,ICICIBANK,ICICI Bank Ltd,Banking,EQUITY,1190.592164,1193.093688,1187.025337,1189.988023,1220383,FINTRACE_SYNTHETIC,DEMO
2026-05-30,s5,ICICIBANK,ICICI Bank Ltd,Banking,EQUITY,1191.927439,1194.867519,1188.764506,1191.361104,1275816,FINTRACE_SYNTHETIC,DEMO
2026-05-31,s5,ICICIBANK,ICICI Bank Ltd,Banking,EQUITY,1194.258633,1197.128675,1191.009954,1193.750429,1331249,FINTRACE_SYNTHETIC,DEMO
2026-06-01,s5,ICICIBANK,ICICI Bank Ltd,Banking,EQUITY,1197.353709,1199.785487,1193.928077,1196.919227,1386682,FINTRACE_SYNTHETIC,DEMO
2026-06-02,s5,ICICIBANK,ICICI Bank Ltd,Banking,EQUITY,1200.915923,1203.842142,1197.871131,1200.564695,492115,FINTRACE_SYNTHETIC,DEMO
2026-06-03,s5,ICICIBANK,ICICI Bank Ltd,Banking,EQUITY,1204.611867,1207.552195,1201.653913,1204.346623,547548,FINTRACE_SYNTHETIC,DEMO
2026-06-04,s5,ICICIBANK,ICICI Bank Ltd,Banking,EQUITY,1208.102981,1210.567238,1204.901655,1207.91954,602981,FINTRACE_SYNTHETIC,DEMO
2026-06-05,s5,ICICIBANK,ICICI Bank Ltd,Banking,EQUITY,1211.077504,1213.981561,1208.176756,1210.965323,658414,FINTRACE_SYNTHETIC,DEMO
2026-06-06,s5,ICICIBANK,ICICI Bank Ltd,Banking,EQUITY,1213.279846,1216.276355,1210.588959,1213.223167,713847,FINTRACE_SYNTHETIC,DEMO
2026-06-07,s5,ICICIBANK,ICICI Bank Ltd,Banking,EQUITY,1214.534562,1217.096881,1211.49256,1214.514046,769280,FINTRACE_SYNTHETIC,DEMO
2026-06-08,s5,ICICIBANK,ICICI Bank Ltd,Banking,EQUITY,1214.762658,1217.618812,1211.895521,1214.757353,824713,FINTRACE_SYNTHETIC,DEMO
2026-06-09,s5,ICICIBANK,ICICI Bank Ltd,Banking,EQUITY,1213.988663,1217.010554,1211.42483,1213.978118,880146,FINTRACE_SYNTHETIC,DEMO
2026-06-10,s5,ICICIBANK,ICICI Bank Ltd,Banking,EQUITY,1212.337815,1214.977626,1209.312836,1212.304136,935579,FINTRACE_SYNTHETIC,DEMO
2026-06-11,s5,ICICIBANK,ICICI Bank Ltd,Banking,EQUITY,1210.023611,1212.803599,1207.047087,1209.953259,991012,FINTRACE_SYNTHETIC,DEMO
2026-06-12,s5,ICICIBANK,ICICI Bank Ltd,Banking,EQUITY,1207.326922,1210.34391,1204.757627,1207.212092,1046445,FINTRACE_SYNTHETIC,DEMO
2026-06-13,s5,ICICIBANK,ICICI Bank Ltd,Banking,EQUITY,1204.568668,1207.268884,1201.472082,1204.408103,1101878,FINTRACE_SYNTHETIC,DEMO
2026-06-14,s5,ICICIBANK,ICICI Bank Ltd,Banking,EQUITY,1202.078648,1204.76863,1198.945428,1201.877823,1157311,FINTRACE_SYNTHETIC,DEMO
2026-06-15,s5,ICICIBANK,ICICI Bank Ltd,Banking,EQUITY,1200.16352,1203.162232,1197.489219,1199.934166,1212744,FINTRACE_SYNTHETIC,DEMO
2026-06-16,s5,ICICIBANK,ICICI Bank Ltd,Banking,EQUITY,1199.076964,1201.83604,1195.959687,1198.835992,1268177,FINTRACE_SYNTHETIC,DEMO
2026-06-17,s5,ICICIBANK,ICICI Bank Ltd,Banking,EQUITY,1198.994895,1201.600701,1195.803063,1198.762805,1323610,FINTRACE_SYNTHETIC,DEMO
2026-06-18,s5,ICICIBANK,ICICI Bank Ltd,Banking,EQUITY,1199.998078,1202.984028,1197.268381,1199.797017,1379043,FINTRACE_SYNTHETIC,DEMO
2026-06-19,s5,ICICIBANK,ICICI Bank Ltd,Banking,EQUITY,1202.063811,1204.893865,1199.087626,1201.915464,484476,FINTRACE_SYNTHETIC,DEMO
2026-06-20,s5,ICICIBANK,ICICI Bank Ltd,Banking,EQUITY,1205.067475,1207.604631,1201.992046,1204.990983,539909,FINTRACE_SYNTHETIC,DEMO
2026-06-21,s5,ICICIBANK,ICICI Bank Ltd,Banking,EQUITY,1208.793803,1211.787522,1206.164211,1208.803914,595342,FINTRACE_SYNTHETIC,DEMO
2026-06-22,s5,ICICIBANK,ICICI Bank Ltd,Banking,EQUITY,1212.95679,1215.974454,1210.167908,1213.062416,650775,FINTRACE_SYNTHETIC,DEMO
2026-06-23,s5,ICICIBANK,ICICI Bank Ltd,Banking,EQUITY,1217.226367,1219.907611,1214.184826,1217.429684,706208,FINTRACE_SYNTHETIC,DEMO
2026-06-24,s5,ICICIBANK,ICICI Bank Ltd,Banking,EQUITY,1221.25928,1224.534581,1218.524018,1221.555458,761641,FINTRACE_SYNTHETIC,DEMO
2026-06-25,s5,ICICIBANK,ICICI Bank Ltd,Banking,EQUITY,1224.731244,1228.096614,1221.988189,1225.108834,817074,FINTRACE_SYNTHETIC,DEMO
2026-06-26,s5,ICICIBANK,ICICI Bank Ltd,Banking,EQUITY,1227.367304,1230.308283,1224.300422,1227.809247,872507,FINTRACE_SYNTHETIC,DEMO
2026-06-27,s5,ICICIBANK,ICICI Bank Ltd,Banking,EQUITY,1228.967521,1232.404073,1226.141842,1229.452678,927940,FINTRACE_SYNTHETIC,DEMO
2026-06-28,s5,ICICIBANK,ICICI Bank Ltd,Banking,EQUITY,1229.42552,1232.966327,1226.751029,1229.93058,983373,FINTRACE_SYNTHETIC,DEMO
2026-06-29,s5,ICICIBANK,ICICI Bank Ltd,Banking,EQUITY,1228.738155,1231.827774,1225.680113,1229.239744,1038806,FINTRACE_SYNTHETIC,DEMO
2026-06-30,s5,ICICIBANK,ICICI Bank Ltd,Banking,EQUITY,1227.005354,1230.372046,1224.118499,1227.482135,1094239,FINTRACE_SYNTHETIC,DEMO
2026-07-01,s5,ICICIBANK,ICICI Bank Ltd,Banking,EQUITY,1224.420169,1227.902544,1221.839621,1224.854747,1149672,FINTRACE_SYNTHETIC,DEMO
2026-07-02,s5,ICICIBANK,ICICI Bank Ltd,Banking,EQUITY,1221.249985,1224.285404,1218.234715,1221.630422,1205105,FINTRACE_SYNTHETIC,DEMO
2026-07-03,s5,ICICIBANK,ICICI Bank Ltd,Banking,EQUITY,1217.810676,1220.934415,1214.888858,1218.13148,1260538,FINTRACE_SYNTHETIC,DEMO
2026-07-04,s5,ICICIBANK,ICICI Bank Ltd,Banking,EQUITY,1214.436175,1217.733696,1211.96166,1214.698667,1315971,FINTRACE_SYNTHETIC,DEMO
2026-07-05,s5,ICICIBANK,ICICI Bank Ltd,Banking,EQUITY,1211.446356,1214.36979,1208.490607,1211.658388,1371404,FINTRACE_SYNTHETIC,DEMO
2026-07-06,s5,ICICIBANK,ICICI Bank Ltd,Banking,EQUITY,1209.116305,1212.00216,1206.168815,1209.291341,476837,FINTRACE_SYNTHETIC,DEMO
2026-07-07,s5,ICICIBANK,ICICI Bank Ltd,Banking,EQUITY,1207.649896,1210.823745,1205.194558,1207.805561,532270,FINTRACE_SYNTHETIC,DEMO
2026-07-08,s5,ICICIBANK,ICICI Bank Ltd,Banking,EQUITY,1207.160194,1210.090176,1204.26072,1207.316422,587703,FINTRACE_SYNTHETIC,DEMO
2026-07-09,s5,ICICIBANK,ICICI Bank Ltd,Banking,EQUITY,1207.658571,1210.46555,1204.67874,1207.835526,643136,FINTRACE_SYNTHETIC,DEMO
2026-07-10,s5,ICICIBANK,ICICI Bank Ltd,Banking,EQUITY,1209.053544,1212.279671,1206.510631,1209.269523,698569,FINTRACE_SYNTHETIC,DEMO
2026-07-11,s5,ICICIBANK,ICICI Bank Ltd,Banking,EQUITY,1211.159471,1214.277288,1208.306103,1211.428984,754002,FINTRACE_SYNTHETIC,DEMO
2026-07-12,s5,ICICIBANK,ICICI Bank Ltd,Banking,EQUITY,1213.714268,1216.607783,1210.694776,1214.046476,809435,FINTRACE_SYNTHETIC,DEMO
2026-07-13,s5,ICICIBANK,ICICI Bank Ltd,Banking,EQUITY,1216.404453,1219.807335,1213.763355,1216.802119,864868,FINTRACE_SYNTHETIC,DEMO
2026-07-14,s5,ICICIBANK,ICICI Bank Ltd,Banking,EQUITY,1218.895136,1222.278081,1216.088293,1219.354188,920301,FINTRACE_SYNTHETIC,DEMO
2026-07-15,s5,ICICIBANK,ICICI Bank Ltd,Banking,EQUITY,1220.862089,1223.863181,1217.811869,1221.371839,975734,FINTRACE_SYNTHETIC,DEMO
2026-07-16,s5,ICICIBANK,ICICI Bank Ltd,Banking,EQUITY,1222.022848,1225.551006,1219.290634,1222.566844,1031167,FINTRACE_SYNTHETIC,DEMO
2026-07-17,s5,ICICIBANK,ICICI Bank Ltd,Banking,EQUITY,1222.163869,1225.700642,1219.42183,1222.721299,1086600,FINTRACE_SYNTHETIC,DEMO
2026-07-18,s5,ICICIBANK,ICICI Bank Ltd,Banking,EQUITY,1221.161157,1224.189903,1218.109425,1221.70868,1142033,FINTRACE_SYNTHETIC,DEMO
2026-07-19,s5,ICICIBANK,ICICI Bank Ltd,Banking,EQUITY,1218.992394,1222.436941,1216.193987,1219.506212,1197466,FINTRACE_SYNTHETIC,DEMO
2026-07-20,s5,ICICIBANK,ICICI Bank Ltd,Banking,EQUITY,1215.739412,1219.197338,1213.089664,1216.197399,1252899,FINTRACE_SYNTHETIC,DEMO
2026-07-21,s5,ICICIBANK,ICICI Bank Ltd,Banking,EQUITY,1211.580775,1214.510858,1208.564326,1211.964448,1308332,FINTRACE_SYNTHETIC,DEMO
2026-07-22,s5,ICICIBANK,ICICI Bank Ltd,Banking,EQUITY,1206.775168,1209.916932,1203.939711,1207.071323,1363765,FINTRACE_SYNTHETIC,DEMO
2026-07-23,s5,ICICIBANK,ICICI Bank Ltd,Banking,EQUITY,1201.637183,1204.828397,1199.099463,1201.839038,469198,FINTRACE_SYNTHETIC,DEMO
2026-07-24,s5,ICICIBANK,ICICI Bank Ltd,Banking,EQUITY,1196.507803,1199.211174,1193.551808,1196.615532,524631,FINTRACE_SYNTHETIC,DEMO
2026-07-25,s5,ICICIBANK,ICICI Bank Ltd,Banking,EQUITY,1191.722394,1194.489431,1188.866361,1191.743019,580064,FINTRACE_SYNTHETIC,DEMO
2026-07-26,s5,ICICIBANK,ICICI Bank Ltd,Banking,EQUITY,1187.579264,1190.546114,1185.100969,1187.525891,635497,FINTRACE_SYNTHETIC,DEMO
2026-07-27,s5,ICICIBANK,ICICI Bank Ltd,Banking,EQUITY,1184.311767,1186.957353,1181.310517,1184.202266,690930,FINTRACE_SYNTHETIC,DEMO
2026-07-28,s5,ICICIBANK,ICICI Bank Ltd,Banking,EQUITY,1182.066625,1184.720983,1179.043212,1181.921861,746363,FINTRACE_SYNTHETIC,DEMO
2026-07-29,s5,ICICIBANK,ICICI Bank Ltd,Banking,EQUITY,1180.890521,1183.841772,1178.336917,1180.732312,801796,FINTRACE_SYNTHETIC,DEMO
2026-07-30,s5,ICICIBANK,ICICI Bank Ltd,Banking,EQUITY,1180.726247,1183.434697,1177.736531,1180.575241,857229,FINTRACE_SYNTHETIC,DEMO
2026-07-31,s5,ICICIBANK,ICICI Bank Ltd,Banking,EQUITY,1181.418756,1183.996139,1178.379542,1181.292439,912662,FINTRACE_SYNTHETIC,DEMO
2026-08-01,s5,ICICIBANK,ICICI Bank Ltd,Banking,EQUITY,1182.730562,1185.675706,1180.159336,1182.641573,968095,FINTRACE_SYNTHETIC,DEMO
2026-08-02,s5,ICICIBANK,ICICI Bank Ltd,Banking,EQUITY,1184.36499,1187.145914,1181.526111,1184.319913,1023528,FINTRACE_SYNTHETIC,DEMO
2026-08-03,s5,ICICIBANK,ICICI Bank Ltd,Banking,EQUITY,1185.995079,1188.502321,1183.04447,1185.993825,1078961,FINTRACE_SYNTHETIC,DEMO
2026-08-04,s5,ICICIBANK,ICICI Bank Ltd,Banking,EQUITY,1187.295364,1190.265409,1184.722413,1187.331202,1134394,FINTRACE_SYNTHETIC,DEMO
2026-08-05,s5,ICICIBANK,ICICI Bank Ltd,Banking,EQUITY,1187.973512,1190.879333,1185.233705,1188.033746,1189827,FINTRACE_SYNTHETIC,DEMO
2026-08-06,s5,ICICIBANK,ICICI Bank Ltd,Banking,EQUITY,1187.798792,1190.294251,1184.83162,1187.866016,1245260,FINTRACE_SYNTHETIC,DEMO
2026-08-07,s5,ICICIBANK,ICICI Bank Ltd,Banking,EQUITY,1186.624659,1189.577497,1183.97623,1186.678478,1300693,FINTRACE_SYNTHETIC,DEMO
2026-08-08,s5,ICICIBANK,ICICI Bank Ltd,Banking,EQUITY,1184.403299,1187.305787,1181.741413,1184.42234,1356126,FINTRACE_SYNTHETIC,DEMO
2026-08-09,s5,ICICIBANK,ICICI Bank Ltd,Banking,EQUITY,1181.190742,1183.584456,1178.202722,1181.154777,461559,FINTRACE_SYNTHETIC,DEMO
2026-08-10,s5,ICICIBANK,ICICI Bank Ltd,Banking,EQUITY,1177.142059,1179.974039,1174.336153,1177.034024,516992,FINTRACE_SYNTHETIC,DEMO
2026-08-11,s5,ICICIBANK,ICICI Bank Ltd,Banking,EQUITY,1172.49709,1175.387351,1169.744901,1172.304816,572425,FINTRACE_SYNTHETIC,DEMO
2026-08-12,s5,ICICIBANK,ICICI Bank Ltd,Banking,EQUITY,1167.558069,1170.006114,1164.36839,1167.275555,627858,FINTRACE_SYNTHETIC,DEMO
2026-08-13,s5,ICICIBANK,ICICI Bank Ltd,Banking,EQUITY,1162.661271,1165.405767,1159.562139,1162.289378,683291,FINTRACE_SYNTHETIC,DEMO
2026-08-14,s5,ICICIBANK,ICICI Bank Ltd,Banking,EQUITY,1158.14538,1161.024891,1155.241982,1157.691883,738724,FINTRACE_SYNTHETIC,DEMO
2026-08-15,s5,ICICIBANK,ICICI Bank Ltd,Banking,EQUITY,1154.319606,1156.818686,1150.9464,1153.798587,794157,FINTRACE_SYNTHETIC,DEMO
2026-08-16,s5,ICICIBANK,ICICI Bank Ltd,Banking,EQUITY,1151.43456,1154.092108,1148.110223,1150.865219,849590,FINTRACE_SYNTHETIC,DEMO
2026-08-17,s5,ICICIBANK,ICICI Bank Ltd,Banking,EQUITY,1149.658699,1152.530365,1146.712224,1149.063672,905023,FINTRACE_SYNTHETIC,DEMO
2026-08-18,s5,ICICIBANK,ICICI Bank Ltd,Banking,EQUITY,1149.062547,1151.624885,1145.659069,1148.465909,960456,FINTRACE_SYNTHETIC,DEMO
2026-08-19,s5,ICICIBANK,ICICI Bank Ltd,Banking,EQUITY,1149.612226,1152.198129,1146.241323,1149.037363,1015889,FINTRACE_SYNTHETIC,DEMO
2026-08-20,s5,ICICIBANK,ICICI Bank Ltd,Banking,EQUITY,1151.172893,1154.050144,1148.311176,1150.640436,1071322,FINTRACE_SYNTHETIC,DEMO
2026-08-21,s5,ICICIBANK,ICICI Bank Ltd,Banking,EQUITY,1153.521761,1156.163664,1150.272296,1153.047797,1126755,FINTRACE_SYNTHETIC,DEMO
2026-08-22,s5,ICICIBANK,ICICI Bank Ltd,Banking,EQUITY,1156.369463,1158.896958,1153.115609,1155.964171,1182188,FINTRACE_SYNTHETIC,DEMO
2026-08-23,s5,ICICIBANK,ICICI Bank Ltd,Banking,EQUITY,1159.387719,1162.275729,1156.626882,1159.05458,1237621,FINTRACE_SYNTHETIC,DEMO
2026-08-24,s5,ICICIBANK,ICICI Bank Ltd,Banking,EQUITY,1162.240671,1164.965937,1159.231655,1161.976312,1293054,FINTRACE_SYNTHETIC,DEMO
2026-08-25,s5,ICICIBANK,ICICI Bank Ltd,Banking,EQUITY,1164.616893,1167.083954,1161.517099,1164.411585,1348487,FINTRACE_SYNTHETIC,DEMO
2026-08-26,s5,ICICIBANK,ICICI Bank Ltd,Banking,EQUITY,1166.259034,1169.142869,1163.575652,1166.097794,453920,FINTRACE_SYNTHETIC,DEMO
2026-08-27,s5,ICICIBANK,ICICI Bank Ltd,Banking,EQUITY,1166.988254,1169.780251,1164.157289,1166.852453,509353,FINTRACE_SYNTHETIC,DEMO
2026-08-28,s5,ICICIBANK,ICICI Bank Ltd,Banking,EQUITY,1166.721141,1169.111293,1163.676731,1166.590445,564786,FINTRACE_SYNTHETIC,DEMO
2026-08-29,s5,ICICIBANK,ICICI Bank Ltd,Banking,EQUITY,1165.477484,1168.327082,1162.735637,1165.331963,620219,FINTRACE_SYNTHETIC,DEMO
2026-08-30,s5,ICICIBANK,ICICI Bank Ltd,Banking,EQUITY,1163.378164,1166.207811,1160.58166,1163.200356,675652,FINTRACE_SYNTHETIC,DEMO
2026-08-31,s5,ICICIBANK,ICICI Bank Ltd,Banking,EQUITY,1160.633372,1162.980296,1157.509646,1160.410104,731085,FINTRACE_SYNTHETIC,DEMO
2026-09-01,s5,ICICIBANK,ICICI Bank Ltd,Banking,EQUITY,1157.522274,1160.310027,1154.597725,1157.24607,786518,FINTRACE_SYNTHETIC,DEMO
2026-09-02,s5,ICICIBANK,ICICI Bank Ltd,Banking,EQUITY,1154.366054,1157.209724,1151.51123,1154.035994,841951,FINTRACE_SYNTHETIC,DEMO
2026-09-03,s5,ICICIBANK,ICICI Bank Ltd,Banking,EQUITY,1151.49693,1153.906294,1148.250983,1151.118872,897384,FINTRACE_SYNTHETIC,DEMO
2026-09-04,s5,ICICIBANK,ICICI Bank Ltd,Banking,EQUITY,1149.226069,1151.942359,1146.12029,1148.812224,952817,FINTRACE_SYNTHETIC,DEMO
2026-09-05,s5,ICICIBANK,ICICI Bank Ltd,Banking,EQUITY,1147.813493,1150.666112,1144.94836,1147.381375,1008250,FINTRACE_SYNTHETIC,DEMO
2026-09-06,s5,ICICIBANK,ICICI Bank Ltd,Banking,EQUITY,1147.442812,1149.922203,1144.176618,1147.013686,1063683,FINTRACE_SYNTHETIC,DEMO
2025-12-29,s6,SBIN,State Bank of India,Banking,EQUITY,845.215721,847.133457,843.102681,845.442572,450000,FINTRACE_SYNTHETIC,DEMO
2025-12-30,s6,SBIN,State Bank of India,Banking,EQUITY,843.613846,845.857441,841.698715,843.814788,513352,FINTRACE_SYNTHETIC,DEMO
2025-12-31,s6,SBIN,State Bank of India,Banking,EQUITY,841.733587,843.969515,839.874978,841.902939,576704,FINTRACE_SYNTHETIC,DEMO
2026-01-01,s6,SBIN,State Bank of India,Banking,EQUITY,839.783894,841.659343,837.688636,839.920237,640056,FINTRACE_SYNTHETIC,DEMO
2026-01-02,s6,SBIN,State Bank of India,Banking,EQUITY,837.976699,840.07624,836.026877,838.082943,703408,FINTRACE_SYNTHETIC,DEMO
2026-01-03,s6,SBIN,State Bank of India,Banking,EQUITY,836.506423,838.663735,834.714767,836.589443,766760,FINTRACE_SYNTHETIC,DEMO
2026-01-04,s6,SBIN,State Bank of India,Banking,EQUITY,835.531169,837.38901,833.45898,835.601067,830112,FINTRACE_SYNTHETIC,DEMO
2026-01-05,s6,SBIN,State Bank of India,Banking,EQUITY,835.157399,837.171271,833.172271,835.226452,893464,FINTRACE_SYNTHETIC,DEMO
2026-01-06,s6,SBIN,State Bank of India,Banking,EQUITY,835.429559,837.595279,833.697922,835.510947,956816,FINTRACE_SYNTHETIC,DEMO
2026-01-07,s6,SBIN,State Bank of India,Banking,EQUITY,836.325635,838.277311,834.271982,836.432092,1020168,FINTRACE_SYNTHETIC,DEMO
2026-01-08,s6,SBIN,State Bank of India,Banking,EQUITY,837.759074,839.805289,835.732086,837.901567,1083520,FINTRACE_SYNTHETIC,DEMO
2026-01-09,s6,SBIN,State Bank of India,Banking,EQUITY,839.586883,841.87289,837.905851,839.77346,1146872,FINTRACE_SYNTHETIC,DEMO
2026-01-10,s6,SBIN,State Bank of India,Banking,EQUITY,841.623128,843.767619,839.584778,841.858044,1210224,FINTRACE_SYNTHETIC,DEMO
2026-01-11,s6,SBIN,State Bank of India,Banking,EQUITY,843.656566,845.804939,841.586466,843.939762,1273576,FINTRACE_SYNTHETIC,DEMO
2026-01-12,s6,SBIN,State Bank of India,Banking,EQUITY,845.470703,847.908226,843.721958,845.797704,1336928,FINTRACE_SYNTHETIC,DEMO
2026-01-13,s6,SBIN,State Bank of India,Banking,EQUITY,846.864392,849.196542,844.848987,847.226618,450280,FINTRACE_SYNTHETIC,DEMO
2026-01-14,s6,SBIN,State Bank of India,Banking,EQUITY,847.670992,849.874652,845.56976,848.05646,513632,FINTRACE_SYNTHETIC,DEMO
2026-01-15,s6,SBIN,State Bank of India,Banking,EQUITY,847.774259,850.272667,845.962072,848.168617,576984,FINTRACE_SYNTHETIC,DEMO
2026-01-16,s6,SBIN,State Bank of India,Banking,EQUITY,847.119473,849.520498,845.14555,847.50725,640336,FINTRACE_SYNTHETIC,DEMO
2026-01-17,s6,SBIN,State Bank of India,Banking,EQUITY,845.718719,847.840265,843.609199,846.084691,703688,FINTRACE_SYNTHETIC,DEMO
2026-01-18,s6,SBIN,State Bank of India,Banking,EQUITY,843.649828,846.053574,841.790389,843.98036,767040,FINTRACE_SYNTHETIC,DEMO
2026-01-19,s6,SBIN,State Bank of India,Banking,EQUITY,841.049078,843.367935,839.136647,841.333315,830392,FINTRACE_SYNTHETIC,DEMO
2026-01-20,s6,SBIN,State Bank of India,Banking,EQUITY,838.098352,840.00952,836.003122,838.329152,893744,FINTRACE_SYNTHETIC,DEMO
2026-01-21,s6,SBIN,State Bank of India,Banking,EQUITY,835.007968,837.20622,833.115492,835.182481,957096,FINTRACE_SYNTHETIC,DEMO
2026-01-22,s6,SBIN,State Bank of India,Banking,EQUITY,831.996832,834.157681,830.15638,832.116674,1020448,FINTRACE_SYNTHETIC,DEMO
2026-01-23,s6,SBIN,State Bank of India,Banking,EQUITY,829.271785,831.056365,827.202253,829.342797,1083800,FINTRACE_SYNTHETIC,DEMO
2026-01-24,s6,SBIN,State Bank of India,Banking,EQUITY,827.008135,829.009144,825.086615,827.039731,1147152,FINTRACE_SYNTHETIC,DEMO
2026-01-25,s6,SBIN,State Bank of India,Banking,EQUITY,825.333205,827.382742,823.561983,825.337401,1210504,FINTRACE_SYNTHETIC,DEMO
2026-01-26,s6,SBIN,State Bank of India,Banking,EQUITY,824.314484,826.074769,822.259322,824.304671,1273856,FINTRACE_SYNTHETIC,DEMO
2026-01-27,s6,SBIN,State Bank of India,Banking,EQUITY,823.953498,825.874806,821.987035,823.9431,1337208,FINTRACE_SYNTHETIC,DEMO
2026-01-28,s6,SBIN,State Bank of India,Banking,EQUITY,824.185985,826.242649,822.474047,824.187113,450560,FINTRACE_SYNTHETIC,DEMO
2026-01-29,s6,SBIN,State Bank of India,Banking,EQUITY,824.88836,826.727074,822.861303,824.910605,513912,FINTRACE_SYNTHETIC,DEMO
2026-01-30,s6,SBIN,State Bank of India,Banking,EQUITY,825.889849,827.818916,823.893581,825.939315,577264,FINTRACE_SYNTHETIC,DEMO
2026-01-31,s6,SBIN,State Bank of India,Banking,EQUITY,826.989132,829.135446,825.329664,827.067813,640616,FINTRACE_SYNTHETIC,DEMO
2026-02-01,s6,SBIN,State Bank of India,Banking,EQUITY,827.973906,829.954687,825.966661,828.079467,703968,FINTRACE_SYNTHETIC,DEMO
2026-02-02,s6,SBIN,State Bank of India,Banking,EQUITY,828.641513,830.602447,826.609811,828.76748,767320,FINTRACE_SYNTHETIC,DEMO
2026-02-03,s6,SBIN,State Bank of India,Banking,EQUITY,828.818642,831.023986,827.107976,828.955006,830672,FINTRACE_SYNTHETIC,DEMO
2026-02-04,s6,SBIN,State Bank of India,Banking,EQUITY,828.37825,830.436023,826.404467,828.512408,894024,FINTRACE_SYNTHETIC,DEMO
2026-02-05,s6,SBIN,State Bank of India,Banking,EQUITY,827.252063,829.147363,825.202516,827.37002,957376,FINTRACE_SYNTHETIC,DEMO
2026-02-06,s6,SBIN,State Bank of India,Banking,EQUITY,825.437486,827.574062,823.676563,825.525193,1020728,FINTRACE_SYNTHETIC,DEMO
2026-02-07,s6,SBIN,State Bank of India,Banking,EQUITY,822.998241,824.995665,821.0778,823.042949,1084080,FINTRACE_SYNTHETIC,DEMO
2026-02-08,s6,SBIN,State Bank of India,Banking,EQUITY,820.058685,821.763842,818.005249,820.050183,1147432,FINTRACE_SYNTHETIC,DEMO
2026-02-09,s6,SBIN,State Bank of India,Banking,EQUITY,816.792339,818.800228,814.927173,816.72396,1210784,FINTRACE_SYNTHETIC,DEMO
2026-02-10,s6,SBIN,State Bank of India,Banking,EQUITY,813.405727,815.370823,811.422734,813.275014,1274136,FINTRACE_SYNTHETIC,DEMO
2026-02-11,s6,SBIN,State Bank of India,Banking,EQUITY,810.11905,811.746459,807.903288,809.928045,1337488,FINTRACE_SYNTHETIC,DEMO
2026-02-12,s6,SBIN,State Bank of India,Banking,EQUITY,807.145559,809.103252,805.074909,806.900652,450840,FINTRACE_SYNTHETIC,DEMO
2026-02-13,s6,SBIN,State Bank of India,Banking,EQUITY,804.671563,806.643728,802.600364,804.382948,514192,FINTRACE_SYNTHETIC,DEMO
2026-02-14,s6,SBIN,State Bank of India,Banking,EQUITY,802.839002,804.494285,800.516546,802.51977,577544,FINTRACE_SYNTHETIC,DEMO
2026-02-15,s6,SBIN,State Bank of India,Banking,EQUITY,801.732228,803.64366,799.537891,801.39719,640896,FINTRACE_SYNTHETIC,DEMO
2026-02-16,s6,SBIN,State Bank of India,Banking,EQUITY,801.370256,803.355151,799.312151,801.034613,704248,FINTRACE_SYNTHETIC,DEMO
2026-02-17,s6,SBIN,State Bank of India,Banking,EQUITY,801.705234,803.413818,799.393788,801.383208,767600,FINTRACE_SYNTHETIC,DEMO
2026-02-18,s6,SBIN,State Bank of India,Banking,EQUITY,802.627252,804.501479,800.428437,802.330826,830952,FINTRACE_SYNTHETIC,DEMO
2026-02-19,s6,SBIN,State Bank of India,Banking,EQUITY,803.975062,805.979624,802.039999,803.712923,894304,FINTRACE_SYNTHETIC,DEMO
2026-02-20,s6,SBIN,State Bank of India,Banking,EQUITY,805.551652,807.322224,803.348054,805.328471,957656,FINTRACE_SYNTHETIC,DEMO
2026-02-21,s6,SBIN,State Bank of India,Banking,EQUITY,807.14322,808.983018,805.010774,806.959302,1021008,FINTRACE_SYNTHETIC,DEMO
2026-02-22,s6,SBIN,State Bank of India,Banking,EQUITY,808.539713,810.560963,806.765351,808.391076,1084360,FINTRACE_SYNTHETIC,DEMO
2026-02-23,s6,SBIN,State Bank of India,Banking,EQUITY,809.554987,811.385209,807.469671,809.433852,1147712,FINTRACE_SYNTHETIC,DEMO
2026-02-24,s6,SBIN,State Bank of India,Banking,EQUITY,810.044659,811.841405,807.956,809.940299,1211064,FINTRACE_SYNTHETIC,DEMO
2026-02-25,s6,SBIN,State Bank of India,Banking,EQUITY,809.919956,811.941869,808.151936,809.819833,1274416,FINTRACE_SYNTHETIC,DEMO
2026-02-26,s6,SBIN,State Bank of India,Banking,EQUITY,809.156224,811.032147,807.117282,809.047296,1337768,FINTRACE_SYNTHETIC,DEMO
2026-02-27,s6,SBIN,State Bank of India,Banking,EQUITY,807.795308,809.534011,805.665443,807.665389,451120,FINTRACE_SYNTHETIC,DEMO
2026-02-28,s6,SBIN,State Bank of India,Banking,EQUITY,805.941558,807.942758,804.065041,805.780589,514472,FINTRACE_SYNTHETIC,DEMO
2026-03-01,s6,SBIN,State Bank of India,Banking,EQUITY,803.751846,805.656409,801.675266,803.552971,577824,FINTRACE_SYNTHETIC,DEMO
2026-03-02,s6,SBIN,State Bank of India,Banking,EQUITY,801.420557,803.090459,799.183584,801.180886,641176,FINTRACE_SYNTHETIC,DEMO
2026-03-03,s6,SBIN,State Bank of India,Banking,EQUITY,799.160966,801.126912,797.127675,798.881963,704528,FINTRACE_SYNTHETIC,DEMO
2026-03-04,s6,SBIN,State Bank of India,Banking,EQUITY,797.184792,799.108729,795.054394,796.872241,767880,FINTRACE_SYNTHETIC,DEMO
2026-03-05,s6,SBIN,State Bank of India,Banking,EQUITY,795.681877,797.283803,793.357212,795.345435,831232,FINTRACE_SYNTHETIC,DEMO
2026-03-06,s6,SBIN,State Bank of India,Banking,EQUITY,794.801915,796.731503,792.659716,794.454297,894584,FINTRACE_SYNTHETIC,DEMO
2026-03-07,s6,SBIN,State Bank of India,Banking,EQUITY,794.639994,796.586038,792.53246,794.295853,957936,FINTRACE_SYNTHETIC,DEMO
2026-03-08,s6,SBIN,State Bank of India,Banking,EQUITY,795.227313,796.863408,792.917313,794.901941,1021288,FINTRACE_SYNTHETIC,DEMO
2026-03-09,s6,SBIN,State Bank of India,Banking,EQUITY,796.527969,798.429238,794.391315,796.235923,1084640,FINTRACE_SYNTHETIC,DEMO
2026-03-10,s6,SBIN,State Bank of India,Banking,EQUITY,798.442119,800.418684,796.476196,798.195919,1147992,FINTRACE_SYNTHETIC,DEMO
2026-03-11,s6,SBIN,State Bank of India,Banking,EQUITY,800.815216,802.518479,798.635777,800.624228,1211344,FINTRACE_SYNTHETIC,DEMO
2026-03-12,s6,SBIN,State Bank of India,Banking,EQUITY,803.452443,805.331225,801.419714,803.322058,1274696,FINTRACE_SYNTHETIC,DEMO
2026-03-13,s6,SBIN,State Bank of India,Banking,EQUITY,806.136968,808.146323,804.386806,806.068151,1338048,FINTRACE_SYNTHETIC,DEMO
2026-03-14,s6,SBIN,State Bank of India,Banking,EQUITY,808.65028,810.42437,806.649575,808.639536,451400,FINTRACE_SYNTHETIC,DEMO
2026-03-15,s6,SBIN,State Bank of India,Banking,EQUITY,810.792672,812.683608,808.836906,810.832433,514752,FINTRACE_SYNTHETIC,DEMO
2026-03-16,s6,SBIN,State Bank of India,Banking,EQUITY,812.401923,814.512316,810.764537,812.481308,578104,FINTRACE_SYNTHETIC,DEMO
2026-03-17,s6,SBIN,State Bank of India,Banking,EQUITY,813.368384,815.310277,811.392793,813.474275,641456,FINTRACE_SYNTHETIC,DEMO
2026-03-18,s6,SBIN,State Bank of India,Banking,EQUITY,813.645059,815.571606,811.653268,813.763378,704808,FINTRACE_SYNTHETIC,DEMO
2026-03-19,s6,SBIN,State Bank of India,Banking,EQUITY,813.251692,815.399701,811.580303,813.368765,768160,FINTRACE_SYNTHETIC,DEMO
2026-03-20,s6,SBIN,State Bank of India,Banking,EQUITY,812.272497,814.256974,810.332512,812.376368,831512,FINTRACE_SYNTHETIC,DEMO
2026-03-21,s6,SBIN,State Bank of India,Banking,EQUITY,810.847732,812.67817,808.841015,810.929308,894864,FINTRACE_SYNTHETIC,DEMO
2026-03-22,s6,SBIN,State Bank of India,Banking,EQUITY,809.159933,811.22408,807.440654,809.213846,958216,FINTRACE_SYNTHETIC,DEMO
2026-03-23,s6,SBIN,State Bank of India,Banking,EQUITY,807.416117,809.35211,805.526753,807.441223,1021568,FINTRACE_SYNTHETIC,DEMO
2026-03-24,s6,SBIN,State Bank of India,Banking,EQUITY,805.827654,807.510252,803.818852,805.827125,1084920,FINTRACE_SYNTHETIC,DEMO
2026-03-25,s6,SBIN,State Bank of India,Banking,EQUITY,804.589731,806.570413,802.807222,804.57072,1148272,FINTRACE_SYNTHETIC,DEMO
2026-03-26,s6,SBIN,State Bank of India,Banking,EQUITY,803.862363,805.800402,801.998626,803.835289,1211624,FINTRACE_SYNTHETIC,DEMO
2026-03-27,s6,SBIN,State Bank of India,Banking,EQUITY,803.754766,805.376502,801.7232,803.732279,1274976,FINTRACE_SYNTHETIC,DEMO
2026-03-28,s6,SBIN,State Bank of India,Banking,EQUITY,804.314587,806.2691,802.496516,804.310307,1338328,FINTRACE_SYNTHETIC,DEMO
2026-03-29,s6,SBIN,State Bank of India,Banking,EQUITY,805.523013,807.521356,803.7315,805.550176,451680,FINTRACE_SYNTHETIC,DEMO
2026-03-30,s6,SBIN,State Bank of India,Banking,EQUITY,807.296227,809.023878,805.28026,807.36636,515032,FINTRACE_SYNTHETIC,DEMO
2026-03-31,s6,SBIN,State Bank of India,Banking,EQUITY,809.493088,811.5496,807.62055,809.614836,578384,FINTRACE_SYNTHETIC,DEMO
2026-04-01,s6,SBIN,State Bank of India,Banking,EQUITY,811.928279,814.115773,810.175557,812.106507,641736,FINTRACE_SYNTHETIC,DEMO
2026-04-02,s6,SBIN,State Bank of India,Banking,EQUITY,814.389697,816.354084,812.366158,814.62494,705088,FINTRACE_SYNTHETIC,DEMO
2026-04-03,s6,SBIN,State Bank of India,Banking,EQUITY,816.65841,818.859723,814.726942,816.946736,768440,FINTRACE_SYNTHETIC,DEMO
2026-04-04,s6,SBIN,State Bank of India,Banking,EQUITY,818.529294,820.90302,816.818392,818.862583,831792,FINTRACE_SYNTHETIC,DEMO
2026-04-05,s6,SBIN,State Bank of India,Banking,EQUITY,819.830367,821.99306,817.811474,820.196989,895144,FINTRACE_SYNTHETIC,DEMO
2026-04-06,s6,SBIN,State Bank of India,Banking,EQUITY,820.438993,822.701791,818.462027,820.824819,958496,FINTRACE_SYNTHETIC,DEMO
2026-04-07,s6,SBIN,State Bank of India,Banking,EQUITY,820.293413,822.734431,818.636493,820.683049,1021848,FINTRACE_SYNTHETIC,DEMO
2026-04-08,s6,SBIN,State Bank of India,Banking,EQUITY,819.398483,821.623744,817.406395,819.776637,1085200,FINTRACE_SYNTHETIC,DEMO
2026-04-09,s6,SBIN,State Bank of India,Banking,EQUITY,817.825104,819.999205,815.824702,818.177931,1148552,FINTRACE_SYNTHETIC,DEMO
2026-04-10,s6,SBIN,State Bank of India,Banking,EQUITY,815.703373,818.057619,814.030534,816.01968,1211904,FINTRACE_SYNTHETIC,DEMO
2026-04-11,s6,SBIN,State Bank of India,Banking,EQUITY,813.210119,815.362685,811.265639,813.482325,1275256,FINTRACE_SYNTHETIC,DEMO
2026-04-12,s6,SBIN,State Bank of India,Banking,EQUITY,810.552018,812.528695,808.547171,810.776759,1338608,FINTRACE_SYNTHETIC,DEMO
2026-04-13,s6,SBIN,State Bank of India,Banking,EQUITY,807.945884,810.132626,806.232651,808.124221,451960,FINTRACE_SYNTHETIC,DEMO
2026-04-14,s6,SBIN,State Bank of India,Banking,EQUITY,805.598025,807.639641,803.710313,805.735229,515312,FINTRACE_SYNTHETIC,DEMO
2026-04-15,s6,SBIN,State Bank of India,Banking,EQUITY,803.684629,805.471407,801.682337,803.789565,578664,FINTRACE_SYNTHETIC,DEMO
2026-04-16,s6,SBIN,State Bank of India,Banking,EQUITY,802.335045,804.395907,800.579732,802.41922,642016,FINTRACE_SYNTHETIC,DEMO
2026-04-17,s6,SBIN,State Bank of India,Banking,EQUITY,801.619561,803.626698,799.785054,801.695917,705368,FINTRACE_SYNTHETIC,DEMO
2026-04-18,s6,SBIN,State Bank of India,Banking,EQUITY,801.542839,803.245393,799.539375,801.624411,768720,FINTRACE_SYNTHETIC,DEMO
2026-04-19,s6,SBIN,State Bank of India,Banking,EQUITY,802.043631,804.093236,800.238012,802.142205,832072,FINTRACE_SYNTHETIC,DEMO
2026-04-20,s6,SBIN,State Bank of India,Banking,EQUITY,803.0008,805.089331,801.211727,803.12569,895424,FINTRACE_SYNTHETIC,DEMO
2026-04-21,s6,SBIN,State Bank of India,Banking,EQUITY,804.245085,806.050041,802.236375,804.40215,958776,FINTRACE_SYNTHETIC,DEMO
2026-04-22,s6,SBIN,State Bank of India,Banking,EQUITY,805.575463,807.694249,803.714776,805.76646,1022128,FINTRACE_SYNTHETIC,DEMO
2026-04-23,s6,SBIN,State Bank of India,Banking,EQUITY,806.778575,808.996394,805.03359,807.000908,1085480,FINTRACE_SYNTHETIC,DEMO
2026-04-24,s6,SBIN,State Bank of India,Banking,EQUITY,807.649341,809.607618,805.64169,807.896227,1148832,FINTRACE_SYNTHETIC,DEMO
2026-04-25,s6,SBIN,State Bank of India,Banking,EQUITY,808.010804,810.167124,806.102244,808.271848,1212184,FINTRACE_SYNTHETIC,DEMO
2026-04-26,s6,SBIN,State Bank of India,Banking,EQUITY,807.731317,810.006131,806.039471,807.993439,1275536,FINTRACE_SYNTHETIC,DEMO
2026-04-27,s6,SBIN,State Bank of India,Banking,EQUITY,806.737419,808.74987,804.749428,806.986039,1338888,FINTRACE_SYNTHETIC,DEMO
2026-04-28,s6,SBIN,State Bank of India,Banking,EQUITY,805.021189,807.085815,803.08343,805.241566,452240,FINTRACE_SYNTHETIC,DEMO
2026-04-29,s6,SBIN,State Bank of India,Banking,EQUITY,802.641354,804.826519,801.016541,802.819945,515592,FINTRACE_SYNTHETIC,DEMO
2026-04-30,s6,SBIN,State Bank of India,Banking,EQUITY,799.718061,801.642909,797.77204,799.843775,578944,FINTRACE_SYNTHETIC,DEMO
2026-05-01,s6,SBIN,State Bank of India,Banking,EQUITY,796.421802,798.263154,794.475359,796.487027,642296,FINTRACE_SYNTHETIC,DEMO
2026-05-02,s6,SBIN,State Bank of India,Banking,EQUITY,792.957544,794.939538,791.334845,792.958851,705648,FINTRACE_SYNTHETIC,DEMO
2026-05-03,s6,SBIN,State Bank of India,Banking,EQUITY,789.545581,791.367868,787.594127,789.484039,769000,FINTRACE_SYNTHETIC,DEMO
2026-05-04,s6,SBIN,State Bank of India,Banking,EQUITY,786.400929,788.103483,784.338309,786.281992,832352,FINTRACE_SYNTHETIC,DEMO
2026-05-05,s6,SBIN,State Bank of India,Banking,EQUITY,783.71322,785.661778,781.88809,783.546214,895704,FINTRACE_SYNTHETIC,DEMO
2026-05-06,s6,SBIN,State Bank of India,Banking,EQUITY,781.629024,783.474074,779.592688,781.426264,959056,FINTRACE_SYNTHETIC,DEMO
2026-05-07,s6,SBIN,State Bank of India,Banking,EQUITY,780.238263,781.874217,778.071237,780.013902,1022408,FINTRACE_SYNTHETIC,DEMO
2026-05-08,s6,SBIN,State Bank of India,Banking,EQUITY,779.566032,781.487704,777.632944,779.334735,1085760,FINTRACE_SYNTHETIC,DEMO
2026-05-09,s6,SBIN,State Bank of India,Banking,EQUITY,779.570588,781.446081,777.559823,779.346166,1149112,FINTRACE_SYNTHETIC,DEMO
2026-05-10,s6,SBIN,State Bank of India,Banking,EQUITY,780.147701,781.728703,777.992534,779.941838,1212464,FINTRACE_SYNTHETIC,DEMO
2026-05-11,s6,SBIN,State Bank of India,Banking,EQUITY,781.140955,783.042629,779.206982,780.962144,1275816,FINTRACE_SYNTHETIC,DEMO
2026-05-12,s6,SBIN,State Bank of India,Banking,EQUITY,782.35701,784.268278,780.463973,782.209798,1339168,FINTRACE_SYNTHETIC,DEMO
2026-05-13,s6,SBIN,State Bank of India,Banking,EQUITY,783.584373,785.186164,781.511852,783.468992,452520,FINTRACE_SYNTHETIC,DEMO
2026-05-14,s6,SBIN,State Bank of India,Banking,EQUITY,784.613881,786.493201,782.716959,784.526292,515872,FINTRACE_SYNTHETIC,DEMO
2026-05-15,s6,SBIN,State Bank of India,Banking,EQUITY,785.258946,787.199523,783.489729,785.191304,579224,FINTRACE_SYNTHETIC,DEMO
2026-05-16,s6,SBIN,State Bank of India,Banking,EQUITY,785.373629,787.033929,783.362168,785.315108,642576,FINTRACE_SYNTHETIC,DEMO
2026-05-17,s6,SBIN,State Bank of India,Banking,EQUITY,784.866817,786.709715,782.953395,784.804735,705928,FINTRACE_SYNTHETIC,DEMO
2026-05-18,s6,SBIN,State Bank of India,Banking,EQUITY,783.711157,785.662691,781.987501,783.632272,769280,FINTRACE_SYNTHETIC,DEMO
2026-05-19,s6,SBIN,State Bank of India,Banking,EQUITY,781.945882,783.651764,779.90985,781.837753,832632,FINTRACE_SYNTHETIC,DEMO
2026-05-20,s6,SBIN,State Bank of India,Banking,EQUITY,779.673271,781.461761,777.651171,779.525544,895984,FINTRACE_SYNTHETIC,DEMO
2026-05-21,s6,SBIN,State Bank of India,Banking,EQUITY,777.049069,778.991049,775.278525,776.854569,959336,FINTRACE_SYNTHETIC,DEMO
2026-05-22,s6,SBIN,State Bank of India,Banking,EQUITY,774.26779,776.006417,772.13812,774.023311,1022688,FINTRACE_SYNTHETIC,DEMO
2026-05-23,s6,SBIN,State Bank of India,Banking,EQUITY,771.54429,773.267821,769.367669,771.251011,1086040,FINTRACE_SYNTHETIC,DEMO
2026-05-24,s6,SBIN,State Bank of India,Banking,EQUITY,769.093381,771.014757,767.18708,768.756866,1149392,FINTRACE_SYNTHETIC,DEMO
2026-05-25,s6,SBIN,State Bank of India,Banking,EQUITY,767.109419,768.877239,764.901653,766.739196,1212744,FINTRACE_SYNTHETIC,DEMO
2026-05-26,s6,SBIN,State Bank of India,Banking,EQUITY,765.747811,767.408845,763.465759,765.356582,1276096,FINTRACE_SYNTHETIC,DEMO
2026-05-27,s6,SBIN,State Bank of India,Banking,EQUITY,765.110212,767.013289,763.097779,764.712753,1339448,FINTRACE_SYNTHETIC,DEMO
2026-05-28,s6,SBIN,State Bank of India,Banking,EQUITY,765.234817,767.038811,763.04958,764.846683,452800,FINTRACE_SYNTHETIC,DEMO
2026-05-29,s6,SBIN,State Bank of India,Banking,EQUITY,766.092672,767.70229,763.822409,765.728827,516152,FINTRACE_SYNTHETIC,DEMO
2026-05-30,s6,SBIN,State Bank of India,Banking,EQUITY,767.59036,769.483745,765.591593,767.263862,579504,FINTRACE_SYNTHETIC,DEMO
2026-05-31,s6,SBIN,State Bank of India,Banking,EQUITY,769.578809,771.428261,767.533604,769.299673,642856,FINTRACE_SYNTHETIC,DEMO
2026-06-01,s6,SBIN,State Bank of India,Banking,EQUITY,771.867373,773.435005,769.713361,771.641725,706208,FINTRACE_SYNTHETIC,DEMO
2026-06-02,s6,SBIN,State Bank of India,Banking,EQUITY,774.241853,776.128414,772.334753,774.071445,769560,FINTRACE_SYNTHETIC,DEMO
2026-06-03,s6,SBIN,State Bank of India,Banking,EQUITY,776.484738,778.380054,774.631064,776.366885,832912,FINTRACE_SYNTHETIC,DEMO
2026-06-04,s6,SBIN,State Bank of India,Banking,EQUITY,778.395737,779.983488,776.37909,778.323666,896264,FINTRACE_SYNTHETIC,DEMO
2026-06-05,s6,SBIN,State Bank of India,Banking,EQUITY,779.810643,781.680561,777.978594,779.77423,959616,FINTRACE_SYNTHETIC,DEMO
2026-06-06,s6,SBIN,State Bank of India,Banking,EQUITY,780.616743,782.544679,778.908679,780.603562,1022968,FINTRACE_SYNTHETIC,DEMO
2026-06-07,s6,SBIN,State Bank of India,Banking,EQUITY,780.763284,782.41047,778.81749,780.759876,1086320,FINTRACE_SYNTHETIC,DEMO
2026-06-08,s6,SBIN,State Bank of India,Banking,EQUITY,780.266027,782.100591,778.42105,780.259252,1149672,FINTRACE_SYNTHETIC,DEMO
2026-06-09,s6,SBIN,State Bank of India,Banking,EQUITY,779.20543,781.145048,777.544982,779.183793,1213024,FINTRACE_SYNTHETIC,DEMO
2026-06-10,s6,SBIN,State Bank of India,Banking,EQUITY,777.718657,779.412105,775.754589,777.67346,1276376,FINTRACE_SYNTHETIC,DEMO
2026-06-11,s6,SBIN,State Bank of India,Banking,EQUITY,775.986155,777.768957,774.048727,775.912382,1339728,FINTRACE_SYNTHETIC,DEMO
2026-06-12,s6,SBIN,State Bank of India,Banking,EQUITY,774.214099,776.148782,772.537046,774.110943,453080,FINTRACE_SYNTHETIC,DEMO
2026-06-13,s6,SBIN,State Bank of India,Banking,EQUITY,772.614372,774.3463,770.60224,772.485351,516432,FINTRACE_SYNTHETIC,DEMO
2026-06-14,s6,SBIN,State Bank of India,Banking,EQUITY,771.383987,773.110171,769.354941,771.236638,579784,FINTRACE_SYNTHETIC,DEMO
2026-06-15,s6,SBIN,State Bank of India,Banking,EQUITY,770.685924,772.611549,768.9611,770.53111,643136,FINTRACE_SYNTHETIC,DEMO
2026-06-16,s6,SBIN,State Bank of India,Banking,EQUITY,770.633198,772.406425,768.635508,770.48409,706488,FINTRACE_SYNTHETIC,DEMO
2026-06-17,s6,SBIN,State Bank of India,Banking,EQUITY,771.277699,772.953935,769.244562,771.148526,769840,FINTRACE_SYNTHETIC,DEMO
2026-06-18,s6,SBIN,State Bank of India,Banking,EQUITY,772.60484,774.527309,770.881429,772.509533,833192,FINTRACE_SYNTHETIC,DEMO
2026-06-19,s6,SBIN,State Bank of India,Banking,EQUITY,774.534561,776.35807,772.663228,774.485418,896544,FINTRACE_SYNTHETIC,DEMO
2026-06-20,s6,SBIN,State Bank of India,Banking,EQUITY,776.92856,778.57082,774.994969,776.935057,959896,FINTRACE_SYNTHETIC,DEMO
2026-06-21,s6,SBIN,State Bank of India,Banking,EQUITY,779.603094,781.595363,777.907158,779.670955,1023248,FINTRACE_SYNTHETIC,DEMO
2026-06-22,s6,SBIN,State Bank of India,Banking,EQUITY,782.346108,784.355118,780.547305,782.47673,1086600,FINTRACE_SYNTHETIC,DEMO
2026-06-23,s6,SBIN,State Bank of India,Banking,EQUITY,784.937075,786.725386,782.975716,785.127356,1149952,FINTRACE_SYNTHETIC,DEMO
2026-06-24,s6,SBIN,State Bank of India,Banking,EQUITY,787.167657,789.330574,785.404633,787.410242,1213304,FINTRACE_SYNTHETIC,DEMO
2026-06-25,s6,SBIN,State Bank of India,Banking,EQUITY,788.861209,791.069695,787.094381,789.145138,1276656,FINTRACE_SYNTHETIC,DEMO
2026-06-26,s6,SBIN,State Bank of India,Banking,EQUITY,789.889277,791.809313,787.915542,790.200969,1340008,FINTRACE_SYNTHETIC,DEMO
2026-06-27,s6,SBIN,State Bank of India,Banking,EQUITY,790.183521,792.405675,788.366707,790.508,453360,FINTRACE_SYNTHETIC,DEMO
2026-06-28,s6,SBIN,State Bank of India,Banking,EQUITY,789.74192,792.014225,788.023916,790.064168,516712,FINTRACE_SYNTHETIC,DEMO
2026-06-29,s6,SBIN,State Bank of India,Banking,EQUITY,788.628672,790.595999,786.665959,788.934983,580064,FINTRACE_SYNTHETIC,DEMO
2026-06-30,s6,SBIN,State Bank of India,Banking,EQUITY,786.967805,789.10045,785.116255,787.247003,643416,FINTRACE_SYNTHETIC,DEMO
2026-07-01,s6,SBIN,State Bank of India,Banking,EQUITY,784.931103,787.129263,783.276808,785.175517,706768,FINTRACE_SYNTHETIC,DEMO
2026-07-02,s6,SBIN,State Bank of India,Banking,EQUITY,782.721501,784.629147,780.788959,782.927602,770120,FINTRACE_SYNTHETIC,DEMO
2026-07-03,s6,SBIN,State Bank of India,Banking,EQUITY,780.553534,782.518624,778.680799,780.722173,833472,FINTRACE_SYNTHETIC,DEMO
2026-07-04,s6,SBIN,State Bank of India,Banking,EQUITY,778.632708,780.714749,777.046179,778.768929,896824,FINTRACE_SYNTHETIC,DEMO
2026-07-05,s6,SBIN,State Bank of India,Banking,EQUITY,777.135754,778.987503,775.239658,777.248206,960176,FINTRACE_SYNTHETIC,DEMO
2026-07-06,s6,SBIN,State Bank of India,Banking,EQUITY,776.193651,778.033844,774.301506,776.293659,1023528,FINTRACE_SYNTHETIC,DEMO
2026-07-07,s6,SBIN,State Bank of India,Banking,EQUITY,775.87904,777.918503,774.301559,775.979409,1086880,FINTRACE_SYNTHETIC,DEMO
2026-07-08,s6,SBIN,State Bank of India,Banking,EQUITY,776.199225,778.096453,774.334874,776.31291,1150232,FINTRACE_SYNTHETIC,DEMO
2026-07-09,s6,SBIN,State Bank of India,Banking,EQUITY,777.095432,778.926593,775.177992,777.23419,1213584,FINTRACE_SYNTHETIC,DEMO
2026-07-10,s6,SBIN,State Bank of India,Banking,EQUITY,778.448397,780.559714,776.811144,778.621547,1276936,FINTRACE_SYNTHETIC,DEMO
2026-07-11,s6,SBIN,State Bank of India,Banking,EQUITY,780.08974,782.137813,778.251929,780.30317,1340288,FINTRACE_SYNTHETIC,DEMO
2026-07-12,s6,SBIN,State Bank of India,Banking,EQUITY,781.818065,783.72351,779.873049,782.073548,453640,FINTRACE_SYNTHETIC,DEMO
2026-07-13,s6,SBIN,State Bank of India,Banking,EQUITY,783.418217,785.648726,781.717234,783.713138,516992,FINTRACE_SYNTHETIC,DEMO
2026-07-14,s6,SBIN,State Bank of India,Banking,EQUITY,784.681897,786.891766,782.874951,785.009389,580344,FINTRACE_SYNTHETIC,DEMO
2026-07-15,s6,SBIN,State Bank of India,Banking,EQUITY,785.427633,787.379946,783.46531,785.777127,643696,FINTRACE_SYNTHETIC,DEMO
2026-07-16,s6,SBIN,State Bank of India,Banking,EQUITY,785.518233,787.794603,783.761962,785.876357,707048,FINTRACE_SYNTHETIC,DEMO
2026-07-17,s6,SBIN,State Bank of India,Banking,EQUITY,784.874036,787.139114,783.113097,785.225795,770400,FINTRACE_SYNTHETIC,DEMO
2026-07-18,s6,SBIN,State Bank of India,Banking,EQUITY,783.480702,785.402684,781.522751,783.810807,833752,FINTRACE_SYNTHETIC,DEMO
2026-07-19,s6,SBIN,State Bank of India,Banking,EQUITY,781.390805,783.563594,779.596988,781.685042,897104,FINTRACE_SYNTHETIC,DEMO
2026-07-20,s6,SBIN,State Bank of India,Banking,EQUITY,778.719066,780.886998,777.02182,778.965559,960456,FINTRACE_SYNTHETIC,DEMO
2026-07-21,s6,SBIN,State Bank of India,Banking,EQUITY,775.631677,777.451993,773.700602,775.821944,1023808,FINTRACE_SYNTHETIC,DEMO
2026-07-22,s6,SBIN,State Bank of India,Banking,EQUITY,772.33075,774.281469,770.516071,772.460433,1087160,FINTRACE_SYNTHETIC,DEMO
2026-07-23,s6,SBIN,State Bank of India,Banking,EQUITY,769.035352,771.017573,767.411237,769.104563,1150512,FINTRACE_SYNTHETIC,DEMO
2026-07-24,s6,SBIN,State Bank of India,Banking,EQUITY,765.96094,767.635705,764.068619,765.97419,1213864,FINTRACE_SYNTHETIC,DEMO
2026-07-25,s6,SBIN,State Bank of India,Banking,EQUITY,763.299163,765.058212,761.435664,763.264873,1277216,FINTRACE_SYNTHETIC,DEMO
2026-07-26,s6,SBIN,State Bank of India,Banking,EQUITY,761.199941,763.101596,759.575369,761.129592,1340568,FINTRACE_SYNTHETIC,DEMO
2026-07-27,s6,SBIN,State Bank of India,Banking,EQUITY,759.757537,761.454729,757.809479,759.664533,453920,FINTRACE_SYNTHETIC,DEMO
2026-07-28,s6,SBIN,State Bank of India,Banking,EQUITY,759.001943,760.7063,757.051949,758.900301,517272,FINTRACE_SYNTHETIC,DEMO
2026-07-29,s6,SBIN,State Bank of India,Banking,EQUITY,758.896404,760.793018,757.259986,758.799389,580624,FINTRACE_SYNTHETIC,DEMO
2026-07-30,s6,SBIN,State Bank of India,Banking,EQUITY,759.341311,761.083152,757.434506,759.260158,643976,FINTRACE_SYNTHETIC,DEMO
2026-07-31,s6,SBIN,State Bank of India,Banking,EQUITY,760.184087,761.842505,758.252552,760.126916,707328,FINTRACE_SYNTHETIC,DEMO
2026-08-01,s6,SBIN,State Bank of India,Banking,EQUITY,761.234135,763.129701,759.607487,761.205175,770680,FINTRACE_SYNTHETIC,DEMO
2026-08-02,s6,SBIN,State Bank of India,Banking,EQUITY,762.281394,764.071253,760.482374,762.280589,834032,FINTRACE_SYNTHETIC,DEMO
2026-08-03,s6,SBIN,State Bank of India,Banking,EQUITY,763.116769,764.753103,761.219035,763.139794,897384,FINTRACE_SYNTHETIC,DEMO
2026-08-04,s6,SBIN,State Bank of India,Banking,EQUITY,763.552449,765.478181,761.897779,763.591147,960736,FINTRACE_SYNTHETIC,DEMO
2026-08-05,s6,SBIN,State Bank of India,Banking,EQUITY,763.4402,765.31209,761.679488,763.483389,1024088,FINTRACE_SYNTHETIC,DEMO
2026-08-06,s6,SBIN,State Bank of India,Banking,EQUITY,762.685872,764.279601,760.78065,762.720448,1087440,FINTRACE_SYNTHETIC,DEMO
2026-08-07,s6,SBIN,State Bank of India,Banking,EQUITY,761.258747,763.130741,759.559692,761.27098,1150792,FINTRACE_SYNTHETIC,DEMO
2026-08-08,s6,SBIN,State Bank of India,Banking,EQUITY,759.194822,761.043063,757.465516,759.171716,1214144,FINTRACE_SYNTHETIC,DEMO
2026-08-09,s6,SBIN,State Bank of India,Banking,EQUITY,756.593723,758.12698,754.633537,756.524315,1277496,FINTRACE_SYNTHETIC,DEMO
2026-08-10,s6,SBIN,State Bank of India,Banking,EQUITY,753.609537,755.422579,751.75895,753.486009,1340848,FINTRACE_SYNTHETIC,DEMO
2026-08-11,s6,SBIN,State Bank of India,Banking,EQUITY,750.436436,752.286297,748.616631,750.254933,454200,FINTRACE_SYNTHETIC,DEMO
2026-08-12,s6,SBIN,State Bank of India,Banking,EQUITY,747.290461,748.857321,745.190962,747.051536,517552,FINTRACE_SYNTHETIC,DEMO
2026-08-13,s6,SBIN,State Bank of India,Banking,EQUITY,744.389202,746.146354,742.351871,744.09785,580904,FINTRACE_SYNTHETIC,DEMO
2026-08-14,s6,SBIN,State Bank of India,Banking,EQUITY,741.931312,743.775984,740.027218,741.59658,644256,FINTRACE_SYNTHETIC,DEMO
2026-08-15,s6,SBIN,State Bank of India,Banking,EQUITY,740.077798,741.680053,737.883456,739.712022,707608,FINTRACE_SYNTHETIC,DEMO
2026-08-16,s6,SBIN,State Bank of India,Banking,EQUITY,738.936886,740.642376,736.786621,738.554608,770960,FINTRACE_SYNTHETIC,DEMO
2026-08-17,s6,SBIN,State Bank of India,Banking,EQUITY,738.553885,740.398676,736.659978,738.170572,834312,FINTRACE_SYNTHETIC,DEMO
2026-08-18,s6,SBIN,State Bank of India,Banking,EQUITY,738.90703,740.554747,736.732726,738.537706,897664,FINTRACE_SYNTHETIC,DEMO
2026-08-19,s6,SBIN,State Bank of India,Banking,EQUITY,739.909689,741.574019,737.767963,739.567609,961016,FINTRACE_SYNTHETIC,DEMO
2026-08-20,s6,SBIN,State Bank of India,Banking,EQUITY,741.418732,743.27184,739.613981,741.114231,1024368,FINTRACE_SYNTHETIC,DEMO
2026-08-21,s6,SBIN,State Bank of India,Banking,EQUITY,743.248254,744.95051,741.199426,742.987872,1087720,FINTRACE_SYNTHETIC,DEMO
2026-08-22,s6,SBIN,State Bank of India,Banking,EQUITY,745.187349,746.816117,743.137537,744.973322,1151072,FINTRACE_SYNTHETIC,DEMO
2026-08-23,s6,SBIN,State Bank of India,Banking,EQUITY,747.020244,748.881055,745.286089,746.850405,1214424,FINTRACE_SYNTHETIC,DEMO
2026-08-24,s6,SBIN,State Bank of India,Banking,EQUITY,748.546861,750.302082,746.647159,748.414959,1277776,FINTRACE_SYNTHETIC,DEMO
2026-08-25,s6,SBIN,State Bank of India,Banking,EQUITY,749.601863,751.189779,747.635177,749.498274,1341128,FINTRACE_SYNTHETIC,DEMO
2026-08-26,s6,SBIN,State Bank of India,Banking,EQUITY,750.070355,751.925071,748.360977,749.983109,454480,FINTRACE_SYNTHETIC,DEMO
2026-08-27,s6,SBIN,State Bank of India,Banking,EQUITY,749.898747,751.692865,748.082879,749.81478,517832,FINTRACE_SYNTHETIC,DEMO
2026-08-28,s6,SBIN,State Bank of India,Banking,EQUITY,749.099752,750.634362,747.13552,749.006261,581184,FINTRACE_SYNTHETIC,DEMO
2026-08-29,s6,SBIN,State Bank of India,Banking,EQUITY,747.751032,749.579287,745.971085,747.636799,644536,FINTRACE_SYNTHETIC,DEMO
2026-08-30,s6,SBIN,State Bank of India,Banking,EQUITY,745.987626,747.802068,744.165078,745.844186,707888,FINTRACE_SYNTHETIC,DEMO
2026-08-31,s6,SBIN,State Bank of India,Banking,EQUITY,743.988884,745.493308,741.95227,743.811435,771240,FINTRACE_SYNTHETIC,DEMO
2026-09-01,s6,SBIN,State Bank of India,Banking,EQUITY,741.961153,743.748077,740.051619,741.749104,834592,FINTRACE_SYNTHETIC,DEMO
2026-09-02,s6,SBIN,State Bank of India,Banking,EQUITY,740.117868,741.941077,738.256307,739.874983,897944,FINTRACE_SYNTHETIC,DEMO
2026-09-03,s6,SBIN,State Bank of India,Banking,EQUITY,738.658941,740.204494,736.553437,738.393064,961296,FINTRACE_SYNTHETIC,DEMO
2026-09-04,s6,SBIN,State Bank of India,Banking,EQUITY,737.751424,739.495159,735.745735,737.473807,1024648,FINTRACE_SYNTHETIC,DEMO
2026-09-05,s6,SBIN,State Bank of India,Banking,EQUITY,737.513278,739.346193,735.674275,737.237583,1088000,FINTRACE_SYNTHETIC,DEMO
2026-09-06,s6,SBIN,State Bank of India,Banking,EQUITY,738.001816,739.596488,735.918112,737.742873,1151352,FINTRACE_SYNTHETIC,DEMO
2025-12-29,s7,ITC,ITC Ltd,Consumer,EQUITY,518.44864,519.609226,517.152519,518.572082,450000,FINTRACE_SYNTHETIC,DEMO
2025-12-30,s7,ITC,ITC Ltd,Consumer,EQUITY,517.293569,518.650087,516.119235,517.397604,521271,FINTRACE_SYNTHETIC,DEMO
2025-12-31,s7,ITC,ITC Ltd,Consumer,EQUITY,516.095844,517.446641,514.956266,516.179602,592542,FINTRACE_SYNTHETIC,DEMO
2026-01-01,s7,ITC,ITC Ltd,Consumer,EQUITY,514.985657,516.117368,513.70077,515.050924,663813,FINTRACE_SYNTHETIC,DEMO
2026-01-02,s7,ITC,ITC Ltd,Consumer,EQUITY,514.082445,515.356261,512.886266,514.133445,735084,FINTRACE_SYNTHETIC,DEMO
2026-01-03,s7,ITC,ITC Ltd,Consumer,EQUITY,513.483332,514.79954,512.383537,513.526271,806355,FINTRACE_SYNTHETIC,DEMO
2026-01-04,s7,ITC,ITC Ltd,Consumer,EQUITY,513.253719,514.394443,511.980806,513.296139,877626,FINTRACE_SYNTHETIC,DEMO
2026-01-05,s7,ITC,ITC Ltd,Consumer,EQUITY,513.420911,514.666523,512.200535,513.470909,948897,FINTRACE_SYNTHETIC,DEMO
2026-01-06,s7,ITC,ITC Ltd,Consumer,EQUITY,513.971384,515.319139,512.90605,514.036782,1020168,FINTRACE_SYNTHETIC,DEMO
2026-01-07,s7,ITC,ITC Ltd,Consumer,EQUITY,514.851967,516.07549,513.587714,514.939503,1091439,FINTRACE_SYNTHETIC,DEMO
2026-01-08,s7,ITC,ITC Ltd,Consumer,EQUITY,515.974817,517.261995,514.726397,516.089434,1162710,FINTRACE_SYNTHETIC,DEMO
2026-01-09,s7,ITC,ITC Ltd,Consumer,EQUITY,517.225713,518.663447,516.190117,517.370025,1233981,FINTRACE_SYNTHETIC,DEMO
2026-01-10,s7,ITC,ITC Ltd,Consumer,EQUITY,518.474884,519.825299,517.219175,518.648855,1305252,FINTRACE_SYNTHETIC,DEMO
2026-01-11,s7,ITC,ITC Ltd,Consumer,EQUITY,519.589335,520.938996,518.314406,519.790216,1376523,FINTRACE_SYNTHETIC,DEMO
2026-01-12,s7,ITC,ITC Ltd,Consumer,EQUITY,520.445499,521.967244,519.369026,520.66802,497794,FINTRACE_SYNTHETIC,DEMO
2026-01-13,s7,ITC,ITC Ltd,Consumer,EQUITY,520.941005,522.389617,519.701247,521.177804,569065,FINTRACE_SYNTHETIC,DEMO
2026-01-14,s7,ITC,ITC Ltd,Consumer,EQUITY,521.004443,522.364231,519.712962,521.246703,640336,FINTRACE_SYNTHETIC,DEMO
2026-01-15,s7,ITC,ITC Ltd,Consumer,EQUITY,520.602199,522.132464,519.489369,520.840416,711607,FINTRACE_SYNTHETIC,DEMO
2026-01-16,s7,ITC,ITC Ltd,Consumer,EQUITY,519.741695,521.201694,518.530615,519.966517,782878,FINTRACE_SYNTHETIC,DEMO
2026-01-17,s7,ITC,ITC Ltd,Consumer,EQUITY,518.470744,519.750011,517.177496,518.673795,854149,FINTRACE_SYNTHETIC,DEMO
2026-01-18,s7,ITC,ITC Ltd,Consumer,EQUITY,516.873065,518.31779,515.733856,517.047676,925420,FINTRACE_SYNTHETIC,DEMO
2026-01-19,s7,ITC,ITC Ltd,Consumer,EQUITY,515.06039,516.448102,513.889213,515.202174,996691,FINTRACE_SYNTHETIC,DEMO
2026-01-20,s7,ITC,ITC Ltd,Consumer,EQUITY,513.161922,514.297937,511.879027,513.269127,1067962,FINTRACE_SYNTHETIC,DEMO
2026-01-21,s7,ITC,ITC Ltd,Consumer,EQUITY,511.312136,512.624901,510.15329,511.385757,1139233,FINTRACE_SYNTHETIC,DEMO
2026-01-22,s7,ITC,ITC Ltd,Consumer,EQUITY,509.6381,510.931865,508.510734,509.681723,1210504,FINTRACE_SYNTHETIC,DEMO
2026-01-23,s7,ITC,ITC Ltd,Consumer,EQUITY,508.247506,509.317084,506.979122,508.266916,1281775,FINTRACE_SYNTHETIC,DEMO
2026-01-24,s7,ITC,ITC Ltd,Consumer,EQUITY,507.218571,508.428984,506.040069,507.221149,1353046,FINTRACE_SYNTHETIC,DEMO
2026-01-25,s7,ITC,ITC Ltd,Consumer,EQUITY,506.592756,507.848188,505.499557,506.586728,474317,FINTRACE_SYNTHETIC,DEMO
2026-01-26,s7,ITC,ITC Ltd,Consumer,EQUITY,506.370996,507.452328,505.108165,506.364609,545588,FINTRACE_SYNTHETIC,DEMO
2026-01-27,s7,ITC,ITC Ltd,Consumer,EQUITY,506.513817,507.695609,505.311338,506.51451,616859,FINTRACE_SYNTHETIC,DEMO
2026-01-28,s7,ITC,ITC Ltd,Consumer,EQUITY,506.945296,508.223325,505.892307,506.958962,688130,FINTRACE_SYNTHETIC,DEMO
2026-01-29,s7,ITC,ITC Ltd,Consumer,EQUITY,507.560526,508.708638,506.313262,507.590913,759401,FINTRACE_SYNTHETIC,DEMO
2026-01-30,s7,ITC,ITC Ltd,Consumer,EQUITY,508.235832,509.440876,507.007369,508.284167,830672,FINTRACE_SYNTHETIC,DEMO
2026-01-31,s7,ITC,ITC Ltd,Consumer,EQUITY,508.840793,510.177882,507.819734,508.905641,901943,FINTRACE_SYNTHETIC,DEMO
2026-02-01,s7,ITC,ITC Ltd,Consumer,EQUITY,509.250914,510.481692,508.016344,509.328297,973214,FINTRACE_SYNTHETIC,DEMO
2026-02-02,s7,ITC,ITC Ltd,Consumer,EQUITY,509.359727,510.571452,508.110855,509.443497,1044485,FINTRACE_SYNTHETIC,DEMO
2026-02-03,s7,ITC,ITC Ltd,Consumer,EQUITY,509.089188,510.442439,508.038437,509.171603,1115756,FINTRACE_SYNTHETIC,DEMO
2026-02-04,s7,ITC,ITC Ltd,Consumer,EQUITY,508.397354,509.650366,507.185992,508.469817,1187027,FINTRACE_SYNTHETIC,DEMO
2026-02-05,s7,ITC,ITC Ltd,Consumer,EQUITY,507.282633,508.426364,506.025821,507.336512,1258298,FINTRACE_SYNTHETIC,DEMO
2026-02-06,s7,ITC,ITC Ltd,Consumer,EQUITY,505.784168,507.067006,504.705168,505.811633,1329569,FINTRACE_SYNTHETIC,DEMO
2026-02-07,s7,ITC,ITC Ltd,Consumer,EQUITY,503.978355,505.174073,502.797127,503.973133,450840,FINTRACE_SYNTHETIC,DEMO
2026-02-08,s7,ITC,ITC Ltd,Consumer,EQUITY,501.971791,503.015546,500.678137,501.929784,522111,FINTRACE_SYNTHETIC,DEMO
2026-02-09,s7,ITC,ITC Ltd,Consumer,EQUITY,499.891344,501.120208,498.711465,499.811046,593382,FINTRACE_SYNTHETIC,DEMO
2026-02-10,s7,ITC,ITC Ltd,Consumer,EQUITY,497.87229,499.075094,496.621288,497.754953,664653,FINTRACE_SYNTHETIC,DEMO
2026-02-11,s7,ITC,ITC Ltd,Consumer,EQUITY,496.045631,497.042112,494.655481,495.89518,735924,FINTRACE_SYNTHETIC,DEMO
2026-02-12,s7,ITC,ITC Ltd,Consumer,EQUITY,494.525818,495.725267,493.229975,494.348518,807195,FINTRACE_SYNTHETIC,DEMO
2026-02-13,s7,ITC,ITC Ltd,Consumer,EQUITY,493.400049,494.60932,492.110956,493.20394,878466,FINTRACE_SYNTHETIC,DEMO
2026-02-14,s7,ITC,ITC Ltd,Consumer,EQUITY,492.720141,493.736025,491.284924,492.514322,949737,FINTRACE_SYNTHETIC,DEMO
2026-02-15,s7,ITC,ITC Ltd,Consumer,EQUITY,492.497776,493.671954,491.149434,492.291586,1021008,FINTRACE_SYNTHETIC,DEMO
2026-02-16,s7,ITC,ITC Ltd,Consumer,EQUITY,492.703558,493.923924,491.4467,492.505733,1092279,FINTRACE_SYNTHETIC,DEMO
2026-02-17,s7,ITC,ITC Ltd,Consumer,EQUITY,493.269968,494.321218,491.863786,493.087868,1163550,FINTRACE_SYNTHETIC,DEMO
2026-02-18,s7,ITC,ITC Ltd,Consumer,EQUITY,494.097947,495.251722,492.765749,493.936912,1234821,FINTRACE_SYNTHETIC,DEMO
2026-02-19,s7,ITC,ITC Ltd,Consumer,EQUITY,495.06647,496.300826,493.899173,494.929366,1306092,FINTRACE_SYNTHETIC,DEMO
2026-02-20,s7,ITC,ITC Ltd,Consumer,EQUITY,496.044194,497.13448,494.711645,495.93121,1377363,FINTRACE_SYNTHETIC,DEMO
2026-02-21,s7,ITC,ITC Ltd,Consumer,EQUITY,496.90208,498.034716,495.611144,496.81077,498634,FINTRACE_SYNTHETIC,DEMO
2026-02-22,s7,ITC,ITC Ltd,Consumer,EQUITY,497.525778,498.769531,496.450956,497.451363,569905,FINTRACE_SYNTHETIC,DEMO
2026-02-23,s7,ITC,ITC Ltd,Consumer,EQUITY,497.826591,498.952065,496.554606,497.762481,641176,FINTRACE_SYNTHETIC,DEMO
2026-02-24,s7,ITC,ITC Ltd,Consumer,EQUITY,497.749984,498.854034,496.469173,497.688477,712447,FINTRACE_SYNTHETIC,DEMO
2026-02-25,s7,ITC,ITC Ltd,Consumer,EQUITY,497.280812,498.522242,496.189839,497.213896,783718,FINTRACE_SYNTHETIC,DEMO
2026-02-26,s7,ITC,ITC Ltd,Consumer,EQUITY,496.444781,497.595723,495.180871,496.36497,854989,FINTRACE_SYNTHETIC,DEMO
2026-02-27,s7,ITC,ITC Ltd,Consumer,EQUITY,495.305995,496.372094,493.980874,495.207109,926260,FINTRACE_SYNTHETIC,DEMO
2026-02-28,s7,ITC,ITC Ltd,Consumer,EQUITY,493.960822,495.187356,492.787243,493.83865,997531,FINTRACE_SYNTHETIC,DEMO
2026-03-01,s7,ITC,ITC Ltd,Consumer,EQUITY,492.528677,493.695768,491.23087,492.381444,1068802,FINTRACE_SYNTHETIC,DEMO
2026-03-02,s7,ITC,ITC Ltd,Consumer,EQUITY,491.140576,492.163955,489.74522,490.969181,1140073,FINTRACE_SYNTHETIC,DEMO
2026-03-03,s7,ITC,ITC Ltd,Consumer,EQUITY,489.926584,491.131809,488.659157,489.734579,1211344,FINTRACE_SYNTHETIC,DEMO
2026-03-04,s7,ITC,ITC Ltd,Consumer,EQUITY,489.00332,490.183488,487.681584,488.79664,1282615,FINTRACE_SYNTHETIC,DEMO
2026-03-05,s7,ITC,ITC Ltd,Consumer,EQUITY,488.462747,489.446157,487.028663,488.2492,1353886,FINTRACE_SYNTHETIC,DEMO
2026-03-06,s7,ITC,ITC Ltd,Consumer,EQUITY,488.363276,489.548905,487.049187,488.151866,475157,FINTRACE_SYNTHETIC,DEMO
2026-03-07,s7,ITC,ITC Ltd,Consumer,EQUITY,488.724075,489.920943,487.439636,488.524194,546428,FINTRACE_SYNTHETIC,DEMO
2026-03-08,s7,ITC,ITC Ltd,Consumer,EQUITY,489.523088,490.530229,488.121937,489.343679,617699,FINTRACE_SYNTHETIC,DEMO
2026-03-09,s7,ITC,ITC Ltd,Consumer,EQUITY,490.698978,491.87025,489.411302,490.547734,688970,FINTRACE_SYNTHETIC,DEMO
2026-03-10,s7,ITC,ITC Ltd,Consumer,EQUITY,492.156807,493.375154,490.979375,492.03948,760241,FINTRACE_SYNTHETIC,DEMO
2026-03-11,s7,ITC,ITC Ltd,Consumer,EQUITY,493.776895,494.827114,492.470639,493.696797,831512,FINTRACE_SYNTHETIC,DEMO
2026-03-12,s7,ITC,ITC Ltd,Consumer,EQUITY,495.426038,496.584535,494.210646,495.383763,902783,FINTRACE_SYNTHETIC,DEMO
2026-03-13,s7,ITC,ITC Ltd,Consumer,EQUITY,496.970003,498.208737,495.926808,496.963403,974054,FINTRACE_SYNTHETIC,DEMO
2026-03-14,s7,ITC,ITC Ltd,Consumer,EQUITY,498.286106,499.403771,497.059886,498.310532,1045325,FINTRACE_SYNTHETIC,DEMO
2026-03-15,s7,ITC,ITC Ltd,Consumer,EQUITY,499.274693,500.463442,498.07036,499.32346,1116596,FINTRACE_SYNTHETIC,DEMO
2026-03-16,s7,ITC,ITC Ltd,Consumer,EQUITY,499.868405,501.183168,498.860926,499.933455,1187867,FINTRACE_SYNTHETIC,DEMO
2026-03-17,s7,ITC,ITC Ltd,Consumer,EQUITY,500.03837,501.2398,498.823826,500.111055,1259138,FINTRACE_SYNTHETIC,DEMO
2026-03-18,s7,ITC,ITC Ltd,Consumer,EQUITY,499.796719,500.979374,498.573224,499.868638,1330409,FINTRACE_SYNTHETIC,DEMO
2026-03-19,s7,ITC,ITC Ltd,Consumer,EQUITY,499.195185,500.505616,498.169242,499.258994,451680,FINTRACE_SYNTHETIC,DEMO
2026-03-20,s7,ITC,ITC Ltd,Consumer,EQUITY,498.31993,499.523742,497.129771,498.370044,522951,FINTRACE_SYNTHETIC,DEMO
2026-03-21,s7,ITC,ITC Ltd,Consumer,EQUITY,497.28309,498.388729,496.052395,497.31621,594222,FINTRACE_SYNTHETIC,DEMO
2026-03-22,s7,ITC,ITC Ltd,Consumer,EQUITY,496.211838,497.45998,495.157502,496.227261,665493,FINTRACE_SYNTHETIC,DEMO
2026-03-23,s7,ITC,ITC Ltd,Consumer,EQUITY,495.236022,496.408045,494.076839,495.235697,736764,FINTRACE_SYNTHETIC,DEMO
2026-03-24,s7,ITC,ITC Ltd,Consumer,EQUITY,494.475548,495.508031,493.231572,494.463869,808035,FINTRACE_SYNTHETIC,DEMO
2026-03-25,s7,ITC,ITC Ltd,Consumer,EQUITY,494.028715,495.244879,492.929283,494.012083,879306,FINTRACE_SYNTHETIC,DEMO
2026-03-26,s7,ITC,ITC Ltd,Consumer,EQUITY,493.962616,495.153515,492.820191,493.948802,950577,FINTRACE_SYNTHETIC,DEMO
2026-03-27,s7,ITC,ITC Ltd,Consumer,EQUITY,494.306523,495.303885,493.068288,494.303893,1021848,FINTRACE_SYNTHETIC,DEMO
2026-03-28,s7,ITC,ITC Ltd,Consumer,EQUITY,495.048876,496.268589,493.932497,495.065563,1093119,FINTRACE_SYNTHETIC,DEMO
2026-03-29,s7,ITC,ITC Ltd,Consumer,EQUITY,496.138188,497.395427,495.034759,496.181272,1164390,FINTRACE_SYNTHETIC,DEMO
2026-03-30,s7,ITC,ITC Ltd,Consumer,EQUITY,497.487752,498.584037,496.245434,497.562544,1235661,FINTRACE_SYNTHETIC,DEMO
2026-03-31,s7,ITC,ITC Ltd,Consumer,EQUITY,498.983726,500.285914,497.829466,499.093214,1306932,FINTRACE_SYNTHETIC,DEMO
2026-04-01,s7,ITC,ITC Ltd,Consumer,EQUITY,500.495812,501.87898,499.415384,500.640325,1378203,FINTRACE_SYNTHETIC,DEMO
2026-04-02,s7,ITC,ITC Ltd,Consumer,EQUITY,501.889516,503.132338,500.642457,502.066639,499474,FINTRACE_SYNTHETIC,DEMO
2026-04-03,s7,ITC,ITC Ltd,Consumer,EQUITY,503.038828,504.421983,501.849098,503.243572,570745,FINTRACE_SYNTHETIC,DEMO
2026-04-04,s7,ITC,ITC Ltd,Consumer,EQUITY,503.838096,505.31934,502.784966,504.063318,642016,FINTRACE_SYNTHETIC,DEMO
2026-04-05,s7,ITC,ITC Ltd,Consumer,EQUITY,504.211984,505.553647,502.970325,504.449003,713287,FINTRACE_SYNTHETIC,DEMO
2026-04-06,s7,ITC,ITC Ltd,Consumer,EQUITY,504.122552,505.515231,502.907796,504.361911,784558,FINTRACE_SYNTHETIC,DEMO
2026-04-07,s7,ITC,ITC Ltd,Consumer,EQUITY,503.572783,505.064402,502.555612,503.805089,855829,FINTRACE_SYNTHETIC,DEMO
2026-04-08,s7,ITC,ITC Ltd,Consumer,EQUITY,502.606234,503.955932,501.384318,502.82298,927100,FINTRACE_SYNTHETIC,DEMO
2026-04-09,s7,ITC,ITC Ltd,Consumer,EQUITY,501.302822,502.613474,500.076634,501.497135,998371,FINTRACE_SYNTHETIC,DEMO
2026-04-10,s7,ITC,ITC Ltd,Consumer,EQUITY,499.771179,501.186953,498.746252,499.9384,1069642,FINTRACE_SYNTHETIC,DEMO
2026-04-11,s7,ITC,ITC Ltd,Consumer,EQUITY,498.138269,499.428094,496.947163,498.276331,1140913,FINTRACE_SYNTHETIC,DEMO
2026-04-12,s7,ITC,ITC Ltd,Consumer,EQUITY,496.537282,497.719997,495.30913,496.646837,1212184,FINTRACE_SYNTHETIC,DEMO
2026-04-13,s7,ITC,ITC Ltd,Consumer,EQUITY,495.094958,496.409897,494.045119,495.179244,1283455,FINTRACE_SYNTHETIC,DEMO
2026-04-14,s7,ITC,ITC Ltd,Consumer,EQUITY,493.91953,495.15156,492.762156,493.983994,1354726,FINTRACE_SYNTHETIC,DEMO
2026-04-15,s7,ITC,ITC Ltd,Consumer,EQUITY,493.09046,494.174017,491.86198,493.142171,475997,FINTRACE_SYNTHETIC,DEMO
2026-04-16,s7,ITC,ITC Ltd,Consumer,EQUITY,492.650928,493.911551,491.573129,492.697834,547268,FINTRACE_SYNTHETIC,DEMO
2026-04-17,s7,ITC,ITC Ltd,Consumer,EQUITY,492.603797,493.840401,491.476472,492.653908,618539,FINTRACE_SYNTHETIC,DEMO
2026-04-18,s7,ITC,ITC Ltd,Consumer,EQUITY,492.911441,493.968845,491.679403,492.971996,689810,FINTRACE_SYNTHETIC,DEMO
2026-04-19,s7,ITC,ITC Ltd,Consumer,EQUITY,493.499444,494.776679,492.388442,493.576166,761081,FINTRACE_SYNTHETIC,DEMO
2026-04-20,s7,ITC,ITC Ltd,Consumer,EQUITY,494.263826,495.569024,493.162614,494.360314,832352,FINTRACE_SYNTHETIC,DEMO
2026-04-21,s7,ITC,ITC Ltd,Consumer,EQUITY,495.081097,496.212889,493.844566,495.19843,903623,FINTRACE_SYNTHETIC,DEMO
2026-04-22,s7,ITC,ITC Ltd,Consumer,EQUITY,495.820187,497.143341,494.674961,495.956769,974894,FINTRACE_SYNTHETIC,DEMO
2026-04-23,s7,ITC,ITC Ltd,Consumer,EQUITY,496.355112,497.734498,495.281543,496.506777,1046165,FINTRACE_SYNTHETIC,DEMO
2026-04-24,s7,ITC,ITC Ltd,Consumer,EQUITY,496.577164,497.789781,495.342774,496.737527,1117436,FINTRACE_SYNTHETIC,DEMO
2026-04-25,s7,ITC,ITC Ltd,Consumer,EQUITY,496.40547,497.730869,495.232936,496.566496,1188707,FINTRACE_SYNTHETIC,DEMO
2026-04-26,s7,ITC,ITC Ltd,Consumer,EQUITY,495.794904,497.183029,494.75643,495.947635,1259978,FINTRACE_SYNTHETIC,DEMO
2026-04-27,s7,ITC,ITC Ltd,Consumer,EQUITY,494.740598,495.957631,493.521441,494.875979,1331249,FINTRACE_SYNTHETIC,DEMO
2026-04-28,s7,ITC,ITC Ltd,Consumer,EQUITY,493.278631,494.518352,492.091264,493.388342,452520,FINTRACE_SYNTHETIC,DEMO
2026-04-29,s7,ITC,ITC Ltd,Consumer,EQUITY,491.482808,492.788645,490.487884,491.560036,523791,FINTRACE_SYNTHETIC,DEMO
2026-04-30,s7,ITC,ITC Ltd,Consumer,EQUITY,489.457867,490.598992,488.266829,489.497936,595062,FINTRACE_SYNTHETIC,DEMO
2026-05-01,s7,ITC,ITC Ltd,Consumer,EQUITY,487.329722,488.417249,486.138696,487.330526,666333,FINTRACE_SYNTHETIC,DEMO
2026-05-02,s7,ITC,ITC Ltd,Consumer,EQUITY,485.233703,486.445741,484.202998,485.195897,737604,FINTRACE_SYNTHETIC,DEMO
2026-05-03,s7,ITC,ITC Ltd,Consumer,EQUITY,483.301897,484.417367,482.072051,483.228832,808875,FINTRACE_SYNTHETIC,DEMO
2026-05-04,s7,ITC,ITC Ltd,Consumer,EQUITY,481.650797,482.693569,480.35782,481.548203,880146,FINTRACE_SYNTHETIC,DEMO
2026-05-05,s7,ITC,ITC Ltd,Consumer,EQUITY,480.370444,481.564797,479.2296,480.245887,951417,FINTRACE_SYNTHETIC,DEMO
2026-05-06,s7,ITC,ITC Ltd,Consumer,EQUITY,479.516079,480.647986,478.253415,479.378251,1022688,FINTRACE_SYNTHETIC,DEMO
2026-05-07,s7,ITC,ITC Ltd,Consumer,EQUITY,479.103118,480.107671,477.768151,478.961029,1093959,FINTRACE_SYNTHETIC,DEMO
2026-05-08,s7,ITC,ITC Ltd,Consumer,EQUITY,479.105917,480.286939,477.922155,478.968051,1165230,FINTRACE_SYNTHETIC,DEMO
2026-05-09,s7,ITC,ITC Ltd,Consumer,EQUITY,479.460446,480.613933,478.235298,479.333982,1236501,FINTRACE_SYNTHETIC,DEMO
2026-05-10,s7,ITC,ITC Ltd,Consumer,EQUITY,480.070616,481.0435,478.761207,479.960771,1307772,FINTRACE_SYNTHETIC,DEMO
2026-05-11,s7,ITC,ITC Ltd,Consumer,EQUITY,480.817657,481.988199,479.646819,480.727223,1379043,FINTRACE_SYNTHETIC,DEMO
2026-05-12,s7,ITC,ITC Ltd,Consumer,EQUITY,481.571644,482.748106,480.426096,481.500764,500314,FINTRACE_SYNTHETIC,DEMO
2026-05-13,s7,ITC,ITC Ltd,Consumer,EQUITY,482.204087,483.189801,480.945847,482.15028,571585,FINTRACE_SYNTHETIC,DEMO
2026-05-14,s7,ITC,ITC Ltd,Consumer,EQUITY,482.60036,483.756292,481.445893,482.558806,642856,FINTRACE_SYNTHETIC,DEMO
2026-05-15,s7,ITC,ITC Ltd,Consumer,EQUITY,482.670811,483.863615,481.588951,482.634861,714127,FINTRACE_SYNTHETIC,DEMO
2026-05-16,s7,ITC,ITC Ltd,Consumer,EQUITY,482.359469,483.379189,481.121883,482.321331,785398,FINTRACE_SYNTHETIC,DEMO
2026-05-17,s7,ITC,ITC Ltd,Consumer,EQUITY,481.64953,482.780462,480.464981,481.60107,856669,FINTRACE_SYNTHETIC,DEMO
2026-05-18,s7,ITC,ITC Ltd,Consumer,EQUITY,480.565095,481.76176,479.490148,480.49867,927940,FINTRACE_SYNTHETIC,DEMO
2026-05-19,s7,ITC,ITC Ltd,Consumer,EQUITY,479.168997,480.214345,477.896905,479.078246,999211,FINTRACE_SYNTHETIC,DEMO
2026-05-20,s7,ITC,ITC Ltd,Consumer,EQUITY,477.556911,478.652377,476.289426,477.437426,1070482,FINTRACE_SYNTHETIC,DEMO
2026-05-21,s7,ITC,ITC Ltd,Consumer,EQUITY,475.848329,477.037557,474.733069,475.698142,1141753,FINTRACE_SYNTHETIC,DEMO
2026-05-22,s7,ITC,ITC Ltd,Consumer,EQUITY,474.175243,475.240008,472.840628,473.995077,1213024,FINTRACE_SYNTHETIC,DEMO
2026-05-23,s7,ITC,ITC Ltd,Consumer,EQUITY,472.669613,473.725497,471.309165,472.462887,1284295,FINTRACE_SYNTHETIC,DEMO
2026-05-24,s7,ITC,ITC Ltd,Consumer,EQUITY,471.450836,472.628631,470.261174,471.223403,1355566,FINTRACE_SYNTHETIC,DEMO
2026-05-25,s7,ITC,ITC Ltd,Consumer,EQUITY,470.61438,471.698921,469.246759,470.374042,476837,FINTRACE_SYNTHETIC,DEMO
2026-05-26,s7,ITC,ITC Ltd,Consumer,EQUITY,470.222694,471.242685,468.817441,469.978529,548108,FINTRACE_SYNTHETIC,DEMO
2026-05-27,s7,ITC,ITC Ltd,Consumer,EQUITY,470.29924,471.469027,469.068096,470.060804,619379,FINTRACE_SYNTHETIC,DEMO
2026-05-28,s7,ITC,ITC Ltd,Consumer,EQUITY,470.826233,471.936177,469.496978,470.602718,690650,FINTRACE_SYNTHETIC,DEMO
2026-05-29,s7,ITC,ITC Ltd,Consumer,EQUITY,471.746285,472.73746,470.371716,471.545713,761921,FINTRACE_SYNTHETIC,DEMO
2026-05-30,s7,ITC,ITC Ltd,Consumer,EQUITY,472.967819,474.13447,471.765872,472.796342,833192,FINTRACE_SYNTHETIC,DEMO
2026-05-31,s7,ITC,ITC Ltd,Consumer,EQUITY,474.373718,475.513733,473.146404,474.235099,904463,FINTRACE_SYNTHETIC,DEMO
2026-06-01,s7,ITC,ITC Ltd,Consumer,EQUITY,475.832396,476.798793,474.538849,475.727712,975734,FINTRACE_SYNTHETIC,DEMO
2026-06-02,s7,ITC,ITC Ltd,Consumer,EQUITY,477.210233,478.373031,476.067338,477.137835,1047005,FINTRACE_SYNTHETIC,DEMO
2026-06-03,s7,ITC,ITC Ltd,Consumer,EQUITY,478.384188,479.551873,477.270429,478.339914,1118276,FINTRACE_SYNTHETIC,DEMO
2026-06-04,s7,ITC,ITC Ltd,Consumer,EQUITY,479.253387,480.230955,478.033699,479.231017,1189547,FINTRACE_SYNTHETIC,DEMO
2026-06-05,s7,ITC,ITC Ltd,Consumer,EQUITY,479.748585,480.89898,478.635759,479.740488,1260818,FINTRACE_SYNTHETIC,DEMO
2026-06-06,s7,ITC,ITC Ltd,Consumer,EQUITY,479.838608,481.023694,478.79467,479.836514,1332089,FINTRACE_SYNTHETIC,DEMO
2026-06-07,s7,ITC,ITC Ltd,Consumer,EQUITY,479.533135,480.544812,478.335995,479.528974,453360,FINTRACE_SYNTHETIC,DEMO
2026-06-08,s7,ITC,ITC Ltd,Consumer,EQUITY,478.881595,480.007544,477.740143,478.868303,524631,FINTRACE_SYNTHETIC,DEMO
2026-06-09,s7,ITC,ITC Ltd,Consumer,EQUITY,477.968248,479.158019,476.935259,477.940483,595902,FINTRACE_SYNTHETIC,DEMO
2026-06-10,s7,ITC,ITC Ltd,Consumer,EQUITY,476.903947,477.942383,475.682002,476.858627,667173,FINTRACE_SYNTHETIC,DEMO
2026-06-11,s7,ITC,ITC Ltd,Consumer,EQUITY,475.815346,476.908516,474.609274,475.751976,738444,FINTRACE_SYNTHETIC,DEMO
2026-06-12,s7,ITC,ITC Ltd,Consumer,EQUITY,474.83261,476.019169,473.788097,474.753351,809715,FINTRACE_SYNTHETIC,DEMO
2026-06-13,s7,ITC,ITC Ltd,Consumer,EQUITY,474.076767,475.139479,472.830797,473.986248,880986,FINTRACE_SYNTHETIC,DEMO
2026-06-14,s7,ITC,ITC Ltd,Consumer,EQUITY,473.647936,474.707853,472.397436,473.552832,952257,FINTRACE_SYNTHETIC,DEMO
2026-06-15,s7,ITC,ITC Ltd,Consumer,EQUITY,473.615546,474.798915,472.559109,473.523947,1023528,FINTRACE_SYNTHETIC,DEMO
2026-06-16,s7,ITC,ITC Ltd,Consumer,EQUITY,474.011472,475.102172,472.795038,473.932119,1094799,FINTRACE_SYNTHETIC,DEMO
2026-06-17,s7,ITC,ITC Ltd,Consumer,EQUITY,474.826755,475.858707,473.596005,474.768206,1166070,FINTRACE_SYNTHETIC,DEMO
2026-06-18,s7,ITC,ITC Ltd,Consumer,EQUITY,476.012211,477.19667,474.978865,475.982022,1237341,FINTRACE_SYNTHETIC,DEMO
2026-06-19,s7,ITC,ITC Ltd,Consumer,EQUITY,477.48288,478.611032,476.35947,477.486871,1308612,FINTRACE_SYNTHETIC,DEMO
2026-06-20,s7,ITC,ITC Ltd,Consumer,EQUITY,479.125886,480.176416,477.933455,479.167574,1379883,FINTRACE_SYNTHETIC,DEMO
2026-06-21,s7,ITC,ITC Ltd,Consumer,EQUITY,480.81096,482.078154,479.765011,480.891203,501154,FINTRACE_SYNTHETIC,DEMO
2026-06-22,s7,ITC,ITC Ltd,Consumer,EQUITY,482.40263,483.677843,481.293469,482.519522,572425,FINTRACE_SYNTHETIC,DEMO
2026-06-23,s7,ITC,ITC Ltd,Consumer,EQUITY,483.772909,484.906896,482.564083,483.921933,643696,FINTRACE_SYNTHETIC,DEMO
2026-06-24,s7,ITC,ITC Ltd,Consumer,EQUITY,484.813283,486.17049,483.727444,484.987705,714967,FINTRACE_SYNTHETIC,DEMO
2026-06-25,s7,ITC,ITC Ltd,Consumer,EQUITY,485.44484,486.820681,484.35758,485.636317,786238,FINTRACE_SYNTHETIC,DEMO
2026-06-26,s7,ITC,ITC Ltd,Consumer,EQUITY,485.625599,486.81376,484.412143,485.824931,857509,FINTRACE_SYNTHETIC,DEMO
2026-06-27,s7,ITC,ITC Ltd,Consumer,EQUITY,485.354317,486.717884,484.238376,485.552279,928780,FINTRACE_SYNTHETIC,DEMO
2026-06-28,s7,ITC,ITC Ltd,Consumer,EQUITY,484.670432,486.055344,483.616081,484.858604,1000051,FINTRACE_SYNTHETIC,DEMO
2026-06-29,s7,ITC,ITC Ltd,Consumer,EQUITY,483.650137,484.840286,482.446445,483.821652,1071322,FINTRACE_SYNTHETIC,DEMO
2026-06-30,s7,ITC,ITC Ltd,Consumer,EQUITY,482.398961,483.685193,481.26399,482.549108,1142593,FINTRACE_SYNTHETIC,DEMO
2026-07-01,s7,ITC,ITC Ltd,Consumer,EQUITY,481.041569,482.365468,480.027742,481.168181,1213864,FINTRACE_SYNTHETIC,DEMO
2026-07-02,s7,ITC,ITC Ltd,Consumer,EQUITY,479.709755,480.856136,478.52535,479.813353,1285135,FINTRACE_SYNTHETIC,DEMO
2026-07-03,s7,ITC,ITC Ltd,Consumer,EQUITY,478.529763,479.714741,477.381656,478.613446,1356406,FINTRACE_SYNTHETIC,DEMO
2026-07-04,s7,ITC,ITC Ltd,Consumer,EQUITY,477.610162,478.872766,476.636992,477.679244,477677,FINTRACE_SYNTHETIC,DEMO
2026-07-05,s7,ITC,ITC Ltd,Consumer,EQUITY,477.031414,478.160471,475.867529,477.092851,548948,FINTRACE_SYNTHETIC,DEMO
2026-07-06,s7,ITC,ITC Ltd,Consumer,EQUITY,476.838144,477.968849,475.675745,476.899802,620219,FINTRACE_SYNTHETIC,DEMO
2026-07-07,s7,ITC,ITC Ltd,Consumer,EQUITY,477.034838,478.296914,476.064953,477.104677,691490,FINTRACE_SYNTHETIC,DEMO
2026-07-08,s7,ITC,ITC Ltd,Consumer,EQUITY,477.585392,478.768059,476.438281,477.670633,762761,FINTRACE_SYNTHETIC,DEMO
2026-07-09,s7,ITC,ITC Ltd,Consumer,EQUITY,478.416538,479.564876,477.236072,478.522907,834032,FINTRACE_SYNTHETIC,DEMO
2026-07-10,s7,ITC,ITC Ltd,Consumer,EQUITY,479.42484,480.749677,478.416501,479.555953,905303,FINTRACE_SYNTHETIC,DEMO
2026-07-11,s7,ITC,ITC Ltd,Consumer,EQUITY,480.486575,481.773608,479.354598,480.643522,976574,FINTRACE_SYNTHETIC,DEMO
2026-07-12,s7,ITC,ITC Ltd,Consumer,EQUITY,481.469573,482.666899,480.271767,481.650747,1047845,FINTRACE_SYNTHETIC,DEMO
2026-07-13,s7,ITC,ITC Ltd,Consumer,EQUITY,482.24587,483.638584,481.198802,482.447053,1119116,FINTRACE_SYNTHETIC,DEMO
2026-07-14,s7,ITC,ITC Ltd,Consumer,EQUITY,482.703987,484.076678,481.592428,482.918686,1190387,FINTRACE_SYNTHETIC,DEMO
2026-07-15,s7,ITC,ITC Ltd,Consumer,EQUITY,482.759644,483.964821,481.55351,482.979645,1261658,FINTRACE_SYNTHETIC,DEMO
2026-07-16,s7,ITC,ITC Ltd,Consumer,EQUITY,482.363904,483.757923,481.285428,482.579994,1332929,FINTRACE_SYNTHETIC,DEMO
2026-07-17,s7,ITC,ITC Ltd,Consumer,EQUITY,481.507958,482.884506,480.427649,481.710746,454200,FINTRACE_SYNTHETIC,DEMO
2026-07-18,s7,ITC,ITC Ltd,Consumer,EQUITY,480.224103,481.380533,479.024004,480.404857,525471,FINTRACE_SYNTHETIC,DEMO
2026-07-19,s7,ITC,ITC Ltd,Consumer,EQUITY,478.582814,479.884737,477.484145,478.734239,596742,FINTRACE_SYNTHETIC,DEMO
2026-07-20,s7,ITC,ITC Ltd,Consumer,EQUITY,476.686186,477.979178,475.647231,476.803069,668013,FINTRACE_SYNTHETIC,DEMO
2026-07-21,s7,ITC,ITC Ltd,Consumer,EQUITY,474.658377,475.735497,473.47663,474.738043,739284,FINTRACE_SYNTHETIC,DEMO
2026-07-22,s7,ITC,ITC Ltd,Consumer,EQUITY,472.633965,473.790793,471.523457,472.676483,810555,FINTRACE_SYNTHETIC,DEMO
2026-07-23,s7,ITC,ITC Ltd,Consumer,EQUITY,470.745308,471.924363,469.751148,470.753448,881826,FINTRACE_SYNTHETIC,DEMO
2026-07-24,s7,ITC,ITC Ltd,Consumer,EQUITY,469.110139,470.127711,467.930181,469.089074,953097,FINTRACE_SYNTHETIC,DEMO
2026-07-25,s7,ITC,ITC Ltd,Consumer,EQUITY,467.820556,468.898665,466.656284,467.77734,1024368,FINTRACE_SYNTHETIC,DEMO
2026-07-26,s7,ITC,ITC Ltd,Consumer,EQUITY,466.934466,468.100977,465.923971,466.877332,1095639,FINTRACE_SYNTHETIC,DEMO
2026-07-27,s7,ITC,ITC Ltd,Consumer,EQUITY,466.470293,467.512322,465.268913,466.407853,1166910,FINTRACE_SYNTHETIC,DEMO
2026-07-28,s7,ITC,ITC Ltd,Consumer,EQUITY,466.405459,467.452784,465.210045,466.345862,1238181,FINTRACE_SYNTHETIC,DEMO
2026-07-29,s7,ITC,ITC Ltd,Consumer,EQUITY,466.678772,467.845083,465.682251,466.628918,1309452,FINTRACE_SYNTHETIC,DEMO
2026-07-30,s7,ITC,ITC Ltd,Consumer,EQUITY,467.196502,468.268197,466.038085,467.161381,1380723,FINTRACE_SYNTHETIC,DEMO
2026-07-31,s7,ITC,ITC Ltd,Consumer,EQUITY,467.841562,468.862205,466.670185,467.823771,501994,FINTRACE_SYNTHETIC,DEMO
2026-08-01,s7,ITC,ITC Ltd,Consumer,EQUITY,468.484909,469.651494,467.501116,468.484414,573265,FINTRACE_SYNTHETIC,DEMO
2026-08-02,s7,ITC,ITC Ltd,Consumer,EQUITY,468.998092,470.113491,467.891729,469.012237,644536,FINTRACE_SYNTHETIC,DEMO
2026-08-03,s7,ITC,ITC Ltd,Consumer,EQUITY,469.265737,470.281607,468.098757,469.289509,715807,FINTRACE_SYNTHETIC,DEMO
2026-08-04,s7,ITC,ITC Ltd,Consumer,EQUITY,469.19678,470.382886,468.179999,469.223312,787078,FINTRACE_SYNTHETIC,DEMO
2026-08-05,s7,ITC,ITC Ltd,Consumer,EQUITY,468.733385,469.877391,467.652352,468.754626,858349,FINTRACE_SYNTHETIC,DEMO
2026-08-06,s7,ITC,ITC Ltd,Consumer,EQUITY,467.856681,468.820604,466.687955,467.864196,929620,FINTRACE_SYNTHETIC,DEMO
2026-08-07,s7,ITC,ITC Ltd,Consumer,EQUITY,466.588781,467.728644,465.533239,466.574587,1000891,FINTRACE_SYNTHETIC,DEMO
2026-08-08,s7,ITC,ITC Ltd,Consumer,EQUITY,464.990888,466.122897,463.903302,464.94825,1072162,FINTRACE_SYNTHETIC,DEMO
2026-08-09,s7,ITC,ITC Ltd,Consumer,EQUITY,463.157658,464.09626,461.924395,463.081773,1143433,FINTRACE_SYNTHETIC,DEMO
2026-08-10,s7,ITC,ITC Ltd,Consumer,EQUITY,461.208375,462.317955,460.039999,461.096875,1214704,FINTRACE_SYNTHETIC,DEMO
2026-08-11,s7,ITC,ITC Ltd,Consumer,EQUITY,459.275756,460.407892,458.1264,459.128981,1285975,FINTRACE_SYNTHETIC,DEMO
2026-08-12,s7,ITC,ITC Ltd,Consumer,EQUITY,457.49347,458.452706,456.175521,457.314488,1357246,FINTRACE_SYNTHETIC,DEMO
2026-08-13,s7,ITC,ITC Ltd,Consumer,EQUITY,455.983551,457.059914,454.708467,455.777921,478517,FINTRACE_SYNTHETIC,DEMO
2026-08-14,s7,ITC,ITC Ltd,Consumer,EQUITY,454.844911,455.975797,453.658144,454.620209,549788,FINTRACE_SYNTHETIC,DEMO
2026-08-15,s7,ITC,ITC Ltd,Consumer,EQUITY,454.144031,455.127245,452.78713,453.909192,621059,FINTRACE_SYNTHETIC,DEMO
2026-08-16,s7,ITC,ITC Ltd,Consumer,EQUITY,453.908748,454.956384,452.587249,453.673273,692330,FINTRACE_SYNTHETIC,DEMO
2026-08-17,s7,ITC,ITC Ltd,Consumer,EQUITY,454.12569,455.260024,452.969949,453.898809,763601,FINTRACE_SYNTHETIC,DEMO
2026-08-18,s7,ITC,ITC Ltd,Consumer,EQUITY,454.741638,455.755684,453.420623,454.531494,834872,FINTRACE_SYNTHETIC,DEMO
2026-08-19,s7,ITC,ITC Ltd,Consumer,EQUITY,455.668666,456.693633,454.373249,455.481607,906143,FINTRACE_SYNTHETIC,DEMO
2026-08-20,s7,ITC,ITC Ltd,Consumer,EQUITY,456.792568,457.934279,455.708243,456.632612,977414,FINTRACE_SYNTHETIC,DEMO
2026-08-21,s7,ITC,ITC Ltd,Consumer,EQUITY,457.983783,459.032701,456.750208,457.852303,1048685,FINTRACE_SYNTHETIC,DEMO
2026-08-22,s7,ITC,ITC Ltd,Consumer,EQUITY,459.109758,460.113241,457.874328,459.005423,1119956,FINTRACE_SYNTHETIC,DEMO
2026-08-23,s7,ITC,ITC Ltd,Consumer,EQUITY,460.047581,461.19355,459.003129,459.966552,1191227,FINTRACE_SYNTHETIC,DEMO
2026-08-24,s7,ITC,ITC Ltd,Consumer,EQUITY,460.695685,461.775942,459.544009,460.632049,1262498,FINTRACE_SYNTHETIC,DEMO
2026-08-25,s7,ITC,ITC Ltd,Consumer,EQUITY,460.983486,461.960008,459.784113,460.92989,1333769,FINTRACE_SYNTHETIC,DEMO
2026-08-26,s7,ITC,ITC Ltd,Consumer,EQUITY,460.878065,462.017688,459.829766,460.826483,455040,FINTRACE_SYNTHETIC,DEMO
2026-08-27,s7,ITC,ITC Ltd,Consumer,EQUITY,460.387231,461.488698,459.266541,460.329798,526311,FINTRACE_SYNTHETIC,DEMO
2026-08-28,s7,ITC,ITC Ltd,Consumer,EQUITY,459.558692,460.500147,458.340883,459.488517,597582,FINTRACE_SYNTHETIC,DEMO
2026-08-29,s7,ITC,ITC Ltd,Consumer,EQUITY,458.475405,459.59638,457.366015,458.387288,668853,FINTRACE_SYNTHETIC,DEMO
2026-08-30,s7,ITC,ITC Ltd,Consumer,EQUITY,457.247548,458.359697,456.10939,457.138539,740124,FINTRACE_SYNTHETIC,DEMO
2026-08-31,s7,ITC,ITC Ltd,Consumer,EQUITY,456.001883,456.923967,454.732162,455.871618,811395,FINTRACE_SYNTHETIC,DEMO
2026-09-01,s7,ITC,ITC Ltd,Consumer,EQUITY,454.869526,455.965025,453.679696,454.720318,882666,FINTRACE_SYNTHETIC,DEMO
2026-09-02,s7,ITC,ITC Ltd,Consumer,EQUITY,453.973286,455.091605,452.817122,453.809953,953937,FINTRACE_SYNTHETIC,DEMO
2026-09-03,s7,ITC,ITC Ltd,Consumer,EQUITY,453.415784,454.3645,452.116028,453.24524,1025208,FINTRACE_SYNTHETIC,DEMO
2026-09-04,s7,ITC,ITC Ltd,Consumer,EQUITY,453.269488,454.340827,452.038406,453.100124,1096479,FINTRACE_SYNTHETIC,DEMO
2026-09-05,s7,ITC,ITC Ltd,Consumer,EQUITY,453.569604,454.696844,452.449077,453.410532,1167750,FINTRACE_SYNTHETIC,DEMO
2026-09-06,s7,ITC,ITC Ltd,Consumer,EQUITY,454.310519,455.292192,453.04737,454.170734,1239021,FINTRACE_SYNTHETIC,DEMO
2025-12-29,s8,BHARTIARTL,Bharti Airtel Ltd,Telecom,EQUITY,1937.788567,1942.054485,1932.944095,1938.178129,450000,FINTRACE_SYNTHETIC,DEMO
2025-12-30,s8,BHARTIARTL,Bharti Airtel Ltd,Telecom,EQUITY,1933.303641,1938.298051,1928.914749,1933.617275,529190,FINTRACE_SYNTHETIC,DEMO
2025-12-31,s8,BHARTIARTL,Bharti Airtel Ltd,Telecom,EQUITY,1929.146507,1934.126879,1924.88681,1929.390902,608380,FINTRACE_SYNTHETIC,DEMO
2026-01-01,s8,BHARTIARTL,Bharti Airtel Ltd,Telecom,EQUITY,1925.764396,1929.943175,1920.959621,1925.955369,687570,FINTRACE_SYNTHETIC,DEMO
2026-01-02,s8,BHARTIARTL,Bharti Airtel Ltd,Telecom,EQUITY,1923.520996,1928.257073,1919.045306,1923.681786,766760,FINTRACE_SYNTHETIC,DEMO
2026-01-03,s8,BHARTIARTL,Bharti Airtel Ltd,Telecom,EQUITY,1922.661205,1927.587607,1918.543189,1922.820048,845950,FINTRACE_SYNTHETIC,DEMO
2026-01-04,s8,BHARTIARTL,Bharti Airtel Ltd,Telecom,EQUITY,1923.28726,1927.590153,1918.517344,1923.47448,925140,FINTRACE_SYNTHETIC,DEMO
2026-01-05,s8,BHARTIARTL,Bharti Airtel Ltd,Telecom,EQUITY,1925.348524,1930.077143,1920.772065,1925.593412,1004330,FINTRACE_SYNTHETIC,DEMO
2026-01-06,s8,BHARTIARTL,Bharti Airtel Ltd,Telecom,EQUITY,1928.645899,1933.785851,1924.648298,1928.97368,1083520,FINTRACE_SYNTHETIC,DEMO
2026-01-07,s8,BHARTIARTL,Bharti Airtel Ltd,Telecom,EQUITY,1932.850451,1937.544569,1928.10421,1933.279639,1162710,FINTRACE_SYNTHETIC,DEMO
2026-01-08,s8,BHARTIARTL,Bharti Airtel Ltd,Telecom,EQUITY,1937.534475,1942.478183,1932.846541,1938.074856,1241900,FINTRACE_SYNTHETIC,DEMO
2026-01-09,s8,BHARTIARTL,Bharti Airtel Ltd,Telecom,EQUITY,1942.212039,1947.720631,1938.323318,1942.863482,1321090,FINTRACE_SYNTHETIC,DEMO
2026-01-10,s8,BHARTIARTL,Bharti Airtel Ltd,Telecom,EQUITY,1946.385142,1951.554016,1941.671139,1947.13735,450280,FINTRACE_SYNTHETIC,DEMO
2026-01-11,s8,BHARTIARTL,Bharti Airtel Ltd,Telecom,EQUITY,1949.591079,1954.734916,1944.807322,1950.424315,529470,FINTRACE_SYNTHETIC,DEMO
2026-01-12,s8,BHARTIARTL,Bharti Airtel Ltd,Telecom,EQUITY,1951.446518,1957.204885,1947.410207,1952.333221,608660,FINTRACE_SYNTHETIC,DEMO
2026-01-13,s8,BHARTIARTL,Bharti Airtel Ltd,Telecom,EQUITY,1951.684066,1957.131272,1947.039362,1952.591217,687850,FINTRACE_SYNTHETIC,DEMO
2026-01-14,s8,BHARTIARTL,Bharti Airtel Ltd,Telecom,EQUITY,1950.177847,1955.252859,1945.343688,1951.069859,767040,FINTRACE_SYNTHETIC,DEMO
2026-01-15,s8,BHARTIARTL,Bharti Airtel Ltd,Telecom,EQUITY,1946.95566,1952.629413,1942.793883,1947.797514,846230,FINTRACE_SYNTHETIC,DEMO
2026-01-16,s8,BHARTIARTL,Bharti Airtel Ltd,Telecom,EQUITY,1942.196541,1947.572352,1937.670915,1942.95687,925420,FINTRACE_SYNTHETIC,DEMO
2026-01-17,s8,BHARTIARTL,Bharti Airtel Ltd,Telecom,EQUITY,1936.213974,1940.886693,1931.384374,1936.867811,1004610,FINTRACE_SYNTHETIC,DEMO
2026-01-18,s8,BHARTIARTL,Bharti Airtel Ltd,Telecom,EQUITY,1929.426348,1934.698149,1925.173813,1929.957262,1083800,FINTRACE_SYNTHETIC,DEMO
2026-01-19,s8,BHARTIARTL,Bharti Airtel Ltd,Telecom,EQUITY,1922.317465,1927.368665,1917.946376,1922.718901,1162990,FINTRACE_SYNTHETIC,DEMO
2026-01-20,s8,BHARTIARTL,Bharti Airtel Ltd,Telecom,EQUITY,1915.390877,1919.506365,1910.602437,1915.666554,1242180,FINTRACE_SYNTHETIC,DEMO
2026-01-21,s8,BHARTIARTL,Bharti Airtel Ltd,Telecom,EQUITY,1909.122388,1913.912147,1904.795521,1909.285737,1321370,FINTRACE_SYNTHETIC,DEMO
2026-01-22,s8,BHARTIARTL,Bharti Airtel Ltd,Telecom,EQUITY,1903.91526,1908.658022,1899.703629,1903.987941,450560,FINTRACE_SYNTHETIC,DEMO
2026-01-23,s8,BHARTIARTL,Bharti Airtel Ltd,Telecom,EQUITY,1900.062378,1903.997913,1895.32058,1900.07203,529750,FINTRACE_SYNTHETIC,DEMO
2026-01-24,s8,BHARTIARTL,Bharti Airtel Ltd,Telecom,EQUITY,1897.71899,1902.237989,1893.287197,1897.696418,608940,FINTRACE_SYNTHETIC,DEMO
2026-01-25,s8,BHARTIARTL,Bharti Airtel Ltd,Telecom,EQUITY,1896.888605,1901.589451,1892.793883,1896.864686,688130,FINTRACE_SYNTHETIC,DEMO
2026-01-26,s8,BHARTIARTL,Bharti Airtel Ltd,Telecom,EQUITY,1897.4234,1901.47786,1892.715318,1897.425996,767320,FINTRACE_SYNTHETIC,DEMO
2026-01-27,s8,BHARTIARTL,Bharti Airtel Ltd,Telecom,EQUITY,1899.039091,1903.518592,1894.530718,1899.090261,846510,FINTRACE_SYNTHETIC,DEMO
2026-01-28,s8,BHARTIARTL,Bharti Airtel Ltd,Telecom,EQUITY,1901.342841,1906.19889,1897.393513,1901.456627,925700,FINTRACE_SYNTHETIC,DEMO
2026-01-29,s8,BHARTIARTL,Bharti Airtel Ltd,Telecom,EQUITY,1903.871546,1908.245298,1899.193027,1904.052539,1004890,FINTRACE_SYNTHETIC,DEMO
2026-01-30,s8,BHARTIARTL,Bharti Airtel Ltd,Telecom,EQUITY,1906.136846,1910.718043,1901.5295,1906.379669,1084080,FINTRACE_SYNTHETIC,DEMO
2026-01-31,s8,BHARTIARTL,Bharti Airtel Ltd,Telecom,EQUITY,1907.672557,1912.732144,1903.844548,1907.962322,1163270,FINTRACE_SYNTHETIC,DEMO
2026-02-01,s8,BHARTIARTL,Bharti Airtel Ltd,Telecom,EQUITY,1908.080012,1912.71533,1903.454282,1908.393693,1242460,FINTRACE_SYNTHETIC,DEMO
2026-02-02,s8,BHARTIARTL,Bharti Airtel Ltd,Telecom,EQUITY,1907.066968,1911.598678,1902.391133,1907.375575,1321650,FINTRACE_SYNTHETIC,DEMO
2026-02-03,s8,BHARTIARTL,Bharti Airtel Ltd,Telecom,EQUITY,1904.476374,1909.501752,1900.545569,1904.747712,450840,FINTRACE_SYNTHETIC,DEMO
2026-02-04,s8,BHARTIARTL,Bharti Airtel Ltd,Telecom,EQUITY,1900.302259,1904.916543,1895.774396,1900.504012,530030,FINTRACE_SYNTHETIC,DEMO
2026-02-05,s8,BHARTIARTL,Bharti Airtel Ltd,Telecom,EQUITY,1894.691206,1898.864414,1889.997038,1894.794048,609220,FINTRACE_SYNTHETIC,DEMO
2026-02-06,s8,BHARTIARTL,Bharti Airtel Ltd,Telecom,EQUITY,1887.929275,1892.614922,1883.8822,1887.909719,688410,FINTRACE_SYNTHETIC,DEMO
2026-02-07,s8,BHARTIARTL,Bharti Airtel Ltd,Telecom,EQUITY,1880.415623,1884.877015,1875.870803,1880.258327,767600,FINTRACE_SYNTHETIC,DEMO
2026-02-08,s8,BHARTIARTL,Bharti Airtel Ltd,Telecom,EQUITY,1872.625317,1876.519088,1867.655677,1872.324636,846790,FINTRACE_SYNTHETIC,DEMO
2026-02-09,s8,BHARTIARTL,Bharti Airtel Ltd,Telecom,EQUITY,1865.064897,1869.649713,1860.52336,1864.625523,925980,FINTRACE_SYNTHETIC,DEMO
2026-02-10,s8,BHARTIARTL,Bharti Airtel Ltd,Telecom,EQUITY,1858.224905,1862.714167,1853.43061,1857.661539,1005170,FINTRACE_SYNTHETIC,DEMO
2026-02-11,s8,BHARTIARTL,Bharti Airtel Ltd,Telecom,EQUITY,1852.533914,1856.255378,1847.240476,1851.870006,1084360,FINTRACE_SYNTHETIC,DEMO
2026-02-12,s8,BHARTIARTL,Bharti Airtel Ltd,Telecom,EQUITY,1848.318431,1852.801438,1843.403636,1847.584093,1163550,FINTRACE_SYNTHETIC,DEMO
2026-02-13,s8,BHARTIARTL,Bharti Airtel Ltd,Telecom,EQUITY,1845.772491,1850.296284,1840.913107,1845.001795,1242740,FINTRACE_SYNTHETIC,DEMO
2026-02-14,s8,BHARTIARTL,Bharti Airtel Ltd,Telecom,EQUITY,1844.939839,1848.743711,1839.564399,1844.167751,1321930,FINTRACE_SYNTHETIC,DEMO
2026-02-15,s8,BHARTIARTL,Bharti Airtel Ltd,Telecom,EQUITY,1845.710396,1850.110804,1840.689171,1844.969634,451120,FINTRACE_SYNTHETIC,DEMO
2026-02-16,s8,BHARTIARTL,Bharti Airtel Ltd,Telecom,EQUITY,1847.831337,1852.408186,1843.177541,1847.14946,530310,FINTRACE_SYNTHETIC,DEMO
2026-02-17,s8,BHARTIARTL,Bharti Airtel Ltd,Telecom,EQUITY,1850.931735,1854.876417,1845.735322,1850.328732,609500,FINTRACE_SYNTHETIC,DEMO
2026-02-18,s8,BHARTIARTL,Bharti Airtel Ltd,Telecom,EQUITY,1854.558403,1858.88901,1849.64893,1854.045014,688690,FINTRACE_SYNTHETIC,DEMO
2026-02-19,s8,BHARTIARTL,Bharti Airtel Ltd,Telecom,EQUITY,1858.219525,1862.85265,1853.929459,1857.796453,767880,FINTRACE_SYNTHETIC,DEMO
2026-02-20,s8,BHARTIARTL,Bharti Airtel Ltd,Telecom,EQUITY,1861.431911,1865.523268,1856.513315,1861.089998,847070,FINTRACE_SYNTHETIC,DEMO
2026-02-21,s8,BHARTIARTL,Bharti Airtel Ltd,Telecom,EQUITY,1863.767368,1868.01563,1858.989037,1863.488719,926260,FINTRACE_SYNTHETIC,DEMO
2026-02-22,s8,BHARTIARTL,Bharti Airtel Ltd,Telecom,EQUITY,1864.893774,1869.55578,1860.903776,1864.653713,1005450,FINTRACE_SYNTHETIC,DEMO
2026-02-23,s8,BHARTIARTL,Bharti Airtel Ltd,Telecom,EQUITY,1864.606915,1868.822373,1859.852485,1864.3766,1084640,FINTRACE_SYNTHETIC,DEMO
2026-02-24,s8,BHARTIARTL,Bharti Airtel Ltd,Telecom,EQUITY,1862.850085,1866.98204,1858.036272,1862.599517,1163830,FINTRACE_SYNTHETIC,DEMO
2026-02-25,s8,BHARTIARTL,Bharti Airtel Ltd,Telecom,EQUITY,1859.719539,1864.36221,1855.591038,1859.420682,1243020,FINTRACE_SYNTHETIC,DEMO
2026-02-26,s8,BHARTIARTL,Bharti Airtel Ltd,Telecom,EQUITY,1855.455312,1859.756942,1850.659652,1855.085031,1322210,FINTRACE_SYNTHETIC,DEMO
2026-02-27,s8,BHARTIARTL,Bharti Airtel Ltd,Telecom,EQUITY,1850.418267,1854.401117,1845.379905,1849.960789,451400,FINTRACE_SYNTHETIC,DEMO
2026-02-28,s8,BHARTIARTL,Bharti Airtel Ltd,Telecom,EQUITY,1845.055547,1849.636929,1840.577184,1844.504227,530590,FINTRACE_SYNTHETIC,DEMO
2026-03-01,s8,BHARTIARTL,Bharti Airtel Ltd,Telecom,EQUITY,1839.857756,1844.217465,1834.918164,1839.215958,609780,FINTRACE_SYNTHETIC,DEMO
2026-03-02,s8,BHARTIARTL,Bharti Airtel Ltd,Telecom,EQUITY,1835.311917,1839.136116,1830.019402,1834.592948,688970,FINTRACE_SYNTHETIC,DEMO
2026-03-03,s8,BHARTIARTL,Bharti Airtel Ltd,Telecom,EQUITY,1831.854725,1836.361111,1827.059878,1831.080801,768160,FINTRACE_SYNTHETIC,DEMO
2026-03-04,s8,BHARTIARTL,Bharti Airtel Ltd,Telecom,EQUITY,1829.830527,1834.246666,1824.85846,1829.030894,847350,FINTRACE_SYNTHETIC,DEMO
2026-03-05,s8,BHARTIARTL,Bharti Airtel Ltd,Telecom,EQUITY,1829.458057,1833.14126,1824.095079,1828.666423,926540,FINTRACE_SYNTHETIC,DEMO
2026-03-06,s8,BHARTIARTL,Bharti Airtel Ltd,Telecom,EQUITY,1830.809081,1835.253846,1825.926723,1830.06062,1005730,FINTRACE_SYNTHETIC,DEMO
2026-03-07,s8,BHARTIARTL,Bharti Airtel Ltd,Telecom,EQUITY,1833.801012,1838.291924,1829.059532,1833.12921,1084920,FINTRACE_SYNTHETIC,DEMO
2026-03-08,s8,BHARTIARTL,Bharti Airtel Ltd,Telecom,EQUITY,1838.204176,1841.986083,1833.049814,1837.637835,1164110,FINTRACE_SYNTHETIC,DEMO
2026-03-09,s8,BHARTIARTL,Bharti Airtel Ltd,Telecom,EQUITY,1843.663066,1848.063789,1838.95361,1843.223732,1243300,FINTRACE_SYNTHETIC,DEMO
2026-03-10,s8,BHARTIARTL,Bharti Airtel Ltd,Telecom,EQUITY,1849.729542,1854.308598,1845.444997,1849.429614,1322490,FINTRACE_SYNTHETIC,DEMO
2026-03-11,s8,BHARTIARTL,Bharti Airtel Ltd,Telecom,EQUITY,1855.904818,1859.852164,1851.137538,1855.746517,451680,FINTRACE_SYNTHETIC,DEMO
2026-03-12,s8,BHARTIARTL,Bharti Airtel Ltd,Telecom,EQUITY,1861.686249,1866.03959,1857.252943,1861.661537,530870,FINTRACE_SYNTHETIC,DEMO
2026-03-13,s8,BHARTIARTL,Bharti Airtel Ltd,Telecom,EQUITY,1866.614447,1871.358811,1862.720953,1866.70591,610060,FINTRACE_SYNTHETIC,DEMO
2026-03-14,s8,BHARTIARTL,Bharti Airtel Ltd,Telecom,EQUITY,1870.316244,1874.602525,1865.713628,1870.498854,689250,FINTRACE_SYNTHETIC,DEMO
2026-03-15,s8,BHARTIARTL,Bharti Airtel Ltd,Telecom,EQUITY,1872.539418,1877.058664,1868.022543,1872.783,768440,FINTRACE_SYNTHETIC,DEMO
2026-03-16,s8,BHARTIARTL,Bharti Airtel Ltd,Telecom,EQUITY,1873.175859,1878.131201,1869.400497,1873.44803,847630,FINTRACE_SYNTHETIC,DEMO
2026-03-17,s8,BHARTIARTL,Bharti Airtel Ltd,Telecom,EQUITY,1872.270988,1876.766596,1867.723426,1872.540293,926820,FINTRACE_SYNTHETIC,DEMO
2026-03-18,s8,BHARTIARTL,Bharti Airtel Ltd,Telecom,EQUITY,1870.018522,1874.413276,1865.440744,1870.257459,1006010,FINTRACE_SYNTHETIC,DEMO
2026-03-19,s8,BHARTIARTL,Bharti Airtel Ltd,Telecom,EQUITY,1866.741101,1871.590369,1862.904587,1866.928752,1085200,FINTRACE_SYNTHETIC,DEMO
2026-03-20,s8,BHARTIARTL,Bharti Airtel Ltd,Telecom,EQUITY,1862.858617,1867.295334,1858.409472,1862.982634,1164390,FINTRACE_SYNTHETIC,DEMO
2026-03-21,s8,BHARTIARTL,Bharti Airtel Ltd,Telecom,EQUITY,1858.847275,1862.91397,1854.246928,1858.905028,1243580,FINTRACE_SYNTHETIC,DEMO
2026-03-22,s8,BHARTIARTL,Bharti Airtel Ltd,Telecom,EQUITY,1855.193297,1859.801935,1851.250223,1855.192079,1322770,FINTRACE_SYNTHETIC,DEMO
2026-03-23,s8,BHARTIARTL,Bharti Airtel Ltd,Telecom,EQUITY,1852.345674,1856.729426,1847.967534,1852.301942,451960,FINTRACE_SYNTHETIC,DEMO
2026-03-24,s8,BHARTIARTL,Bharti Airtel Ltd,Telecom,EQUITY,1850.672491,1854.536766,1845.998144,1850.610214,531150,FINTRACE_SYNTHETIC,DEMO
2026-03-25,s8,BHARTIARTL,Bharti Airtel Ltd,Telecom,EQUITY,1850.424984,1854.980229,1846.317516,1850.373256,610340,FINTRACE_SYNTHETIC,DEMO
2026-03-26,s8,BHARTIARTL,Bharti Airtel Ltd,Telecom,EQUITY,1851.712754,1856.177065,1847.471997,1851.702907,689530,FINTRACE_SYNTHETIC,DEMO
2026-03-27,s8,BHARTIARTL,Bharti Airtel Ltd,Telecom,EQUITY,1854.492523,1858.296941,1849.856873,1854.555007,768720,FINTRACE_SYNTHETIC,DEMO
2026-03-28,s8,BHARTIARTL,Bharti Airtel Ltd,Telecom,EQUITY,1858.571491,1863.249604,1854.380247,1858.732819,847910,FINTRACE_SYNTHETIC,DEMO
2026-03-29,s8,BHARTIARTL,Bharti Airtel Ltd,Telecom,EQUITY,1863.624981,1868.466015,1859.480211,1863.905042,927100,FINTRACE_SYNTHETIC,DEMO
2026-03-30,s8,BHARTIARTL,Bharti Airtel Ltd,Telecom,EQUITY,1869.226709,1873.475043,1864.558906,1869.636691,1006290,FINTRACE_SYNTHETIC,DEMO
2026-03-31,s8,BHARTIARTL,Bharti Airtel Ltd,Telecom,EQUITY,1874.888766,1879.911678,1870.551732,1875.429901,1085480,FINTRACE_SYNTHETIC,DEMO
2026-04-01,s8,BHARTIARTL,Bharti Airtel Ltd,Telecom,EQUITY,1880.107543,1885.424076,1876.048928,1880.770784,1164670,FINTRACE_SYNTHETIC,DEMO
2026-04-02,s8,BHARTIARTL,Bharti Airtel Ltd,Telecom,EQUITY,1884.411182,1889.17938,1879.728929,1885.177853,1243860,FINTRACE_SYNTHETIC,DEMO
2026-04-03,s8,BHARTIARTL,Bharti Airtel Ltd,Telecom,EQUITY,1887.404069,1892.668998,1882.940194,1888.24742,1323050,FINTRACE_SYNTHETIC,DEMO
2026-04-04,s8,BHARTIARTL,Bharti Airtel Ltd,Telecom,EQUITY,1888.804107,1894.400352,1884.8561,1889.69163,452240,FINTRACE_SYNTHETIC,DEMO
2026-04-05,s8,BHARTIARTL,Bharti Airtel Ltd,Telecom,EQUITY,1888.469224,1893.502854,1883.81873,1889.365514,531430,FINTRACE_SYNTHETIC,DEMO
2026-04-06,s8,BHARTIARTL,Bharti Airtel Ltd,Telecom,EQUITY,1886.410596,1891.596101,1881.865018,1887.280474,610620,FINTRACE_SYNTHETIC,DEMO
2026-04-07,s8,BHARTIARTL,Bharti Airtel Ltd,Telecom,EQUITY,1882.791316,1888.311191,1878.988246,1883.602931,689810,FINTRACE_SYNTHETIC,DEMO
2026-04-08,s8,BHARTIARTL,Bharti Airtel Ltd,Telecom,EQUITY,1877.910647,1882.871172,1873.345146,1878.638256,769000,FINTRACE_SYNTHETIC,DEMO
2026-04-09,s8,BHARTIARTL,Bharti Airtel Ltd,Telecom,EQUITY,1872.175355,1876.970399,1867.59601,1872.801519,848190,FINTRACE_SYNTHETIC,DEMO
2026-04-10,s8,BHARTIARTL,Bharti Airtel Ltd,Telecom,EQUITY,1866.060863,1871.239457,1862.233958,1866.577841,927380,FINTRACE_SYNTHETIC,DEMO
2026-04-11,s8,BHARTIARTL,Bharti Airtel Ltd,Telecom,EQUITY,1860.065911,1864.776624,1855.618279,1860.476144,1006570,FINTRACE_SYNTHETIC,DEMO
2026-04-12,s8,BHARTIARTL,Bharti Airtel Ltd,Telecom,EQUITY,1854.665077,1858.988952,1850.077685,1854.980689,1085760,FINTRACE_SYNTHETIC,DEMO
2026-04-13,s8,BHARTIARTL,Bharti Airtel Ltd,Telecom,EQUITY,1850.263646,1855.104034,1846.3402,1850.505033,1164950,FINTRACE_SYNTHETIC,DEMO
2026-04-14,s8,BHARTIARTL,Bharti Airtel Ltd,Telecom,EQUITY,1847.159165,1851.719146,1842.830822,1847.352796,1244140,FINTRACE_SYNTHETIC,DEMO
2026-04-15,s8,BHARTIARTL,Bharti Airtel Ltd,Telecom,EQUITY,1845.513321,1849.550866,1840.915427,1845.688964,1323330,FINTRACE_SYNTHETIC,DEMO
2026-04-16,s8,BHARTIARTL,Bharti Airtel Ltd,Telecom,EQUITY,1845.336836,1850.07076,1841.299692,1845.524478,452520,FINTRACE_SYNTHETIC,DEMO
2026-04-17,s8,BHARTIARTL,Bharti Airtel Ltd,Telecom,EQUITY,1846.488819,1851.163148,1842.263128,1846.715571,531710,FINTRACE_SYNTHETIC,DEMO
2026-04-18,s8,BHARTIARTL,Bharti Airtel Ltd,Telecom,EQUITY,1848.690619,1852.716764,1844.069797,1848.977906,610900,FINTRACE_SYNTHETIC,DEMO
2026-04-19,s8,BHARTIARTL,Bharti Airtel Ltd,Telecom,EQUITY,1851.552875,1856.418542,1847.384526,1851.914176,690090,FINTRACE_SYNTHETIC,DEMO
2026-04-20,s8,BHARTIARTL,Bharti Airtel Ltd,Telecom,EQUITY,1854.613175,1859.588131,1850.481126,1855.052532,769280,FINTRACE_SYNTHETIC,DEMO
2026-04-21,s8,BHARTIARTL,Bharti Airtel Ltd,Telecom,EQUITY,1857.380724,1861.698222,1852.741668,1857.892161,848470,FINTRACE_SYNTHETIC,DEMO
2026-04-22,s8,BHARTIARTL,Bharti Airtel Ltd,Telecom,EQUITY,1859.383767,1864.4016,1855.089037,1859.951684,927660,FINTRACE_SYNTHETIC,DEMO
2026-04-23,s8,BHARTIARTL,Bharti Airtel Ltd,Telecom,EQUITY,1860.215249,1865.417007,1856.191781,1860.815736,1006850,FINTRACE_SYNTHETIC,DEMO
2026-04-24,s8,BHARTIARTL,Bharti Airtel Ltd,Telecom,EQUITY,1859.572337,1864.115769,1854.949819,1860.175303,1086040,FINTRACE_SYNTHETIC,DEMO
2026-04-25,s8,BHARTIARTL,Bharti Airtel Ltd,Telecom,EQUITY,1857.286051,1862.214354,1852.899051,1857.857958,1165230,FINTRACE_SYNTHETIC,DEMO
2026-04-26,s8,BHARTIARTL,Bharti Airtel Ltd,Telecom,EQUITY,1853.338166,1858.462989,1849.456229,1853.845105,1244420,FINTRACE_SYNTHETIC,DEMO
2026-04-27,s8,BHARTIARTL,Bharti Airtel Ltd,Telecom,EQUITY,1847.863775,1852.31437,1843.310203,1848.274592,1323610,FINTRACE_SYNTHETIC,DEMO
2026-04-28,s8,BHARTIARTL,Bharti Airtel Ltd,Telecom,EQUITY,1841.139256,1845.645872,1836.707467,1841.428438,452800,FINTRACE_SYNTHETIC,DEMO
2026-04-29,s8,BHARTIARTL,Bharti Airtel Ltd,Telecom,EQUITY,1833.556792,1838.290012,1829.845065,1833.706831,531990,FINTRACE_SYNTHETIC,DEMO
2026-04-30,s8,BHARTIARTL,Bharti Airtel Ltd,Telecom,EQUITY,1825.587877,1829.69729,1821.145521,1825.590885,611180,FINTRACE_SYNTHETIC,DEMO
2026-05-01,s8,BHARTIARTL,Bharti Airtel Ltd,Telecom,EQUITY,1817.739259,1821.792729,1813.155511,1817.597691,690370,FINTRACE_SYNTHETIC,DEMO
2026-05-02,s8,BHARTIARTL,Bharti Airtel Ltd,Telecom,EQUITY,1810.505541,1815.0279,1806.52751,1810.231947,769560,FINTRACE_SYNTHETIC,DEMO
2026-05-03,s8,BHARTIARTL,Bharti Airtel Ltd,Telecom,EQUITY,1804.322941,1808.487355,1799.620401,1803.938772,848750,FINTRACE_SYNTHETIC,DEMO
2026-05-04,s8,BHARTIARTL,Bharti Airtel Ltd,Telecom,EQUITY,1799.528614,1803.424585,1794.614935,1799.062202,927940,FINTRACE_SYNTHETIC,DEMO
2026-05-05,s8,BHARTIARTL,Bharti Airtel Ltd,Telecom,EQUITY,1796.329413,1800.795654,1792.013049,1795.813312,1007130,FINTRACE_SYNTHETIC,DEMO
2026-05-06,s8,BHARTIARTL,Bharti Airtel Ltd,Telecom,EQUITY,1794.783066,1799.019685,1790.04089,1794.251007,1086320,FINTRACE_SYNTHETIC,DEMO
2026-05-07,s8,BHARTIARTL,Bharti Airtel Ltd,Telecom,EQUITY,1794.793547,1798.556756,1789.80856,1794.277302,1165510,FINTRACE_SYNTHETIC,DEMO
2026-05-08,s8,BHARTIARTL,Bharti Airtel Ltd,Telecom,EQUITY,1796.121093,1800.548627,1791.726484,1795.647542,1244700,FINTRACE_SYNTHETIC,DEMO
2026-05-09,s8,BHARTIARTL,Bharti Airtel Ltd,Telecom,EQUITY,1798.405897,1802.732505,1793.873384,1797.994575,1323890,FINTRACE_SYNTHETIC,DEMO
2026-05-10,s8,BHARTIARTL,Bharti Airtel Ltd,Telecom,EQUITY,1801.203217,1804.853431,1796.363692,1800.864584,453080,FINTRACE_SYNTHETIC,DEMO
2026-05-11,s8,BHARTIARTL,Bharti Airtel Ltd,Telecom,EQUITY,1804.02655,1808.418422,1799.707298,1803.761136,532270,FINTRACE_SYNTHETIC,DEMO
2026-05-12,s8,BHARTIARTL,Bharti Airtel Ltd,Telecom,EQUITY,1806.394752,1810.807707,1802.162001,1806.193269,611460,FINTRACE_SYNTHETIC,DEMO
2026-05-13,s8,BHARTIARTL,Bharti Airtel Ltd,Telecom,EQUITY,1807.878611,1811.574248,1803.20724,1807.723011,690650,FINTRACE_SYNTHETIC,DEMO
2026-05-14,s8,BHARTIARTL,Bharti Airtel Ltd,Telecom,EQUITY,1808.142417,1812.47331,1803.83804,1808.007802,769840,FINTRACE_SYNTHETIC,DEMO
2026-05-15,s8,BHARTIARTL,Bharti Airtel Ltd,Telecom,EQUITY,1806.976586,1811.44209,1802.91822,1806.833779,849030,FINTRACE_SYNTHETIC,DEMO
2026-05-16,s8,BHARTIARTL,Bharti Airtel Ltd,Telecom,EQUITY,1804.318194,1808.13257,1799.650163,1804.136734,928220,FINTRACE_SYNTHETIC,DEMO
2026-05-17,s8,BHARTIARTL,Bharti Airtel Ltd,Telecom,EQUITY,1800.25749,1804.484567,1795.762571,1800.00876,1007410,FINTRACE_SYNTHETIC,DEMO
2026-05-18,s8,BHARTIARTL,Bharti Airtel Ltd,Telecom,EQUITY,1795.02975,1799.499589,1790.923044,1794.689931,1086600,FINTRACE_SYNTHETIC,DEMO
2026-05-19,s8,BHARTIARTL,Bharti Airtel Ltd,Telecom,EQUITY,1788.993236,1792.896078,1784.135518,1788.545824,1165790,FINTRACE_SYNTHETIC,DEMO
2026-05-20,s8,BHARTIARTL,Bharti Airtel Ltd,Telecom,EQUITY,1782.595393,1786.684485,1777.748106,1782.033013,1244980,FINTRACE_SYNTHETIC,DEMO
2026-05-21,s8,BHARTIARTL,Bharti Airtel Ltd,Telecom,EQUITY,1776.330461,1780.769818,1772.053462,1775.655826,1324170,FINTRACE_SYNTHETIC,DEMO
2026-05-22,s8,BHARTIARTL,Bharti Airtel Ltd,Telecom,EQUITY,1770.692578,1774.668687,1765.607717,1769.918484,453360,FINTRACE_SYNTHETIC,DEMO
2026-05-23,s8,BHARTIARTL,Bharti Airtel Ltd,Telecom,EQUITY,1766.128823,1770.074129,1760.966505,1765.277191,532550,FINTRACE_SYNTHETIC,DEMO
2026-05-24,s8,BHARTIARTL,Bharti Airtel Ltd,Telecom,EQUITY,1762.996683,1767.401063,1758.498565,1762.096731,611740,FINTRACE_SYNTHETIC,DEMO
2026-05-25,s8,BHARTIARTL,Bharti Airtel Ltd,Telecom,EQUITY,1761.530001,1765.589485,1756.396281,1760.615717,690930,FINTRACE_SYNTHETIC,DEMO
2026-05-26,s8,BHARTIARTL,Bharti Airtel Ltd,Telecom,EQUITY,1761.816633,1765.638307,1756.573413,1760.923799,770120,FINTRACE_SYNTHETIC,DEMO
2026-05-27,s8,BHARTIARTL,Bharti Airtel Ltd,Telecom,EQUITY,1763.789976,1768.177094,1759.229886,1762.953015,849310,FINTRACE_SYNTHETIC,DEMO
2026-05-28,s8,BHARTIARTL,Bharti Airtel Ltd,Telecom,EQUITY,1767.235143,1771.401291,1762.333516,1766.484092,928500,FINTRACE_SYNTHETIC,DEMO
2026-05-29,s8,BHARTIARTL,Bharti Airtel Ltd,Telecom,EQUITY,1771.80922,1775.531924,1766.757483,1771.167118,1007690,FINTRACE_SYNTHETIC,DEMO
2026-05-30,s8,BHARTIARTL,Bharti Airtel Ltd,Telecom,EQUITY,1777.073658,1781.457095,1772.682553,1776.554593,1086880,FINTRACE_SYNTHETIC,DEMO
2026-05-31,s8,BHARTIARTL,Bharti Airtel Ltd,Telecom,EQUITY,1782.53573,1786.819521,1778.052497,1782.143737,1166070,FINTRACE_SYNTHETIC,DEMO
2026-06-01,s8,BHARTIARTL,Bharti Airtel Ltd,Telecom,EQUITY,1787.695092,1791.325829,1782.957147,1787.423992,1245260,FINTRACE_SYNTHETIC,DEMO
2026-06-02,s8,BHARTIARTL,Bharti Airtel Ltd,Telecom,EQUITY,1792.091007,1796.457716,1787.904892,1791.925221,1324450,FINTRACE_SYNTHETIC,DEMO
2026-06-03,s8,BHARTIARTL,Bharti Airtel Ltd,Telecom,EQUITY,1795.345751,1799.727996,1791.248094,1795.261988,453640,FINTRACE_SYNTHETIC,DEMO
2026-06-04,s8,BHARTIARTL,Bharti Airtel Ltd,Telecom,EQUITY,1797.200041,1800.865923,1792.679645,1797.169721,532830,FINTRACE_SYNTHETIC,DEMO
2026-06-05,s8,BHARTIARTL,Bharti Airtel Ltd,Telecom,EQUITY,1797.537133,1801.847469,1793.390007,1797.529293,612020,FINTRACE_SYNTHETIC,DEMO
2026-06-06,s8,BHARTIARTL,Bharti Airtel Ltd,Telecom,EQUITY,1796.39328,1800.82994,1792.477316,1796.377697,691210,FINTRACE_SYNTHETIC,DEMO
2026-06-07,s8,BHARTIARTL,Bharti Airtel Ltd,Telecom,EQUITY,1793.953565,1797.738292,1789.440892,1793.903792,770400,FINTRACE_SYNTHETIC,DEMO
2026-06-08,s8,BHARTIARTL,Bharti Airtel Ltd,Telecom,EQUITY,1790.533506,1794.743415,1786.211486,1790.429536,849590,FINTRACE_SYNTHETIC,DEMO
2026-06-09,s8,BHARTIARTL,Bharti Airtel Ltd,Telecom,EQUITY,1786.548189,1790.99531,1782.621303,1786.378487,928780,FINTRACE_SYNTHETIC,DEMO
2026-06-10,s8,BHARTIARTL,Bharti Airtel Ltd,Telecom,EQUITY,1782.471887,1786.35314,1777.837021,1782.234596,1007970,FINTRACE_SYNTHETIC,DEMO
2026-06-11,s8,BHARTIARTL,Bharti Airtel Ltd,Telecom,EQUITY,1778.791997,1782.878712,1774.223461,1778.495207,1087160,FINTRACE_SYNTHETIC,DEMO
2026-06-12,s8,BHARTIARTL,Bharti Airtel Ltd,Telecom,EQUITY,1775.961714,1780.399662,1772.012623,1775.622763,1166350,FINTRACE_SYNTHETIC,DEMO
2026-06-13,s8,BHARTIARTL,Bharti Airtel Ltd,Telecom,EQUITY,1774.355942,1778.333419,1769.675288,1773.99982,1245540,FINTRACE_SYNTHETIC,DEMO
2026-06-14,s8,BHARTIARTL,Bharti Airtel Ltd,Telecom,EQUITY,1774.234656,1778.204994,1769.56364,1773.89166,1324730,FINTRACE_SYNTHETIC,DEMO
2026-06-15,s8,BHARTIARTL,Bharti Airtel Ltd,Telecom,EQUITY,1775.717215,1780.153999,1771.802537,1775.420076,453920,FINTRACE_SYNTHETIC,DEMO
2026-06-16,s8,BHARTIARTL,Bharti Airtel Ltd,Telecom,EQUITY,1778.770071,1782.86302,1774.28365,1778.550835,533110,FINTRACE_SYNTHETIC,DEMO
2026-06-17,s8,BHARTIARTL,Bharti Airtel Ltd,Telecom,EQUITY,1783.209053,1787.084545,1778.69355,1783.096009,612300,FINTRACE_SYNTHETIC,DEMO
2026-06-18,s8,BHARTIARTL,Bharti Airtel Ltd,Telecom,EQUITY,1788.716027,1793.181862,1784.946214,1788.73097,691490,FINTRACE_SYNTHETIC,DEMO
2026-06-19,s8,BHARTIARTL,Bharti Airtel Ltd,Telecom,EQUITY,1794.86832,1799.250501,1790.645398,1795.024422,770680,FINTRACE_SYNTHETIC,DEMO
2026-06-20,s8,BHARTIARTL,Bharti Airtel Ltd,Telecom,EQUITY,1801.178139,1805.271455,1796.695433,1801.478613,849870,FINTRACE_SYNTHETIC,DEMO
2026-06-21,s8,BHARTIARTL,Bharti Airtel Ltd,Telecom,EQUITY,1807.138203,1812.037426,1803.206983,1807.575911,929060,FINTRACE_SYNTHETIC,DEMO
2026-06-22,s8,BHARTIARTL,Bharti Airtel Ltd,Telecom,EQUITY,1812.269264,1817.179102,1808.102418,1812.827288,1008250,FINTRACE_SYNTHETIC,DEMO
2026-06-23,s8,BHARTIARTL,Bharti Airtel Ltd,Telecom,EQUITY,1816.164981,1820.516018,1811.626844,1816.81811,1087440,FINTRACE_SYNTHETIC,DEMO
2026-06-24,s8,BHARTIARTL,Bharti Airtel Ltd,Telecom,EQUITY,1818.52987,1823.683632,1814.456897,1819.246862,1166630,FINTRACE_SYNTHETIC,DEMO
2026-06-25,s8,BHARTIARTL,Bharti Airtel Ltd,Telecom,EQUITY,1819.206727,1824.391612,1815.132215,1819.953133,1245820,FINTRACE_SYNTHETIC,DEMO
2026-06-26,s8,BHARTIARTL,Bharti Airtel Ltd,Telecom,EQUITY,1818.190901,1822.634361,1813.647701,1818.932177,1325010,FINTRACE_SYNTHETIC,DEMO
2026-06-27,s8,BHARTIARTL,Bharti Airtel Ltd,Telecom,EQUITY,1815.630071,1820.694935,1811.45552,1816.334685,454200,FINTRACE_SYNTHETIC,DEMO
2026-06-28,s8,BHARTIARTL,Bharti Airtel Ltd,Telecom,EQUITY,1811.80954,1816.925325,1807.868132,1812.451784,533390,FINTRACE_SYNTHETIC,DEMO
2026-06-29,s8,BHARTIARTL,Bharti Airtel Ltd,Telecom,EQUITY,1807.124466,1811.492584,1802.626955,1807.686697,612580,FINTRACE_SYNTHETIC,DEMO
2026-06-30,s8,BHARTIARTL,Bharti Airtel Ltd,Telecom,EQUITY,1802.041665,1806.759501,1797.801884,1802.515766,691770,FINTRACE_SYNTHETIC,DEMO
2026-07-01,s8,BHARTIARTL,Bharti Airtel Ltd,Telecom,EQUITY,1797.054639,1801.915126,1793.267225,1797.442564,770960,FINTRACE_SYNTHETIC,DEMO
2026-07-02,s8,BHARTIARTL,Bharti Airtel Ltd,Telecom,EQUITY,1792.636118,1796.846106,1788.210095,1792.94947,850150,FINTRACE_SYNTHETIC,DEMO
2026-07-03,s8,BHARTIARTL,Bharti Airtel Ltd,Telecom,EQUITY,1789.192639,1793.568865,1784.899938,1789.451316,929340,FINTRACE_SYNTHETIC,DEMO
2026-07-04,s8,BHARTIARTL,Bharti Airtel Ltd,Telecom,EQUITY,1787.025497,1791.721158,1783.384284,1787.255548,1008530,FINTRACE_SYNTHETIC,DEMO
2026-07-05,s8,BHARTIARTL,Bharti Airtel Ltd,Telecom,EQUITY,1786.30179,1790.530505,1781.943478,1786.532671,1087720,FINTRACE_SYNTHETIC,DEMO
2026-07-06,s8,BHARTIARTL,Bharti Airtel Ltd,Telecom,EQUITY,1787.038319,1791.306349,1782.682015,1787.299832,1166910,FINTRACE_SYNTHETIC,DEMO
2026-07-07,s8,BHARTIARTL,Bharti Airtel Ltd,Telecom,EQUITY,1789.099887,1793.890652,1785.462372,1789.419073,1246100,FINTRACE_SYNTHETIC,DEMO
2026-07-08,s8,BHARTIARTL,Bharti Airtel Ltd,Telecom,EQUITY,1792.212143,1796.728886,1787.907434,1792.610445,1325290,FINTRACE_SYNTHETIC,DEMO
2026-07-09,s8,BHARTIARTL,Bharti Airtel Ltd,Telecom,EQUITY,1795.987764,1800.390497,1791.556264,1796.47872,454480,FINTRACE_SYNTHETIC,DEMO
2026-07-10,s8,BHARTIARTL,Bharti Airtel Ltd,Telecom,EQUITY,1799.96347,1805.033146,1796.177739,1800.551163,533670,FINTRACE_SYNTHETIC,DEMO
2026-07-11,s8,BHARTIARTL,Bharti Airtel Ltd,Telecom,EQUITY,1803.644339,1808.565064,1799.395137,1804.322753,612860,FINTRACE_SYNTHETIC,DEMO
2026-07-12,s8,BHARTIARTL,Bharti Airtel Ltd,Telecom,EQUITY,1806.551212,1811.117469,1802.056853,1807.30455,692050,FINTRACE_SYNTHETIC,DEMO
2026-07-13,s8,BHARTIARTL,Bharti Airtel Ltd,Telecom,EQUITY,1808.266646,1813.538573,1804.340478,1809.070594,771240,FINTRACE_SYNTHETIC,DEMO
2026-07-14,s8,BHARTIARTL,Bharti Airtel Ltd,Telecom,EQUITY,1808.475056,1813.63738,1804.310543,1809.298857,850430,FINTRACE_SYNTHETIC,DEMO
2026-07-15,s8,BHARTIARTL,Bharti Airtel Ltd,Telecom,EQUITY,1806.993192,1811.489887,1802.478574,1807.802351,929620,FINTRACE_SYNTHETIC,DEMO
2026-07-16,s8,BHARTIARTL,Bharti Airtel Ltd,Telecom,EQUITY,1803.788073,1808.952141,1799.75514,1804.547422,1008810,FINTRACE_SYNTHETIC,DEMO
2026-07-17,s8,BHARTIARTL,Bharti Airtel Ltd,Telecom,EQUITY,1798.980635,1804.042607,1794.944453,1799.657474,1088000,FINTRACE_SYNTHETIC,DEMO
2026-07-18,s8,BHARTIARTL,Bharti Airtel Ltd,Telecom,EQUITY,1792.834769,1797.044083,1788.354401,1793.401783,1167190,FINTRACE_SYNTHETIC,DEMO
2026-07-19,s8,BHARTIARTL,Bharti Airtel Ltd,Telecom,EQUITY,1785.732776,1790.462992,1781.633318,1786.170451,1246380,FINTRACE_SYNTHETIC,DEMO
2026-07-20,s8,BHARTIARTL,Bharti Airtel Ltd,Telecom,EQUITY,1778.139576,1782.824681,1774.264056,1778.437888,1325570,FINTRACE_SYNTHETIC,DEMO
2026-07-21,s8,BHARTIARTL,Bharti Airtel Ltd,Telecom,EQUITY,1770.559092,1774.438687,1766.150966,1770.718301,454760,FINTRACE_SYNTHETIC,DEMO
2026-07-22,s8,BHARTIARTL,Bharti Airtel Ltd,Telecom,EQUITY,1763.486949,1767.674831,1759.343434,1763.517429,533950,FINTRACE_SYNTHETIC,DEMO
2026-07-23,s8,BHARTIARTL,Bharti Airtel Ltd,Telecom,EQUITY,1757.364001,1761.735129,1753.573939,1757.285123,613140,FINTRACE_SYNTHETIC,DEMO
2026-07-24,s8,BHARTIARTL,Bharti Airtel Ltd,Telecom,EQUITY,1752.535112,1756.336628,1748.044016,1752.373286,692330,FINTRACE_SYNTHETIC,DEMO
2026-07-25,s8,BHARTIARTL,Bharti Airtel Ltd,Telecom,EQUITY,1749.217116,1753.248246,1744.811587,1749.003176,771520,FINTRACE_SYNTHETIC,DEMO
2026-07-26,s8,BHARTIARTL,Bharti Airtel Ltd,Telecom,EQUITY,1747.479004,1751.844615,1743.677328,1747.245194,850710,FINTRACE_SYNTHETIC,DEMO
2026-07-27,s8,BHARTIARTL,Bharti Airtel Ltd,Telecom,EQUITY,1747.23623,1751.13931,1742.746967,1747.013065,929900,FINTRACE_SYNTHETIC,DEMO
2026-07-28,s8,BHARTIARTL,Bharti Airtel Ltd,Telecom,EQUITY,1748.259659,1752.185418,1743.815433,1748.072981,1009090,FINTRACE_SYNTHETIC,DEMO
2026-07-29,s8,BHARTIARTL,Bharti Airtel Ltd,Telecom,EQUITY,1750.198319,1754.572368,1746.516382,1750.066806,1088280,FINTRACE_SYNTHETIC,DEMO
2026-07-30,s8,BHARTIARTL,Bharti Airtel Ltd,Telecom,EQUITY,1752.613768,1756.634063,1748.333126,1752.54715,1167470,FINTRACE_SYNTHETIC,DEMO
2026-07-31,s8,BHARTIARTL,Bharti Airtel Ltd,Telecom,EQUITY,1755.022804,1758.851561,1750.693322,1755.02095,1246660,FINTRACE_SYNTHETIC,DEMO
2026-08-01,s8,BHARTIARTL,Bharti Airtel Ltd,Telecom,EQUITY,1756.944437,1761.37254,1753.2568,1756.997401,1325850,FINTRACE_SYNTHETIC,DEMO
2026-08-02,s8,BHARTIARTL,Bharti Airtel Ltd,Telecom,EQUITY,1757.946642,1762.163578,1753.799659,1758.035659,455040,FINTRACE_SYNTHETIC,DEMO
2026-08-03,s8,BHARTIARTL,Bharti Airtel Ltd,Telecom,EQUITY,1757.688431,1761.503815,1753.317375,1757.787779,534230,FINTRACE_SYNTHETIC,DEMO
2026-08-04,s8,BHARTIARTL,Bharti Airtel Ltd,Telecom,EQUITY,1755.953232,1760.372387,1752.147961,1756.032769,613420,FINTRACE_SYNTHETIC,DEMO
2026-08-05,s8,BHARTIARTL,Bharti Airtel Ltd,Telecom,EQUITY,1752.670383,1756.896599,1748.628223,1752.698523,692610,FINTRACE_SYNTHETIC,DEMO
2026-08-06,s8,BHARTIARTL,Bharti Airtel Ltd,Telecom,EQUITY,1747.922687,1751.49579,1743.503284,1747.869536,771800,FINTRACE_SYNTHETIC,DEMO
2026-08-07,s8,BHARTIARTL,Bharti Airtel Ltd,Telecom,EQUITY,1741.939318,1746.194822,1737.892178,1741.779658,850990,FINTRACE_SYNTHETIC,DEMO
2026-08-08,s8,BHARTIARTL,Bharti Airtel Ltd,Telecom,EQUITY,1735.074724,1739.298721,1730.891717,1734.790571,930180,FINTRACE_SYNTHETIC,DEMO
2026-08-09,s8,BHARTIARTL,Bharti Airtel Ltd,Telecom,EQUITY,1727.775565,1731.276948,1723.04087,1727.358049,1009370,FINTRACE_SYNTHETIC,DEMO
2026-08-10,s8,BHARTIARTL,Bharti Airtel Ltd,Telecom,EQUITY,1720.538803,1724.678094,1716.046826,1719.989199,1088560,FINTRACE_SYNTHETIC,DEMO
2026-08-11,s8,BHARTIARTL,Bharti Airtel Ltd,Telecom,EQUITY,1713.864969,1718.089728,1709.453731,1713.194765,1167750,FINTRACE_SYNTHETIC,DEMO
2026-08-12,s8,BHARTIARTL,Bharti Airtel Ltd,Telecom,EQUITY,1708.211027,1711.79267,1703.188559,1707.441036,1246940,FINTRACE_SYNTHETIC,DEMO
2026-08-13,s8,BHARTIARTL,Bharti Airtel Ltd,Telecom,EQUITY,1703.947346,1707.969563,1699.109711,1703.105942,1326130,FINTRACE_SYNTHETIC,DEMO
2026-08-14,s8,BHARTIARTL,Bharti Airtel Ltd,Telecom,EQUITY,1701.322879,1705.552897,1696.845046,1700.443515,455320,FINTRACE_SYNTHETIC,DEMO
2026-08-15,s8,BHARTIARTL,Bharti Airtel Ltd,Telecom,EQUITY,1700.441852,1704.123277,1695.358801,1699.560109,534510,FINTRACE_SYNTHETIC,DEMO
2026-08-16,s8,BHARTIARTL,Bharti Airtel Ltd,Telecom,EQUITY,1701.254199,1705.180748,1696.334124,1700.404634,613700,FINTRACE_SYNTHETIC,DEMO
2026-08-17,s8,BHARTIARTL,Bharti Airtel Ltd,Telecom,EQUITY,1703.56064,1707.815865,1699.289184,1702.773746,692890,FINTRACE_SYNTHETIC,DEMO
2026-08-18,s8,BHARTIARTL,Bharti Airtel Ltd,Telecom,EQUITY,1707.031927,1710.838503,1702.161217,1706.331476,772080,FINTRACE_SYNTHETIC,DEMO
2026-08-19,s8,BHARTIARTL,Bharti Airtel Ltd,Telecom,EQUITY,1711.240419,1715.089632,1706.478823,1710.641456,851270,FINTRACE_SYNTHETIC,DEMO
2026-08-20,s8,BHARTIARTL,Bharti Airtel Ltd,Telecom,EQUITY,1715.700966,1719.989203,1711.73651,1715.208635,930460,FINTRACE_SYNTHETIC,DEMO
2026-08-21,s8,BHARTIARTL,Bharti Airtel Ltd,Telecom,EQUITY,1719.917217,1723.856332,1715.387462,1719.526533,1009650,FINTRACE_SYNTHETIC,DEMO
2026-08-22,s8,BHARTIARTL,Bharti Airtel Ltd,Telecom,EQUITY,1723.428931,1727.195857,1718.879337,1723.125515,1088840,FINTRACE_SYNTHETIC,DEMO
2026-08-23,s8,BHARTIARTL,Bharti Airtel Ltd,Telecom,EQUITY,1725.855778,1730.154848,1722.003098,1725.61749,1168030,FINTRACE_SYNTHETIC,DEMO
2026-08-24,s8,BHARTIARTL,Bharti Airtel Ltd,Telecom,EQUITY,1726.93346,1730.982839,1722.654121,1726.732765,1247220,FINTRACE_SYNTHETIC,DEMO
2026-08-25,s8,BHARTIARTL,Bharti Airtel Ltd,Telecom,EQUITY,1726.538706,1730.196111,1722.054219,1726.345556,1326410,FINTRACE_SYNTHETIC,DEMO
2026-08-26,s8,BHARTIARTL,Bharti Airtel Ltd,Telecom,EQUITY,1724.70076,1728.965466,1720.755827,1724.485701,455600,FINTRACE_SYNTHETIC,DEMO
2026-08-27,s8,BHARTIARTL,Bharti Airtel Ltd,Telecom,EQUITY,1721.598268,1725.717159,1717.3596,1721.335493,534790,FINTRACE_SYNTHETIC,DEMO
2026-08-28,s8,BHARTIARTL,Bharti Airtel Ltd,Telecom,EQUITY,1717.541862,1721.060429,1712.922941,1717.211905,613980,FINTRACE_SYNTHETIC,DEMO
2026-08-29,s8,BHARTIARTL,Bharti Airtel Ltd,Telecom,EQUITY,1712.944108,1717.132264,1708.720438,1712.535919,693170,FINTRACE_SYNTHETIC,DEMO
2026-08-30,s8,BHARTIARTL,Bharti Airtel Ltd,Telecom,EQUITY,1708.279671,1712.434665,1703.947163,1707.791889,772360,FINTRACE_SYNTHETIC,DEMO
2026-08-31,s8,BHARTIARTL,Bharti Airtel Ltd,Telecom,EQUITY,1704.039519,1707.485268,1699.222935,1703.480804,851550,FINTRACE_SYNTHETIC,DEMO
2026-09-01,s8,BHARTIARTL,Bharti Airtel Ltd,Telecom,EQUITY,1700.683515,1704.779407,1696.181316,1700.071911,930740,FINTRACE_SYNTHETIC,DEMO
2026-09-02,s8,BHARTIARTL,Bharti Airtel Ltd,Telecom,EQUITY,1698.595931,1702.780258,1694.242586,1697.957324,1009930,FINTRACE_SYNTHETIC,DEMO
2026-09-03,s8,BHARTIARTL,Bharti Airtel Ltd,Telecom,EQUITY,1698.048119,1701.601074,1693.185008,1697.413932,1089120,FINTRACE_SYNTHETIC,DEMO
2026-09-04,s8,BHARTIARTL,Bharti Airtel Ltd,Telecom,EQUITY,1699.171914,1703.188046,1694.596104,1698.576263,1168310,FINTRACE_SYNTHETIC,DEMO
2026-09-05,s8,BHARTIARTL,Bharti Airtel Ltd,Telecom,EQUITY,1701.946298,1706.176084,1697.81501,1701.422867,1247500,FINTRACE_SYNTHETIC,DEMO
2026-09-06,s8,BHARTIARTL,Bharti Airtel Ltd,Telecom,EQUITY,1706.198599,1709.885348,1701.558414,1705.77755,1326690,FINTRACE_SYNTHETIC,DEMO
2025-12-29,s9,LT,Larsen & Toubro Ltd,Industrials,EQUITY,3862.793675,3871.146917,3853.136691,3863.420077,450000,FINTRACE_SYNTHETIC,DEMO
2025-12-30,s9,LT,Larsen & Toubro Ltd,Industrials,EQUITY,3854.490891,3864.31089,3845.740614,3854.979006,537109,FINTRACE_SYNTHETIC,DEMO
2025-12-31,s9,LT,Larsen & Toubro Ltd,Industrials,EQUITY,3847.736012,3857.563206,3839.239928,3848.11743,624218,FINTRACE_SYNTHETIC,DEMO
2026-01-01,s9,LT,Larsen & Toubro Ltd,Industrials,EQUITY,3843.255408,3851.534899,3833.666501,3843.576543,711327,FINTRACE_SYNTHETIC,DEMO
2026-01-02,s9,LT,Larsen & Toubro Ltd,Industrials,EQUITY,3841.5382,3850.992922,3832.599625,3841.855448,798436,FINTRACE_SYNTHETIC,DEMO
2026-01-03,s9,LT,Larsen & Toubro Ltd,Industrials,EQUITY,3842.788581,3852.691481,3834.557977,3843.162505,885545,FINTRACE_SYNTHETIC,DEMO
2026-01-04,s9,LT,Larsen & Toubro Ltd,Industrials,EQUITY,3846.905417,3855.626815,3837.364764,3847.394515,972654,FINTRACE_SYNTHETIC,DEMO
2026-01-05,s9,LT,Larsen & Toubro Ltd,Industrials,EQUITY,3853.491058,3863.120068,3844.331498,3854.145715,1059763,FINTRACE_SYNTHETIC,DEMO
2026-01-06,s9,LT,Larsen & Toubro Ltd,Industrials,EQUITY,3861.888547,3872.38205,3853.883817,3862.745739,1146872,FINTRACE_SYNTHETIC,DEMO
2026-01-07,s9,LT,Larsen & Toubro Ltd,Industrials,EQUITY,3871.243656,3880.8655,3861.737565,3872.322927,1233981,FINTRACE_SYNTHETIC,DEMO
2026-01-08,s9,LT,Larsen & Toubro Ltd,Industrials,EQUITY,3880.585865,3890.706639,3871.196649,3881.886951,1321090,FINTRACE_SYNTHETIC,DEMO
2026-01-09,s9,LT,Larsen & Toubro Ltd,Industrials,EQUITY,3888.920543,3900.14892,3881.134096,3890.422882,458199,FINTRACE_SYNTHETIC,DEMO
2026-01-10,s9,LT,Larsen & Toubro Ltd,Industrials,EQUITY,3895.323561,3905.827216,3885.889372,3896.987732,545308,FINTRACE_SYNTHETIC,DEMO
2026-01-11,s9,LT,Larsen & Toubro Ltd,Industrials,EQUITY,3899.029314,3909.421365,3889.462175,3900.80027,632417,FINTRACE_SYNTHETIC,DEMO
2026-01-12,s9,LT,Larsen & Toubro Ltd,Industrials,EQUITY,3899.503753,3911.050516,3891.438142,3901.315549,719526,FINTRACE_SYNTHETIC,DEMO
2026-01-13,s9,LT,Larsen & Toubro Ltd,Industrials,EQUITY,3896.495476,3907.341092,3887.222425,3898.277037,806635,FINTRACE_SYNTHETIC,DEMO
2026-01-14,s9,LT,Larsen & Toubro Ltd,Industrials,EQUITY,3890.060003,3900.08509,3880.417206,3891.741385,893744,FINTRACE_SYNTHETIC,DEMO
2026-01-15,s9,LT,Larsen & Toubro Ltd,Industrials,EQUITY,3880.55491,3891.703724,3872.259907,3882.073469,980853,FINTRACE_SYNTHETIC,DEMO
2026-01-16,s9,LT,Larsen & Toubro Ltd,Industrials,EQUITY,3868.606303,3879.105122,3859.591837,3869.91217,1067962,FINTRACE_SYNTHETIC,DEMO
2026-01-17,s9,LT,Larsen & Toubro Ltd,Industrials,EQUITY,3855.0498,3864.111353,3845.433947,3856.110162,1155071,FINTRACE_SYNTHETIC,DEMO
2026-01-18,s9,LT,Larsen & Toubro Ltd,Industrials,EQUITY,3840.851671,3851.090349,3832.386276,3841.653433,1242180,FINTRACE_SYNTHETIC,DEMO
2026-01-19,s9,LT,Larsen & Toubro Ltd,Industrials,EQUITY,3827.017627,3836.824534,3818.315507,3827.56822,1329289,FINTRACE_SYNTHETIC,DEMO
2026-01-20,s9,LT,Larsen & Toubro Ltd,Industrials,EQUITY,3814.497965,3822.470743,3804.961795,3814.824212,466398,FINTRACE_SYNTHETIC,DEMO
2026-01-21,s9,LT,Larsen & Toubro Ltd,Industrials,EQUITY,3804.098092,3813.461355,3795.476421,3804.243254,553507,FINTRACE_SYNTHETIC,DEMO
2026-01-22,s9,LT,Larsen & Toubro Ltd,Industrials,EQUITY,3796.402971,3805.734072,3788.004988,3796.422248,640616,FINTRACE_SYNTHETIC,DEMO
2026-01-23,s9,LT,Larsen & Toubro Ltd,Industrials,EQUITY,3791.722668,3799.557034,3782.215071,3791.677587,727725,FINTRACE_SYNTHETIC,DEMO
2026-01-24,s9,LT,Larsen & Toubro Ltd,Industrials,EQUITY,3790.064191,3799.089393,3781.210471,3790.016421,814834,FINTRACE_SYNTHETIC,DEMO
2026-01-25,s9,LT,Larsen & Toubro Ltd,Industrials,EQUITY,3791.132305,3800.532642,3782.996272,3791.13749,901943,FINTRACE_SYNTHETIC,DEMO
2026-01-26,s9,LT,Larsen & Toubro Ltd,Industrials,EQUITY,3794.359224,3802.564317,3784.944269,3794.461423,989052,FINTRACE_SYNTHETIC,DEMO
2026-01-27,s9,LT,Larsen & Toubro Ltd,Industrials,EQUITY,3798.96036,3808.046628,3789.941519,3799.187618,1076161,FINTRACE_SYNTHETIC,DEMO
2026-01-28,s9,LT,Larsen & Toubro Ltd,Industrials,EQUITY,3804.010785,3813.860435,3796.109377,3804.372271,1163270,FINTRACE_SYNTHETIC,DEMO
2026-01-29,s9,LT,Larsen & Toubro Ltd,Industrials,EQUITY,3808.535127,3817.407638,3799.176143,3809.020104,1250379,FINTRACE_SYNTHETIC,DEMO
2026-01-30,s9,LT,Larsen & Toubro Ltd,Industrials,EQUITY,3811.602308,3820.856469,3802.38924,3812.181038,1337488,FINTRACE_SYNTHETIC,DEMO
2026-01-31,s9,LT,Larsen & Toubro Ltd,Industrials,EQUITY,3812.416093,3822.575027,3804.765953,3813.042589,474597,FINTRACE_SYNTHETIC,DEMO
2026-02-01,s9,LT,Larsen & Toubro Ltd,Industrials,EQUITY,3810.392802,3819.639351,3801.155323,3811.009164,561706,FINTRACE_SYNTHETIC,DEMO
2026-02-02,s9,LT,Larsen & Toubro Ltd,Industrials,EQUITY,3805.21877,3814.186999,3795.88896,3805.760697,648815,FINTRACE_SYNTHETIC,DEMO
2026-02-03,s9,LT,Larsen & Toubro Ltd,Industrials,EQUITY,3796.882071,3806.762623,3789.045375,3797.285019,735924,FINTRACE_SYNTHETIC,DEMO
2026-02-04,s9,LT,Larsen & Toubro Ltd,Industrials,EQUITY,3785.675464,3794.670805,3776.655308,3785.880863,823033,FINTRACE_SYNTHETIC,DEMO
2026-02-05,s9,LT,Larsen & Toubro Ltd,Industrials,EQUITY,3772.17028,3780.273597,3762.785628,3772.131222,910142,FINTRACE_SYNTHETIC,DEMO
2026-02-06,s9,LT,Larsen & Toubro Ltd,Industrials,EQUITY,3757.163731,3766.488627,3748.835006,3756.849574,997251,FINTRACE_SYNTHETIC,DEMO
2026-02-07,s9,LT,Larsen & Toubro Ltd,Industrials,EQUITY,3741.604639,3750.481808,3732.274591,3741.004108,1084360,FINTRACE_SYNTHETIC,DEMO
2026-02-08,s9,LT,Larsen & Toubro Ltd,Industrials,EQUITY,3726.504683,3734.253247,3716.336664,3725.627147,1171469,FINTRACE_SYNTHETIC,DEMO
2026-02-09,s9,LT,Larsen & Toubro Ltd,Industrials,EQUITY,3712.843593,3721.97073,3703.552663,3711.718417,1258578,FINTRACE_SYNTHETIC,DEMO
2026-02-10,s9,LT,Larsen & Toubro Ltd,Industrials,EQUITY,3701.47733,3710.419683,3691.724043,3700.151348,1345687,FINTRACE_SYNTHETIC,DEMO
2026-02-11,s9,LT,Larsen & Toubro Ltd,Industrials,EQUITY,3693.058009,3700.476812,3682.362672,3691.591361,482796,FINTRACE_SYNTHETIC,DEMO
2026-02-12,s9,LT,Larsen & Toubro Ltd,Industrials,EQUITY,3687.973162,3696.918163,3678.092749,3686.4339,569905,FINTRACE_SYNTHETIC,DEMO
2026-02-13,s9,LT,Larsen & Toubro Ltd,Industrials,EQUITY,3686.310158,3695.344914,3676.602341,3684.768115,657014,FINTRACE_SYNTHETIC,DEMO
2026-02-14,s9,LT,Larsen & Toubro Ltd,Industrials,EQUITY,3687.849142,3695.4527,3677.167868,3686.369665,744123,FINTRACE_SYNTHETIC,DEMO
2026-02-15,s9,LT,Larsen & Toubro Ltd,Industrials,EQUITY,3692.085166,3700.887567,3682.160551,3690.723295,831232,FINTRACE_SYNTHETIC,DEMO
2026-02-16,s9,LT,Larsen & Toubro Ltd,Industrials,EQUITY,3698.277398,3707.437574,3689.123255,3697.073058,918341,FINTRACE_SYNTHETIC,DEMO
2026-02-17,s9,LT,Larsen & Toubro Ltd,Industrials,EQUITY,3705.520717,3713.417876,3695.29901,3704.495357,1005450,FINTRACE_SYNTHETIC,DEMO
2026-02-18,s9,LT,Larsen & Toubro Ltd,Industrials,EQUITY,3712.832848,3721.502738,3703.186464,3711.987873,1092559,FINTRACE_SYNTHETIC,DEMO
2026-02-19,s9,LT,Larsen & Toubro Ltd,Industrials,EQUITY,3719.248745,3728.522,3710.825687,3718.565865,1179668,FINTRACE_SYNTHETIC,DEMO
2026-02-20,s9,LT,Larsen & Toubro Ltd,Industrials,EQUITY,3723.91321,3732.098232,3714.20042,3723.35668,1266777,FINTRACE_SYNTHETIC,DEMO
2026-02-21,s9,LT,Larsen & Toubro Ltd,Industrials,EQUITY,3726.162909,3734.656304,3716.68721,3725.683449,1353886,FINTRACE_SYNTHETIC,DEMO
2026-02-22,s9,LT,Larsen & Toubro Ltd,Industrials,EQUITY,3725.589985,3734.903503,3717.638518,3725.129991,490995,FINTRACE_SYNTHETIC,DEMO
2026-02-23,s9,LT,Larsen & Toubro Ltd,Industrials,EQUITY,3722.081177,3730.495966,3712.549907,3721.580732,578104,FINTRACE_SYNTHETIC,DEMO
2026-02-24,s9,LT,Larsen & Toubro Ltd,Industrials,EQUITY,3715.828731,3724.070745,3706.129773,3715.231844,665213,FINTRACE_SYNTHETIC,DEMO
2026-02-25,s9,LT,Larsen & Toubro Ltd,Industrials,EQUITY,3707.312058,3716.567126,3698.938499,3706.572518,752322,FINTRACE_SYNTHETIC,DEMO
2026-02-26,s9,LT,Larsen & Toubro Ltd,Industrials,EQUITY,3697.251881,3705.823475,3687.520426,3696.338189,839431,FINTRACE_SYNTHETIC,DEMO
2026-02-27,s9,LT,Larsen & Toubro Ltd,Industrials,EQUITY,3686.541255,3694.476186,3676.314226,3685.440137,926540,FINTRACE_SYNTHETIC,DEMO
2026-02-28,s9,LT,Larsen & Toubro Ltd,Industrials,EQUITY,3676.160029,3685.288151,3667.054205,3674.878208,1013649,FINTRACE_SYNTHETIC,DEMO
2026-03-01,s9,LT,Larsen & Toubro Ltd,Industrials,EQUITY,3667.080908,3675.770388,3657.079247,3665.644956,1100758,FINTRACE_SYNTHETIC,DEMO
2026-03-02,s9,LT,Larsen & Toubro Ltd,Industrials,EQUITY,3660.176074,3667.802702,3649.509589,3658.630365,1187867,FINTRACE_SYNTHETIC,DEMO
2026-03-03,s9,LT,Larsen & Toubro Ltd,Industrials,EQUITY,3656.13327,3665.127406,3646.511112,3654.536213,1274976,FINTRACE_SYNTHETIC,DEMO
2026-03-04,s9,LT,Larsen & Toubro Ltd,Industrials,EQUITY,3655.389359,3664.211328,3645.473111,3653.808277,1362085,FINTRACE_SYNTHETIC,DEMO
2026-03-05,s9,LT,Larsen & Toubro Ltd,Industrials,EQUITY,3658.087676,3665.452414,3647.451982,3656.59282,499194,FINTRACE_SYNTHETIC,DEMO
2026-03-06,s9,LT,Larsen & Toubro Ltd,Industrials,EQUITY,3664.063272,3672.958738,3654.447858,3662.721525,586303,FINTRACE_SYNTHETIC,DEMO
2026-03-07,s9,LT,Larsen & Toubro Ltd,Industrials,EQUITY,3672.857437,3681.852132,3663.574825,3671.72632,673412,FINTRACE_SYNTHETIC,DEMO
2026-03-08,s9,LT,Larsen & Toubro Ltd,Industrials,EQUITY,3683.76014,3691.33908,3673.687649,3682.882685,760521,FINTRACE_SYNTHETIC,DEMO
2026-03-09,s9,LT,Larsen & Toubro Ltd,Industrials,EQUITY,3695.876334,3704.698189,3686.716607,3695.277306,847630,FINTRACE_SYNTHETIC,DEMO
2026-03-10,s9,LT,Larsen & Toubro Ltd,Industrials,EQUITY,3708.209828,3717.389603,3699.904964,3707.893663,934739,FINTRACE_SYNTHETIC,DEMO
2026-03-11,s9,LT,Larsen & Toubro Ltd,Industrials,EQUITY,3719.75672,3727.668314,3710.469004,3719.707363,1021848,FINTRACE_SYNTHETIC,DEMO
2026-03-12,s9,LT,Larsen & Toubro Ltd,Industrials,EQUITY,3729.599502,3738.503846,3720.767451,3729.782175,1108957,FINTRACE_SYNTHETIC,DEMO
2026-03-13,s9,LT,Larsen & Toubro Ltd,Industrials,EQUITY,3736.992871,3746.673224,3729.198032,3737.357587,1196066,FINTRACE_SYNTHETIC,DEMO
2026-03-14,s9,LT,Larsen & Toubro Ltd,Industrials,EQUITY,3741.433078,3750.128932,3732.225876,3741.919569,1283175,FINTRACE_SYNTHETIC,DEMO
2026-03-15,s9,LT,Larsen & Toubro Ltd,Industrials,EQUITY,3742.704203,3751.793829,3733.67618,3743.247793,1370284,FINTRACE_SYNTHETIC,DEMO
2026-03-16,s9,LT,Larsen & Toubro Ltd,Industrials,EQUITY,3740.89696,3750.787515,3733.357229,3741.434825,507393,FINTRACE_SYNTHETIC,DEMO
2026-03-17,s9,LT,Larsen & Toubro Ltd,Industrials,EQUITY,3736.39825,3745.309551,3727.322907,3736.875463,594502,FINTRACE_SYNTHETIC,DEMO
2026-03-18,s9,LT,Larsen & Toubro Ltd,Industrials,EQUITY,3729.852461,3738.516019,3720.721837,3730.227244,681611,FINTRACE_SYNTHETIC,DEMO
2026-03-19,s9,LT,Larsen & Toubro Ltd,Industrials,EQUITY,3722.098217,3731.640398,3714.448584,3722.345908,768720,FINTRACE_SYNTHETIC,DEMO
2026-03-20,s9,LT,Larsen & Toubro Ltd,Industrials,EQUITY,3714.086614,3722.80013,3705.216101,3714.201961,855829,FINTRACE_SYNTHETIC,DEMO
2026-03-21,s9,LT,Larsen & Toubro Ltd,Industrials,EQUITY,3706.78875,3714.782864,3697.61262,3706.786319,942938,FINTRACE_SYNTHETIC,DEMO
2026-03-22,s9,LT,Larsen & Toubro Ltd,Industrials,EQUITY,3701.10137,3710.29558,3693.150224,3701.014028,1030047,FINTRACE_SYNTHETIC,DEMO
2026-03-23,s9,LT,Larsen & Toubro Ltd,Industrials,EQUITY,3697.759627,3706.510727,3688.982734,3697.635244,1117156,FINTRACE_SYNTHETIC,DEMO
2026-03-24,s9,LT,Larsen & Toubro Ltd,Industrials,EQUITY,3697.265296,3704.985326,3687.947958,3697.161982,1204265,FINTRACE_SYNTHETIC,DEMO
2026-03-25,s9,LT,Larsen & Toubro Ltd,Industrials,EQUITY,3699.83728,3708.945277,3691.70817,3699.817613,1291374,FINTRACE_SYNTHETIC,DEMO
2026-03-26,s9,LT,Larsen & Toubro Ltd,Industrials,EQUITY,3705.389139,3714.44759,3696.922788,3705.513934,1378483,FINTRACE_SYNTHETIC,DEMO
2026-03-27,s9,LT,Larsen & Toubro Ltd,Industrials,EQUITY,3713.535807,3721.351465,3704.253131,3713.858017,515592,FINTRACE_SYNTHETIC,DEMO
2026-03-28,s9,LT,Larsen & Toubro Ltd,Industrials,EQUITY,3723.628829,3733.238083,3715.231716,3724.188177,602701,FINTRACE_SYNTHETIC,DEMO
2026-03-29,s9,LT,Larsen & Toubro Ltd,Industrials,EQUITY,3734.81681,3744.776736,3726.51044,3735.635642,689810,FINTRACE_SYNTHETIC,DEMO
2026-03-30,s9,LT,Larsen & Toubro Ltd,Industrials,EQUITY,3746.125285,3754.899051,3736.770522,3747.20606,776919,FINTRACE_SYNTHETIC,DEMO
2026-03-31,s9,LT,Larsen & Toubro Ltd,Industrials,EQUITY,3756.548422,3766.853386,3747.858691,3757.873073,864028,FINTRACE_SYNTHETIC,DEMO
2026-04-01,s9,LT,Larsen & Toubro Ltd,Industrials,EQUITY,3765.143812,3775.994321,3757.015942,3766.675036,951137,FINTRACE_SYNTHETIC,DEMO
2026-04-02,s9,LT,Larsen & Toubro Ltd,Industrials,EQUITY,3771.121319,3780.813946,3761.751102,3772.805691,1038246,FINTRACE_SYNTHETIC,DEMO
2026-04-03,s9,LT,Larsen & Toubro Ltd,Industrials,EQUITY,3773.917528,3784.531396,3764.991885,3775.690123,1125355,FINTRACE_SYNTHETIC,DEMO
2026-04-04,s9,LT,Larsen & Toubro Ltd,Industrials,EQUITY,3773.248688,3784.44541,3765.361786,3775.038791,1212464,FINTRACE_SYNTHETIC,DEMO
2026-04-05,s9,LT,Larsen & Toubro Ltd,Industrials,EQUITY,3769.137118,3779.131945,3759.85534,3770.87447,1299573,FINTRACE_SYNTHETIC,DEMO
2026-04-06,s9,LT,Larsen & Toubro Ltd,Industrials,EQUITY,3761.908555,3772.135572,3752.843694,3763.529543,1386682,FINTRACE_SYNTHETIC,DEMO
2026-04-07,s9,LT,Larsen & Toubro Ltd,Industrials,EQUITY,3752.160698,3762.996454,3744.58167,3753.613908,523791,FINTRACE_SYNTHETIC,DEMO
2026-04-08,s9,LT,Larsen & Toubro Ltd,Industrials,EQUITY,3740.705958,3750.387868,3731.611706,3741.956555,610900,FINTRACE_SYNTHETIC,DEMO
2026-04-09,s9,LT,Larsen & Toubro Ltd,Industrials,EQUITY,3728.493863,3737.828365,3719.373958,3729.526391,698009,FINTRACE_SYNTHETIC,DEMO
2026-04-10,s9,LT,Larsen & Toubro Ltd,Industrials,EQUITY,3716.52052,3726.623587,3708.898706,3717.339852,785118,FINTRACE_SYNTHETIC,DEMO
2026-04-11,s9,LT,Larsen & Toubro Ltd,Industrials,EQUITY,3705.733769,3714.931362,3696.872932,3706.364122,872227,FINTRACE_SYNTHETIC,DEMO
2026-04-12,s9,LT,Larsen & Toubro Ltd,Industrials,EQUITY,3696.943066,3705.414612,3687.798921,3697.425174,959336,FINTRACE_SYNTHETIC,DEMO
2026-04-13,s9,LT,Larsen & Toubro Ltd,Industrials,EQUITY,3690.742679,3700.302851,3682.916535,3691.129407,1046445,FINTRACE_SYNTHETIC,DEMO
2026-04-14,s9,LT,Larsen & Toubro Ltd,Industrials,EQUITY,3687.455537,3696.522731,3678.814931,3687.806338,1133554,FINTRACE_SYNTHETIC,DEMO
2026-04-15,s9,LT,Larsen & Toubro Ltd,Industrials,EQUITY,3687.103056,3695.193466,3677.917045,3687.477821,1220663,FINTRACE_SYNTHETIC,DEMO
2026-04-16,s9,LT,Larsen & Toubro Ltd,Industrials,EQUITY,3689.403839,3698.946344,3681.332328,3689.856717,1307772,FINTRACE_SYNTHETIC,DEMO
2026-04-17,s9,LT,Larsen & Toubro Ltd,Industrials,EQUITY,3693.801356,3703.272564,3685.348088,3694.375137,1394881,FINTRACE_SYNTHETIC,DEMO
2026-04-18,s9,LT,Larsen & Toubro Ltd,Industrials,EQUITY,3699.517963,3707.7219,3690.270979,3700.239567,531990,FINTRACE_SYNTHETIC,DEMO
2026-04-19,s9,LT,Larsen & Toubro Ltd,Industrials,EQUITY,3705.63011,3715.522858,3697.287728,3706.507609,619099,FINTRACE_SYNTHETIC,DEMO
2026-04-20,s9,LT,Larsen & Toubro Ltd,Industrials,EQUITY,3711.157562,3721.255294,3702.88916,3712.179025,706208,FINTRACE_SYNTHETIC,DEMO
2026-04-21,s9,LT,Larsen & Toubro Ltd,Industrials,EQUITY,3715.158116,3723.905544,3705.879014,3716.292381,793317,FINTRACE_SYNTHETIC,DEMO
2026-04-22,s9,LT,Larsen & Toubro Ltd,Industrials,EQUITY,3716.818784,3726.913419,3708.233823,3718.018097,880426,FINTRACE_SYNTHETIC,DEMO
2026-04-23,s9,LT,Larsen & Toubro Ltd,Industrials,EQUITY,3715.534735,3725.929447,3707.498387,3716.739001,967535,FINTRACE_SYNTHETIC,DEMO
2026-04-24,s9,LT,Larsen & Toubro Ltd,Industrials,EQUITY,3710.968477,3719.97419,3701.743766,3712.110712,1054644,FINTRACE_SYNTHETIC,DEMO
2026-04-25,s9,LT,Larsen & Toubro Ltd,Industrials,EQUITY,3703.083613,3712.781636,3694.33675,3704.096091,1141753,FINTRACE_SYNTHETIC,DEMO
2026-04-26,s9,LT,Larsen & Toubro Ltd,Industrials,EQUITY,3692.149953,3702.169554,3684.416506,3692.970453,1228862,FINTRACE_SYNTHETIC,DEMO
2026-04-27,s9,LT,Larsen & Toubro Ltd,Industrials,EQUITY,3678.719489,3687.338902,3669.654257,3679.297055,1315971,FINTRACE_SYNTHETIC,DEMO
2026-04-28,s9,LT,Larsen & Toubro Ltd,Industrials,EQUITY,3663.575507,3672.266564,3654.75695,3663.87517,453080,FINTRACE_SYNTHETIC,DEMO
2026-04-29,s9,LT,Larsen & Toubro Ltd,Industrials,EQUITY,3647.659689,3656.782701,3640.275616,3647.665697,540189,FINTRACE_SYNTHETIC,DEMO
2026-04-30,s9,LT,Larsen & Toubro Ltd,Industrials,EQUITY,3631.984133,3640.15376,3622.864067,3631.701389,627298,FINTRACE_SYNTHETIC,DEMO
2026-05-01,s9,LT,Larsen & Toubro Ltd,Industrials,EQUITY,3617.536679,3625.603611,3608.15038,3616.990247,714407,FINTRACE_SYNTHETIC,DEMO
2026-05-02,s9,LT,Larsen & Toubro Ltd,Industrials,EQUITY,3605.188558,3614.193755,3597.045237,3604.421281,801516,FINTRACE_SYNTHETIC,DEMO
2026-05-03,s9,LT,Larsen & Toubro Ltd,Industrials,EQUITY,3595.613147,3603.911895,3586.076457,3594.681612,888625,FINTRACE_SYNTHETIC,DEMO
2026-05-04,s9,LT,Larsen & Toubro Ltd,Industrials,EQUITY,3589.223582,3596.994235,3579.322821,3588.192806,975734,FINTRACE_SYNTHETIC,DEMO
2026-05-05,s9,LT,Larsen & Toubro Ltd,Industrials,EQUITY,3586.135159,3595.05142,3577.485854,3585.072511,1062843,FINTRACE_SYNTHETIC,DEMO
2026-05-06,s9,LT,Larsen & Toubro Ltd,Industrials,EQUITY,3586.156091,3594.62128,3576.712719,3585.125028,1149952,FINTRACE_SYNTHETIC,DEMO
2026-05-07,s9,LT,Larsen & Toubro Ltd,Industrials,EQUITY,3588.807517,3596.332301,3578.925964,3587.861723,1237061,FINTRACE_SYNTHETIC,DEMO
2026-05-08,s9,LT,Larsen & Toubro Ltd,Industrials,EQUITY,3593.370815,3602.228664,3584.704452,3592.549307,1324170,FINTRACE_SYNTHETIC,DEMO
2026-05-09,s9,LT,Larsen & Toubro Ltd,Industrials,EQUITY,3598.957728,3607.616106,3590.03376,3598.281396,461279,FINTRACE_SYNTHETIC,DEMO
2026-05-10,s9,LT,Larsen & Toubro Ltd,Industrials,EQUITY,3604.596594,3611.90146,3595.058874,3604.0665,548388,FINTRACE_SYNTHETIC,DEMO
2026-05-11,s9,LT,Larsen & Toubro Ltd,Industrials,EQUITY,3609.326457,3618.1133,3600.813222,3608.924048,635497,FINTRACE_SYNTHETIC,DEMO
2026-05-12,s9,LT,Larsen & Toubro Ltd,Industrials,EQUITY,3612.290075,3621.114764,3603.917677,3611.979306,722606,FINTRACE_SYNTHETIC,DEMO
2026-05-13,s9,LT,Larsen & Toubro Ltd,Industrials,EQUITY,3612.81696,3620.202223,3603.523797,3612.548101,809715,FINTRACE_SYNTHETIC,DEMO
2026-05-14,s9,LT,Larsen & Toubro Ltd,Industrials,EQUITY,3610.488517,3619.136419,3601.877179,3610.203297,896824,FINTRACE_SYNTHETIC,DEMO
2026-05-15,s9,LT,Larsen & Toubro Ltd,Industrials,EQUITY,3605.179076,3614.088401,3597.004722,3604.816658,983933,FINTRACE_SYNTHETIC,DEMO
2026-05-16,s9,LT,Larsen & Toubro Ltd,Industrials,EQUITY,3597.068886,3604.673184,3587.628068,3596.572112,1071042,FINTRACE_SYNTHETIC,DEMO
2026-05-17,s9,LT,Larsen & Toubro Ltd,Industrials,EQUITY,3586.627845,3595.049391,3577.489956,3585.949146,1158151,FINTRACE_SYNTHETIC,DEMO
2026-05-18,s9,LT,Larsen & Toubro Ltd,Industrials,EQUITY,3574.571493,3583.472605,3566.177087,3573.677904,1245260,FINTRACE_SYNTHETIC,DEMO
2026-05-19,s9,LT,Larsen & Toubro Ltd,Industrials,EQUITY,3561.79348,3569.563838,3551.890154,3560.670273,1332369,FINTRACE_SYNTHETIC,DEMO
2026-05-20,s9,LT,Larsen & Toubro Ltd,Industrials,EQUITY,3549.280921,3557.422608,3539.40249,3547.933514,469478,FINTRACE_SYNTHETIC,DEMO
2026-05-21,s9,LT,Larsen & Toubro Ltd,Industrials,EQUITY,3538.020728,3546.862853,3529.300051,3536.474678,556587,FINTRACE_SYNTHETIC,DEMO
2026-05-22,s9,LT,Larsen & Toubro Ltd,Industrials,EQUITY,3528.905824,3536.83002,3518.614146,3527.204913,643696,FINTRACE_SYNTHETIC,DEMO
2026-05-23,s9,LT,Larsen & Toubro Ltd,Industrials,EQUITY,3522.650197,3530.519349,3512.255097,3520.852779,730805,FINTRACE_SYNTHETIC,DEMO
2026-05-24,s9,LT,Larsen & Toubro Ltd,Industrials,EQUITY,3519.720883,3528.513971,3510.71137,3517.89484,817914,FINTRACE_SYNTHETIC,DEMO
2026-05-25,s9,LT,Larsen & Toubro Ltd,Industrials,EQUITY,3520.293355,3528.405949,3510.077804,3518.510154,905023,FINTRACE_SYNTHETIC,DEMO
2026-05-26,s9,LT,Larsen & Toubro Ltd,Industrials,EQUITY,3524.234591,3531.879243,3513.860442,3522.56298,992132,FINTRACE_SYNTHETIC,DEMO
2026-05-27,s9,LT,Larsen & Toubro Ltd,Industrials,EQUITY,3531.115409,3539.898439,3522.161291,3529.615381,1079241,FINTRACE_SYNTHETIC,DEMO
2026-05-28,s9,LT,Larsen & Toubro Ltd,Industrials,EQUITY,3540.250927,3548.59685,3530.653246,3538.968497,1166350,FINTRACE_SYNTHETIC,DEMO
2026-05-29,s9,LT,Larsen & Toubro Ltd,Industrials,EQUITY,3550.765261,3558.225685,3540.890888,3549.728566,1253459,FINTRACE_SYNTHETIC,DEMO
2026-05-30,s9,LT,Larsen & Toubro Ltd,Industrials,EQUITY,3561.674318,3570.459759,3553.130373,3560.891415,1340568,FINTRACE_SYNTHETIC,DEMO
2026-05-31,s9,LT,Larsen & Toubro Ltd,Industrials,EQUITY,3571.97879,3580.56297,3563.238445,3571.43734,477677,FINTRACE_SYNTHETIC,DEMO
2026-06-01,s9,LT,Larsen & Toubro Ltd,Industrials,EQUITY,3580.758478,3588.030855,3571.47973,3580.427363,564786,FINTRACE_SYNTHETIC,DEMO
2026-06-02,s9,LT,Larsen & Toubro Ltd,Industrials,EQUITY,3587.258974,3595.99989,3579.043751,3587.09168,651895,FINTRACE_SYNTHETIC,DEMO
2026-06-03,s9,LT,Larsen & Toubro Ltd,Industrials,EQUITY,3590.962432,3599.727585,3582.873245,3590.901877,739004,FINTRACE_SYNTHETIC,DEMO
2026-06-04,s9,LT,Larsen & Toubro Ltd,Industrials,EQUITY,3591.635685,3598.961811,3582.646668,3591.620028,826113,FINTRACE_SYNTHETIC,DEMO
2026-06-05,s9,LT,Larsen & Toubro Ltd,Industrials,EQUITY,3589.351139,3597.958088,3581.054659,3589.320016,913222,FINTRACE_SYNTHETIC,DEMO
2026-06-06,s9,LT,Larsen & Toubro Ltd,Industrials,EQUITY,3584.478449,3593.33125,3576.596467,3584.379041,1000331,FINTRACE_SYNTHETIC,DEMO
2026-06-07,s9,LT,Larsen & Toubro Ltd,Industrials,EQUITY,3577.647777,3585.195586,3568.540117,3577.440125,1087440,FINTRACE_SYNTHETIC,DEMO
2026-06-08,s9,LT,Larsen & Toubro Ltd,Industrials,EQUITY,3569.688153,3578.081218,3560.940233,3569.349218,1174549,FINTRACE_SYNTHETIC,DEMO
2026-06-09,s9,LT,Larsen & Toubro Ltd,Industrials,EQUITY,3561.546809,3570.412301,3553.583087,3561.072882,1261658,FINTRACE_SYNTHETIC,DEMO
2026-06-10,s9,LT,Larsen & Toubro Ltd,Industrials,EQUITY,3554.197194,3561.936299,3544.83609,3553.604432,1348767,FINTRACE_SYNTHETIC,DEMO
2026-06-11,s9,LT,Larsen & Toubro Ltd,Industrials,EQUITY,3548.544445,3556.697107,3539.3459,3547.86748,485876,FINTRACE_SYNTHETIC,DEMO
2026-06-12,s9,LT,Larsen & Toubro Ltd,Industrials,EQUITY,3545.337336,3554.196775,3537.419255,3544.626077,572985,FINTRACE_SYNTHETIC,DEMO
2026-06-13,s9,LT,Larsen & Toubro Ltd,Industrials,EQUITY,3545.0951,3553.041948,3535.769741,3544.410055,660094,FINTRACE_SYNTHETIC,DEMO
2026-06-14,s9,LT,Larsen & Toubro Ltd,Industrials,EQUITY,3548.056124,3555.995875,3538.807409,3547.462665,747203,FINTRACE_SYNTHETIC,DEMO
2026-06-15,s9,LT,Larsen & Toubro Ltd,Industrials,EQUITY,3554.153401,3563.033761,3546.474597,3553.715535,834312,FINTRACE_SYNTHETIC,DEMO
2026-06-16,s9,LT,Larsen & Toubro Ltd,Industrials,EQUITY,3563.019104,3571.217611,3554.245303,3562.793328,921421,FINTRACE_SYNTHETIC,DEMO
2026-06-17,s9,LT,Larsen & Toubro Ltd,Industrials,EQUITY,3574.017839,3581.815252,3565.193599,3574.047686,1008530,FINTRACE_SYNTHETIC,DEMO
2026-06-18,s9,LT,Larsen & Toubro Ltd,Industrials,EQUITY,3586.305433,3595.541767,3578.747105,3586.617204,1095639,FINTRACE_SYNTHETIC,DEMO
2026-06-19,s9,LT,Larsen & Toubro Ltd,Industrials,EQUITY,3598.907641,3607.982185,3590.440219,3599.507758,1182748,FINTRACE_SYNTHETIC,DEMO
2026-06-20,s9,LT,Larsen & Toubro Ltd,Industrials,EQUITY,3610.811305,3619.289573,3601.82485,3611.685512,1269857,FINTRACE_SYNTHETIC,DEMO
2026-06-21,s9,LT,Larsen & Toubro Ltd,Industrials,EQUITY,3621.059254,3631.114121,3613.182057,3622.17376,1356966,FINTRACE_SYNTHETIC,DEMO
2026-06-22,s9,LT,Larsen & Toubro Ltd,Industrials,EQUITY,3628.839926,3638.858785,3620.496344,3630.144379,494075,FINTRACE_SYNTHETIC,DEMO
2026-06-23,s9,LT,Larsen & Toubro Ltd,Industrials,EQUITY,3633.563172,3642.393758,3624.483817,3634.995176,581184,FINTRACE_SYNTHETIC,DEMO
2026-06-24,s9,LT,Larsen & Toubro Ltd,Industrials,EQUITY,3634.915016,3645.274214,3626.773875,3636.405767,668293,FINTRACE_SYNTHETIC,DEMO
2026-06-25,s9,LT,Larsen & Toubro Ltd,Industrials,EQUITY,3632.886171,3643.230123,3624.749525,3634.366674,755402,FINTRACE_SYNTHETIC,DEMO
2026-06-26,s9,LT,Larsen & Toubro Ltd,Industrials,EQUITY,3627.771584,3636.565555,3618.706697,3629.178865,842511,FINTRACE_SYNTHETIC,DEMO
2026-06-27,s9,LT,Larsen & Toubro Ltd,Industrials,EQUITY,3620.141075,3630.117294,3611.817538,3621.42379,929620,FINTRACE_SYNTHETIC,DEMO
2026-06-28,s9,LT,Larsen & Toubro Ltd,Industrials,EQUITY,3610.783869,3620.821779,3602.928974,3611.906778,1016729,FINTRACE_SYNTHETIC,DEMO
2026-06-29,s9,LT,Larsen & Toubro Ltd,Industrials,EQUITY,3600.632306,3609.161929,3591.671173,3601.579199,1103838,FINTRACE_SYNTHETIC,DEMO
2026-06-30,s9,LT,Larsen & Toubro Ltd,Industrials,EQUITY,3590.67203,3599.902297,3582.224023,3591.446809,1190947,FINTRACE_SYNTHETIC,DEMO
2026-07-01,s9,LT,Larsen & Toubro Ltd,Industrials,EQUITY,3581.847193,3591.387271,3574.298209,3582.473032,1278056,FINTRACE_SYNTHETIC,DEMO
2026-07-02,s9,LT,Larsen & Toubro Ltd,Industrials,EQUITY,3574.969748,3583.25703,3566.143138,3575.486388,1365165,FINTRACE_SYNTHETIC,DEMO
2026-07-03,s9,LT,Larsen & Toubro Ltd,Industrials,EQUITY,3570.64145,3579.318061,3562.074628,3571.100916,502274,FINTRACE_SYNTHETIC,DEMO
2026-07-04,s9,LT,Larsen & Toubro Ltd,Industrials,EQUITY,3569.196034,3578.576252,3561.923501,3569.657159,589383,FINTRACE_SYNTHETIC,DEMO
2026-07-05,s9,LT,Larsen & Toubro Ltd,Industrials,EQUITY,3570.667058,3579.180833,3561.955161,3571.189362,676492,FINTRACE_SYNTHETIC,DEMO
2026-07-06,s9,LT,Larsen & Toubro Ltd,Industrials,EQUITY,3574.784499,3583.436867,3566.070167,3575.42199,763601,FINTRACE_SYNTHETIC,DEMO
2026-07-07,s9,LT,Larsen & Toubro Ltd,Industrials,EQUITY,3581.000415,3590.746467,3573.719691,3581.795919,850710,FINTRACE_SYNTHETIC,DEMO
2026-07-08,s9,LT,Larsen & Toubro Ltd,Industrials,EQUITY,3588.541228,3597.768546,3579.921923,3589.521784,937819,FINTRACE_SYNTHETIC,DEMO
2026-07-09,s9,LT,Larsen & Toubro Ltd,Industrials,EQUITY,3596.481657,3605.489204,3587.607537,3597.65542,1024928,FINTRACE_SYNTHETIC,DEMO
2026-07-10,s9,LT,Larsen & Toubro Ltd,Industrials,EQUITY,3603.833228,3614.162317,3596.253551,3605.188181,1112037,FINTRACE_SYNTHETIC,DEMO
2026-07-11,s9,LT,Larsen & Toubro Ltd,Industrials,EQUITY,3609.638943,3619.634035,3601.135002,3611.143539,1199146,FINTRACE_SYNTHETIC,DEMO
2026-07-12,s9,LT,Larsen & Toubro Ltd,Industrials,EQUITY,3613.065074,3622.296718,3604.07645,3614.670748,1286255,FINTRACE_SYNTHETIC,DEMO
2026-07-13,s9,LT,Larsen & Toubro Ltd,Industrials,EQUITY,3613.481317,3624.055157,3605.635606,3615.126644,1373364,FINTRACE_SYNTHETIC,DEMO
2026-07-14,s9,LT,Larsen & Toubro Ltd,Industrials,EQUITY,3610.521684,3620.799323,3602.207461,3612.137767,510473,FINTRACE_SYNTHETIC,DEMO
2026-07-15,s9,LT,Larsen & Toubro Ltd,Industrials,EQUITY,3604.120298,3612.991639,3595.115713,3605.636899,597582,FINTRACE_SYNTHETIC,DEMO
2026-07-16,s9,LT,Larsen & Toubro Ltd,Industrials,EQUITY,3594.518702,3604.647668,3586.482031,3595.87051,684691,FINTRACE_SYNTHETIC,DEMO
2026-07-17,s9,LT,Larsen & Toubro Ltd,Industrials,EQUITY,3582.243948,3592.107837,3574.206847,3583.376408,771800,FINTRACE_SYNTHETIC,DEMO
2026-07-18,s9,LT,Larsen & Toubro Ltd,Industrials,EQUITY,3568.059578,3576.182028,3559.142849,3568.93372,858909,FINTRACE_SYNTHETIC,DEMO
2026-07-19,s9,LT,Larsen & Toubro Ltd,Industrials,EQUITY,3552.894153,3562.029733,3544.737871,3553.489954,946018,FINTRACE_SYNTHETIC,DEMO
2026-07-20,s9,LT,Larsen & Toubro Ltd,Industrials,EQUITY,3537.754125,3546.799306,3530.043462,3538.072103,1033127,FINTRACE_SYNTHETIC,DEMO
2026-07-21,s9,LT,Larsen & Toubro Ltd,Industrials,EQUITY,3523.629374,3531.093735,3514.856663,3523.69025,1120236,FINTRACE_SYNTHETIC,DEMO
2026-07-22,s9,LT,Larsen & Toubro Ltd,Industrials,EQUITY,3511.400391,3519.678337,3502.992786,3511.242854,1207345,FINTRACE_SYNTHETIC,DEMO
2026-07-23,s9,LT,Larsen & Toubro Ltd,Industrials,EQUITY,3501.755951,3510.465942,3494.038123,3501.432747,1294454,FINTRACE_SYNTHETIC,DEMO
2026-07-24,s9,LT,Larsen & Toubro Ltd,Industrials,EQUITY,3495.129124,3502.710593,3486.068111,3494.701836,1381563,FINTRACE_SYNTHETIC,DEMO
2026-07-25,s9,LT,Larsen & Toubro Ltd,Industrials,EQUITY,3491.657704,3499.704347,3482.823883,3491.190728,518672,FINTRACE_SYNTHETIC,DEMO
2026-07-26,s9,LT,Larsen & Toubro Ltd,Industrials,EQUITY,3491.172826,3499.89459,3483.599066,3490.727113,605781,FINTRACE_SYNTHETIC,DEMO
2026-07-27,s9,LT,Larsen & Toubro Ltd,Industrials,EQUITY,3493.216857,3501.020212,3484.314705,3492.844016,692890,FINTRACE_SYNTHETIC,DEMO
2026-07-28,s9,LT,Larsen & Toubro Ltd,Industrials,EQUITY,3497.088821,3504.941618,3488.309406,3496.826158,779999,FINTRACE_SYNTHETIC,DEMO
2026-07-29,s9,LT,Larsen & Toubro Ltd,Industrials,EQUITY,3501.913047,3510.664935,3494.675807,3501.779995,867108,FINTRACE_SYNTHETIC,DEMO
2026-07-30,s9,LT,Larsen & Toubro Ltd,Industrials,EQUITY,3506.724464,3514.768488,3498.288804,3506.720762,954217,FINTRACE_SYNTHETIC,DEMO
2026-07-31,s9,LT,Larsen & Toubro Ltd,Industrials,EQUITY,3510.562422,3518.327077,3501.905882,3510.668204,1041326,FINTRACE_SYNTHETIC,DEMO
2026-08-01,s9,LT,Larsen & Toubro Ltd,Industrials,EQUITY,3512.564064,3521.489011,3505.191571,3512.741853,1128435,FINTRACE_SYNTHETIC,DEMO
2026-08-02,s9,LT,Larsen & Toubro Ltd,Industrials,EQUITY,3512.048355,3520.493636,3503.763459,3512.246778,1215544,FINTRACE_SYNTHETIC,DEMO
2026-08-03,s9,LT,Larsen & Toubro Ltd,Industrials,EQUITY,3508.582751,3516.159228,3499.857534,3508.741605,1302653,FINTRACE_SYNTHETIC,DEMO
2026-08-04,s9,LT,Larsen & Toubro Ltd,Industrials,EQUITY,3502.02612,3510.736886,3494.43699,3502.082323,1389762,FINTRACE_SYNTHETIC,DEMO
2026-08-05,s9,LT,Larsen & Toubro Ltd,Industrials,EQUITY,3492.543843,3500.90921,3484.383128,3492.437688,526871,FINTRACE_SYNTHETIC,DEMO
2026-08-06,s9,LT,Larsen & Toubro Ltd,Industrials,EQUITY,3480.593632,3487.70866,3471.580878,3480.274753,613980,FINTRACE_SYNTHETIC,DEMO
2026-08-07,s9,LT,Larsen & Toubro Ltd,Industrials,EQUITY,3466.883408,3475.352898,3458.579411,3466.315885,701089,FINTRACE_SYNTHETIC,DEMO
2026-08-08,s9,LT,Larsen & Toubro Ltd,Industrials,EQUITY,3452.305251,3460.709803,3443.714366,3451.471373,788198,FINTRACE_SYNTHETIC,DEMO
2026-08-09,s9,LT,Larsen & Toubro Ltd,Industrials,EQUITY,3437.851718,3444.818616,3428.164563,3436.754028,875307,FINTRACE_SYNTHETIC,DEMO
2026-08-10,s9,LT,Larsen & Toubro Ltd,Industrials,EQUITY,3424.522485,3432.761237,3415.337675,3423.183928,962416,FINTRACE_SYNTHETIC,DEMO
2026-08-11,s9,LT,Larsen & Toubro Ltd,Industrials,EQUITY,3413.230217,3421.643992,3404.242388,3411.692363,1049525,FINTRACE_SYNTHETIC,DEMO
2026-08-12,s9,LT,Larsen & Toubro Ltd,Industrials,EQUITY,3404.714633,3411.853373,3394.558703,3403.034149,1136634,FINTRACE_SYNTHETIC,DEMO
2026-08-13,s9,LT,Larsen & Toubro Ltd,Industrials,EQUITY,3399.472949,3407.497504,3389.744122,3397.71665,1223743,FINTRACE_SYNTHETIC,DEMO
2026-08-14,s9,LT,Larsen & Toubro Ltd,Industrials,EQUITY,3397.713329,3406.161103,3388.765783,3395.952278,1310852,FINTRACE_SYNTHETIC,DEMO
2026-08-15,s9,LT,Larsen & Toubro Ltd,Industrials,EQUITY,3399.335779,3406.695277,3389.240043,3397.638996,1397961,FINTRACE_SYNTHETIC,DEMO
2026-08-16,s9,LT,Larsen & Toubro Ltd,Industrials,EQUITY,3403.942289,3411.798697,3394.225916,3402.370675,535070,FINTRACE_SYNTHETIC,DEMO
2026-08-17,s9,LT,Larsen & Toubro Ltd,Industrials,EQUITY,3410.875276,3419.395103,3402.499146,3409.476308,622179,FINTRACE_SYNTHETIC,DEMO
2026-08-18,s9,LT,Larsen & Toubro Ltd,Industrials,EQUITY,3419.280635,3426.90542,3409.730595,3418.084363,709288,FINTRACE_SYNTHETIC,DEMO
2026-08-19,s9,LT,Larsen & Toubro Ltd,Industrials,EQUITY,3428.189407,3435.900672,3418.866424,3427.206105,796397,FINTRACE_SYNTHETIC,DEMO
2026-08-20,s9,LT,Larsen & Toubro Ltd,Industrials,EQUITY,3436.610262,3445.199755,3428.874765,3435.829973,883506,FINTRACE_SYNTHETIC,DEMO
2026-08-21,s9,LT,Larsen & Toubro Ltd,Industrials,EQUITY,3443.62399,3451.510899,3434.730309,3443.017995,970615,FINTRACE_SYNTHETIC,DEMO
2026-08-22,s9,LT,Larsen & Toubro Ltd,Industrials,EQUITY,3448.47098,3456.008358,3439.498408,3447.995061,1057724,FINTRACE_SYNTHETIC,DEMO
2026-08-23,s9,LT,Larsen & Toubro Ltd,Industrials,EQUITY,3450.623367,3459.218797,3442.995869,3450.222533,1144833,FINTRACE_SYNTHETIC,DEMO
2026-08-24,s9,LT,Larsen & Toubro Ltd,Industrials,EQUITY,3449.83495,3457.924254,3441.30138,3449.449183,1231942,FINTRACE_SYNTHETIC,DEMO
2026-08-25,s9,LT,Larsen & Toubro Ltd,Industrials,EQUITY,3446.164134,3453.4643,3437.169229,3445.734611,1319051,FINTRACE_SYNTHETIC,DEMO
2026-08-26,s9,LT,Larsen & Toubro Ltd,Industrials,EQUITY,3439.96772,3448.473806,3432.003758,3439.442897,456160,FINTRACE_SYNTHETIC,DEMO
2026-08-27,s9,LT,Larsen & Toubro Ltd,Industrials,EQUITY,3431.866114,3440.076788,3423.281803,3431.20711,543269,FINTRACE_SYNTHETIC,DEMO
2026-08-28,s9,LT,Larsen & Toubro Ltd,Industrials,EQUITY,3422.683306,3429.695035,3413.321488,3421.868055,630378,FINTRACE_SYNTHETIC,DEMO
2026-08-29,s9,LT,Larsen & Toubro Ltd,Industrials,EQUITY,3413.367316,3421.713015,3404.790387,3412.3931,717487,FINTRACE_SYNTHETIC,DEMO
2026-08-30,s9,LT,Larsen & Toubro Ltd,Industrials,EQUITY,3404.898724,3413.180351,3396.119953,3403.782839,804596,FINTRACE_SYNTHETIC,DEMO
2026-08-31,s9,LT,Larsen & Toubro Ltd,Industrials,EQUITY,3398.195988,3405.067501,3388.483694,3396.974469,891705,FINTRACE_SYNTHETIC,DEMO
2026-09-01,s9,LT,Larsen & Toubro Ltd,Industrials,EQUITY,3394.026585,3402.200691,3384.986862,3392.751135,978814,FINTRACE_SYNTHETIC,DEMO
2026-09-02,s9,LT,Larsen & Toubro Ltd,Industrials,EQUITY,3392.932474,3401.290636,3384.245672,3391.665853,1065923,FINTRACE_SYNTHETIC,DEMO
2026-09-03,s9,LT,Larsen & Toubro Ltd,Industrials,EQUITY,3395.176961,3402.280948,3385.531548,3393.987303,1153032,FINTRACE_SYNTHETIC,DEMO
2026-09-04,s9,LT,Larsen & Toubro Ltd,Industrials,EQUITY,3400.718065,3408.75594,3391.706426,3399.672649,1240141,FINTRACE_SYNTHETIC,DEMO
2026-09-05,s9,LT,Larsen & Toubro Ltd,Industrials,EQUITY,3409.210922,3417.683711,3401.142558,3408.369987,1327250,FINTRACE_SYNTHETIC,DEMO
2026-09-06,s9,LT,Larsen & Toubro Ltd,Industrials,EQUITY,3420.038999,3427.429009,3410.992402,3419.450203,464359,FINTRACE_SYNTHETIC,DEMO
2025-12-29,s10,AXISBANK,Axis Bank Ltd,Banking,EQUITY,1194.911649,1197.453033,1191.92437,1195.062907,450000,FINTRACE_SYNTHETIC,DEMO
2025-12-30,s10,AXISBANK,Axis Bank Ltd,Banking,EQUITY,1192.818431,1195.82441,1190.110553,1192.936626,545028,FINTRACE_SYNTHETIC,DEMO
2025-12-31,s10,AXISBANK,Axis Bank Ltd,Banking,EQUITY,1191.429971,1194.454272,1188.799206,1191.529485,640056,FINTRACE_SYNTHETIC,DEMO
2026-01-01,s10,AXISBANK,Axis Bank Ltd,Banking,EQUITY,1190.897839,1193.462177,1187.926553,1190.996148,735084,FINTRACE_SYNTHETIC,DEMO
2026-01-02,s10,AXISBANK,Axis Bank Ltd,Banking,EQUITY,1191.28531,1194.234812,1188.513401,1191.401182,830112,FINTRACE_SYNTHETIC,DEMO
2026-01-03,s10,AXISBANK,Axis Bank Ltd,Banking,EQUITY,1192.561044,1195.669893,1190.00678,1192.712607,925140,FINTRACE_SYNTHETIC,DEMO
2026-01-04,s10,AXISBANK,Axis Bank Ltd,Banking,EQUITY,1194.601818,1197.361218,1191.639104,1194.804685,1020168,FINTRACE_SYNTHETIC,DEMO
2026-01-05,s10,AXISBANK,Axis Bank Ltd,Banking,EQUITY,1197.204051,1200.25798,1194.358356,1197.46968,1115196,FINTRACE_SYNTHETIC,DEMO
2026-01-06,s10,AXISBANK,Axis Bank Ltd,Banking,EQUITY,1200.103034,1203.432187,1197.615521,1200.437481,1210224,FINTRACE_SYNTHETIC,DEMO
2026-01-07,s10,AXISBANK,Axis Bank Ltd,Banking,EQUITY,1202.998019,1206.055977,1200.043979,1203.401203,1305252,FINTRACE_SYNTHETIC,DEMO
2026-01-08,s10,AXISBANK,Axis Bank Ltd,Banking,EQUITY,1205.580789,1208.786487,1202.663843,1206.046337,450280,FINTRACE_SYNTHETIC,DEMO
2026-01-09,s10,AXISBANK,Axis Bank Ltd,Banking,EQUITY,1207.564971,1211.100864,1205.147169,1208.080668,545308,FINTRACE_SYNTHETIC,DEMO
2026-01-10,s10,AXISBANK,Axis Bank Ltd,Banking,EQUITY,1208.713318,1212.005059,1205.785903,1209.262106,640336,FINTRACE_SYNTHETIC,DEMO
2026-01-11,s10,AXISBANK,Axis Bank Ltd,Banking,EQUITY,1208.860338,1212.094705,1205.894129,1209.421782,735364,FINTRACE_SYNTHETIC,DEMO
2026-01-12,s10,AXISBANK,Axis Bank Ltd,Banking,EQUITY,1207.928126,1211.495726,1205.429686,1208.480201,830392,FINTRACE_SYNTHETIC,DEMO
2026-01-13,s10,AXISBANK,Axis Bank Ltd,Banking,EQUITY,1205.933887,1209.260099,1203.063953,1206.454918,925420,FINTRACE_SYNTHETIC,DEMO
2026-01-14,s10,AXISBANK,Axis Bank Ltd,Banking,EQUITY,1202.988427,1206.039159,1200.006424,1203.459002,1020448,FINTRACE_SYNTHETIC,DEMO
2026-01-15,s10,AXISBANK,Axis Bank Ltd,Banking,EQUITY,1199.285765,1202.666501,1196.722194,1199.69043,1115476,FINTRACE_SYNTHETIC,DEMO
2026-01-16,s10,AXISBANK,Axis Bank Ltd,Banking,EQUITY,1195.084845,1198.253129,1192.300108,1195.413432,1210504,FINTRACE_SYNTHETIC,DEMO
2026-01-17,s10,AXISBANK,Axis Bank Ltd,Banking,EQUITY,1190.685096,1193.404661,1187.715107,1190.933547,1305532,FINTRACE_SYNTHETIC,DEMO
2026-01-18,s10,AXISBANK,Axis Bank Ltd,Banking,EQUITY,1186.39817,1189.483563,1183.7833,1186.568789,450560,FINTRACE_SYNTHETIC,DEMO
2026-01-19,s10,AXISBANK,Axis Bank Ltd,Banking,EQUITY,1182.518548,1185.479608,1179.829661,1182.619646,545588,FINTRACE_SYNTHETIC,DEMO
2026-01-20,s10,AXISBANK,Axis Bank Ltd,Banking,EQUITY,1179.295812,1181.704696,1176.347595,1179.340795,640616,FINTRACE_SYNTHETIC,DEMO
2026-01-21,s10,AXISBANK,Axis Bank Ltd,Banking,EQUITY,1176.91123,1179.769004,1174.243859,1176.917203,735644,FINTRACE_SYNTHETIC,DEMO
2026-01-22,s10,AXISBANK,Axis Bank Ltd,Banking,EQUITY,1175.460887,1178.344045,1172.846723,1175.446917,830672,FINTRACE_SYNTHETIC,DEMO
2026-01-23,s10,AXISBANK,Axis Bank Ltd,Banking,EQUITY,1174.946954,1177.374601,1171.999989,1174.932151,925700,FINTRACE_SYNTHETIC,DEMO
2026-01-24,s10,AXISBANK,Axis Bank Ltd,Banking,EQUITY,1175.277944,1178.078219,1172.547233,1175.27955,1020728,FINTRACE_SYNTHETIC,DEMO
2026-01-25,s10,AXISBANK,Axis Bank Ltd,Banking,EQUITY,1176.277909,1179.224695,1173.753535,1176.309578,1115756,FINTRACE_SYNTHETIC,DEMO
2026-01-26,s10,AXISBANK,Axis Bank Ltd,Banking,EQUITY,1177.703719,1180.289224,1174.78148,1177.774142,1210784,FINTRACE_SYNTHETIC,DEMO
2026-01-27,s10,AXISBANK,Axis Bank Ltd,Banking,EQUITY,1179.268757,1182.130875,1176.469139,1179.380775,1305812,FINTRACE_SYNTHETIC,DEMO
2026-01-28,s10,AXISBANK,Axis Bank Ltd,Banking,EQUITY,1180.67077,1183.766042,1178.218369,1180.821056,450840,FINTRACE_SYNTHETIC,DEMO
2026-01-29,s10,AXISBANK,Axis Bank Ltd,Banking,EQUITY,1181.621235,1184.402921,1178.717553,1181.800574,545868,FINTRACE_SYNTHETIC,DEMO
2026-01-30,s10,AXISBANK,Axis Bank Ltd,Banking,EQUITY,1181.873413,1184.7576,1179.016693,1182.067553,640896,FINTRACE_SYNTHETIC,DEMO
2026-01-31,s10,AXISBANK,Axis Bank Ltd,Banking,EQUITY,1181.246431,1184.390972,1178.876096,1181.43743,735924,FINTRACE_SYNTHETIC,DEMO
2026-02-01,s10,AXISBANK,Axis Bank Ltd,Banking,EQUITY,1179.64309,1182.482754,1176.783299,1179.811024,830952,FINTRACE_SYNTHETIC,DEMO
2026-02-02,s10,AXISBANK,Axis Bank Ltd,Banking,EQUITY,1177.059694,1179.790955,1174.173725,1177.184561,925980,FINTRACE_SYNTHETIC,DEMO
2026-02-03,s10,AXISBANK,Axis Bank Ltd,Banking,EQUITY,1173.586965,1176.579917,1171.164703,1173.650615,1021008,FINTRACE_SYNTHETIC,DEMO
2026-02-04,s10,AXISBANK,Axis Bank Ltd,Banking,EQUITY,1169.401948,1172.117029,1166.603531,1169.389844,1116036,FINTRACE_SYNTHETIC,DEMO
2026-02-05,s10,AXISBANK,Axis Bank Ltd,Banking,EQUITY,1164.751683,1167.253785,1161.768858,1164.654332,1211064,FINTRACE_SYNTHETIC,DEMO
2026-02-06,s10,AXISBANK,Axis Bank Ltd,Banking,EQUITY,1159.930196,1162.809024,1157.269995,1159.744102,1306092,FINTRACE_SYNTHETIC,DEMO
2026-02-07,s10,AXISBANK,Axis Bank Ltd,Banking,EQUITY,1155.250987,1157.991885,1152.283946,1154.979054,451120,FINTRACE_SYNTHETIC,DEMO
2026-02-08,s10,AXISBANK,Axis Bank Ltd,Banking,EQUITY,1151.017657,1153.410981,1147.799596,1150.668984,546148,FINTRACE_SYNTHETIC,DEMO
2026-02-09,s10,AXISBANK,Axis Bank Ltd,Banking,EQUITY,1147.495453,1150.316296,1144.560977,1147.084554,641176,FINTRACE_SYNTHETIC,DEMO
2026-02-10,s10,AXISBANK,Axis Bank Ltd,Banking,EQUITY,1144.886454,1147.652371,1141.825457,1144.431966,736204,FINTRACE_SYNTHETIC,DEMO
2026-02-11,s10,AXISBANK,Axis Bank Ltd,Banking,EQUITY,1143.31075,1145.607491,1139.976765,1142.83376,831232,FINTRACE_SYNTHETIC,DEMO
2026-02-12,s10,AXISBANK,Axis Bank Ltd,Banking,EQUITY,1142.795415,1145.56721,1139.732885,1142.317563,926260,FINTRACE_SYNTHETIC,DEMO
2026-02-13,s10,AXISBANK,Axis Bank Ltd,Banking,EQUITY,1143.272319,1146.074358,1140.281277,1142.813855,1021288,FINTRACE_SYNTHETIC,DEMO
2026-02-14,s10,AXISBANK,Axis Bank Ltd,Banking,EQUITY,1144.584987,1146.944877,1141.306945,1144.162968,1116316,FINTRACE_SYNTHETIC,DEMO
2026-02-15,s10,AXISBANK,Axis Bank Ltd,Banking,EQUITY,1146.503851,1149.237262,1143.471541,1146.130647,1211344,FINTRACE_SYNTHETIC,DEMO
2026-02-16,s10,AXISBANK,Axis Bank Ltd,Banking,EQUITY,1148.748427,1151.593735,1145.96122,1148.430686,1306372,FINTRACE_SYNTHETIC,DEMO
2026-02-17,s10,AXISBANK,Axis Bank Ltd,Banking,EQUITY,1151.014327,1153.467354,1147.895761,1150.752484,451400,FINTRACE_SYNTHETIC,DEMO
2026-02-18,s10,AXISBANK,Axis Bank Ltd,Banking,EQUITY,1153.0025,1155.694893,1150.057532,1152.790888,546428,FINTRACE_SYNTHETIC,DEMO
2026-02-19,s10,AXISBANK,Axis Bank Ltd,Banking,EQUITY,1154.447935,1157.326336,1151.872857,1154.275476,641456,FINTRACE_SYNTHETIC,DEMO
2026-02-20,s10,AXISBANK,Axis Bank Ltd,Banking,EQUITY,1155.145077,1157.684043,1152.156201,1154.996501,736484,FINTRACE_SYNTHETIC,DEMO
2026-02-21,s10,AXISBANK,Axis Bank Ltd,Banking,EQUITY,1154.967538,1157.600165,1152.03649,1154.824994,831512,FINTRACE_SYNTHETIC,DEMO
2026-02-22,s10,AXISBANK,Axis Bank Ltd,Banking,EQUITY,1153.88022,1156.76478,1151.404927,1153.725142,926540,FINTRACE_SYNTHETIC,DEMO
2026-02-23,s10,AXISBANK,Axis Bank Ltd,Banking,EQUITY,1151.942698,1154.546982,1148.962866,1151.757733,1021568,FINTRACE_SYNTHETIC,DEMO
2026-02-24,s10,AXISBANK,Axis Bank Ltd,Banking,EQUITY,1149.303532,1151.852782,1146.259206,1149.074362,1116596,FINTRACE_SYNTHETIC,DEMO
2026-02-25,s10,AXISBANK,Axis Bank Ltd,Banking,EQUITY,1146.186061,1149.047441,1143.542834,1145.902924,1211624,FINTRACE_SYNTHETIC,DEMO
2026-02-26,s10,AXISBANK,Axis Bank Ltd,Banking,EQUITY,1142.867027,1145.516615,1139.800269,1142.525811,1306652,FINTRACE_SYNTHETIC,DEMO
2026-02-27,s10,AXISBANK,Axis Bank Ltd,Banking,EQUITY,1139.650069,1142.103058,1136.43183,1139.252855,451680,FINTRACE_SYNTHETIC,DEMO
2026-02-28,s10,AXISBANK,Axis Bank Ltd,Banking,EQUITY,1136.83661,1139.659442,1133.972199,1136.391634,546708,FINTRACE_SYNTHETIC,DEMO
2026-03-01,s10,AXISBANK,Axis Bank Ltd,Banking,EQUITY,1134.696924,1137.385691,1131.567548,1134.217936,641736,FINTRACE_SYNTHETIC,DEMO
2026-03-02,s10,AXISBANK,Axis Bank Ltd,Banking,EQUITY,1133.444131,1135.805863,1130.124847,1132.949231,736764,FINTRACE_SYNTHETIC,DEMO
2026-03-03,s10,AXISBANK,Axis Bank Ltd,Banking,EQUITY,1133.213606,1136.001326,1130.236276,1132.723657,831792,FINTRACE_SYNTHETIC,DEMO
2026-03-04,s10,AXISBANK,Axis Bank Ltd,Banking,EQUITY,1134.049767,1136.786699,1131.000569,1133.586537,926820,FINTRACE_SYNTHETIC,DEMO
2026-03-05,s10,AXISBANK,Axis Bank Ltd,Banking,EQUITY,1135.901498,1138.188381,1132.6472,1135.485714,1021848,FINTRACE_SYNTHETIC,DEMO
2026-03-06,s10,AXISBANK,Axis Bank Ltd,Banking,EQUITY,1138.626654,1141.390967,1135.704907,1138.276141,1116876,FINTRACE_SYNTHETIC,DEMO
2026-03-07,s10,AXISBANK,Axis Bank Ltd,Banking,EQUITY,1142.005209,1144.801938,1139.198572,1141.733301,1211904,FINTRACE_SYNTHETIC,DEMO
2026-03-08,s10,AXISBANK,Axis Bank Ltd,Banking,EQUITY,1145.759803,1148.117081,1142.714026,1145.574175,1306932,FINTRACE_SYNTHETIC,DEMO
2026-03-09,s10,AXISBANK,Axis Bank Ltd,Banking,EQUITY,1149.581735,1152.325724,1146.820798,1149.483761,451960,FINTRACE_SYNTHETIC,DEMO
2026-03-10,s10,AXISBANK,Axis Bank Ltd,Banking,EQUITY,1153.159913,1156.014591,1150.660154,1153.144618,546988,FINTRACE_SYNTHETIC,DEMO
2026-03-11,s10,AXISBANK,Axis Bank Ltd,Banking,EQUITY,1156.210016,1158.725901,1153.338424,1156.266624,642016,FINTRACE_SYNTHETIC,DEMO
2026-03-12,s10,AXISBANK,Axis Bank Ltd,Banking,EQUITY,1158.501091,1161.323397,1155.757648,1158.61411,737044,FINTRACE_SYNTHETIC,DEMO
2026-03-13,s10,AXISBANK,Axis Bank Ltd,Banking,EQUITY,1159.877032,1162.919241,1157.457693,1160.027787,832072,FINTRACE_SYNTHETIC,DEMO
2026-03-14,s10,AXISBANK,Axis Bank Ltd,Banking,EQUITY,1160.270931,1162.985258,1157.415649,1160.43938,927100,FINTRACE_SYNTHETIC,DEMO
2026-03-15,s10,AXISBANK,Axis Bank Ltd,Banking,EQUITY,1159.710899,1162.525637,1156.913484,1159.877574,1022128,FINTRACE_SYNTHETIC,DEMO
2026-03-16,s10,AXISBANK,Axis Bank Ltd,Banking,EQUITY,1158.316828,1161.360592,1155.982255,1158.464708,1117156,FINTRACE_SYNTHETIC,DEMO
2026-03-17,s10,AXISBANK,Axis Bank Ltd,Banking,EQUITY,1156.288404,1159.014535,1153.479893,1156.404543,1212184,FINTRACE_SYNTHETIC,DEMO
2026-03-18,s10,AXISBANK,Axis Bank Ltd,Banking,EQUITY,1153.885501,1156.526425,1151.060806,1153.962256,1307212,FINTRACE_SYNTHETIC,DEMO
2026-03-19,s10,AXISBANK,Axis Bank Ltd,Banking,EQUITY,1151.402847,1154.313669,1149.036491,1151.438591,452240,FINTRACE_SYNTHETIC,DEMO
2026-03-20,s10,AXISBANK,Axis Bank Ltd,Banking,EQUITY,1149.141368,1151.801566,1146.396073,1149.140615,547268,FINTRACE_SYNTHETIC,DEMO
2026-03-21,s10,AXISBANK,Axis Bank Ltd,Banking,EQUITY,1147.37895,1149.853403,1144.512373,1147.351884,642296,FINTRACE_SYNTHETIC,DEMO
2026-03-22,s10,AXISBANK,Axis Bank Ltd,Banking,EQUITY,1146.343403,1149.191129,1143.869224,1146.304858,737324,FINTRACE_SYNTHETIC,DEMO
2026-03-23,s10,AXISBANK,Axis Bank Ltd,Banking,EQUITY,1146.190218,1148.902786,1143.476179,1146.158203,832352,FINTRACE_SYNTHETIC,DEMO
2026-03-24,s10,AXISBANK,Axis Bank Ltd,Banking,EQUITY,1146.98723,1149.382183,1144.122643,1146.981136,927380,FINTRACE_SYNTHETIC,DEMO
2026-03-25,s10,AXISBANK,Axis Bank Ltd,Banking,EQUITY,1148.707653,1151.574227,1146.189859,1148.746325,1022408,FINTRACE_SYNTHETIC,DEMO
2026-03-26,s10,AXISBANK,Axis Bank Ltd,Banking,EQUITY,1151.232161,1154.107765,1148.60174,1151.332009,1117436,FINTRACE_SYNTHETIC,DEMO
2026-03-27,s10,AXISBANK,Axis Bank Ltd,Banking,EQUITY,1154.35981,1156.862643,1151.474273,1154.533143,1212464,FINTRACE_SYNTHETIC,DEMO
2026-03-28,s10,AXISBANK,Axis Bank Ltd,Banking,EQUITY,1157.826768,1160.894685,1155.215766,1158.080509,1307492,FINTRACE_SYNTHETIC,DEMO
2026-03-29,s10,AXISBANK,Axis Bank Ltd,Banking,EQUITY,1161.331064,1164.508572,1158.748221,1161.665977,452520,FINTRACE_SYNTHETIC,DEMO
2026-03-30,s10,AXISBANK,Axis Bank Ltd,Banking,EQUITY,1164.56101,1167.363175,1161.652887,1164.971496,547548,FINTRACE_SYNTHETIC,DEMO
2026-03-31,s10,AXISBANK,Axis Bank Ltd,Banking,EQUITY,1167.224569,1170.489558,1164.52452,1167.699069,642576,FINTRACE_SYNTHETIC,DEMO
2026-04-01,s10,AXISBANK,Axis Bank Ltd,Banking,EQUITY,1169.076893,1172.492603,1166.55319,1169.59885,737604,FINTRACE_SYNTHETIC,DEMO
2026-04-02,s10,AXISBANK,Axis Bank Ltd,Banking,EQUITY,1169.943389,1172.977203,1167.036396,1170.492685,832632,FINTRACE_SYNTHETIC,DEMO
2026-04-03,s10,AXISBANK,Axis Bank Ltd,Banking,EQUITY,1169.736127,1173.031238,1166.9696,1170.290848,927660,FINTRACE_SYNTHETIC,DEMO
2026-04-04,s10,AXISBANK,Axis Bank Ltd,Banking,EQUITY,1168.462024,1171.913307,1166.019687,1169.000399,1022688,FINTRACE_SYNTHETIC,DEMO
2026-04-05,s10,AXISBANK,Axis Bank Ltd,Banking,EQUITY,1166.222021,1169.279233,1163.350113,1166.724336,1117716,FINTRACE_SYNTHETIC,DEMO
2026-04-06,s10,AXISBANK,Axis Bank Ltd,Banking,EQUITY,1163.201332,1166.312568,1160.398431,1163.651656,1212744,FINTRACE_SYNTHETIC,DEMO
2026-04-07,s10,AXISBANK,Axis Bank Ltd,Banking,EQUITY,1159.651711,1162.938887,1157.309318,1160.039249,1307772,FINTRACE_SYNTHETIC,DEMO
2026-04-08,s10,AXISBANK,Axis Bank Ltd,Banking,EQUITY,1155.867398,1158.792462,1153.0573,1156.187361,452800,FINTRACE_SYNTHETIC,DEMO
2026-04-09,s10,AXISBANK,Axis Bank Ltd,Banking,EQUITY,1152.157071,1154.97625,1149.338892,1152.410968,547828,FINTRACE_SYNTHETIC,DEMO
2026-04-10,s10,AXISBANK,Axis Bank Ltd,Banking,EQUITY,1148.814448,1151.879336,1146.458468,1149.009783,642856,FINTRACE_SYNTHETIC,DEMO
2026-04-11,s10,AXISBANK,Axis Bank Ltd,Banking,EQUITY,1146.090365,1148.889288,1143.34993,1146.239761,737884,FINTRACE_SYNTHETIC,DEMO
2026-04-12,s10,AXISBANK,Axis Bank Ltd,Banking,EQUITY,1144.168974,1146.761407,1141.338948,1144.288814,832912,FINTRACE_SYNTHETIC,DEMO
2026-04-13,s10,AXISBANK,Axis Bank Ltd,Banking,EQUITY,1143.150347,1146.100359,1140.72632,1143.259054,927940,FINTRACE_SYNTHETIC,DEMO
2026-04-14,s10,AXISBANK,Axis Bank Ltd,Banking,EQUITY,1143.04112,1145.859186,1140.362696,1143.157253,1022968,FINTRACE_SYNTHETIC,DEMO
2026-04-15,s10,AXISBANK,Axis Bank Ltd,Banking,EQUITY,1143.754092,1146.287905,1140.904554,1143.894431,1117996,FINTRACE_SYNTHETIC,DEMO
2026-04-16,s10,AXISBANK,Axis Bank Ltd,Banking,EQUITY,1145.116804,1148.115938,1142.61157,1145.294609,1213024,FINTRACE_SYNTHETIC,DEMO
2026-04-17,s10,AXISBANK,Axis Bank Ltd,Banking,EQUITY,1146.88828,1149.874563,1144.263625,1147.111892,1308052,FINTRACE_SYNTHETIC,DEMO
2026-04-18,s10,AXISBANK,Axis Bank Ltd,Banking,EQUITY,1148.782326,1151.377775,1145.910932,1149.054247,453080,FINTRACE_SYNTHETIC,DEMO
2026-04-19,s10,AXISBANK,Axis Bank Ltd,Banking,EQUITY,1150.495186,1153.61081,1147.905108,1150.811719,548108,FINTRACE_SYNTHETIC,DEMO
2026-04-20,s10,AXISBANK,Axis Bank Ltd,Banking,EQUITY,1151.734887,1154.903224,1149.168839,1152.086375,643136,FINTRACE_SYNTHETIC,DEMO
2026-04-21,s10,AXISBANK,Axis Bank Ltd,Banking,EQUITY,1152.249498,1154.982393,1149.371601,1152.621144,738164,FINTRACE_SYNTHETIC,DEMO
2026-04-22,s10,AXISBANK,Axis Bank Ltd,Banking,EQUITY,1151.851594,1154.981461,1149.191093,1152.224775,833192,FINTRACE_SYNTHETIC,DEMO
2026-04-23,s10,AXISBANK,Axis Bank Ltd,Banking,EQUITY,1150.436592,1153.63613,1147.948307,1150.79055,928220,FINTRACE_SYNTHETIC,DEMO
2026-04-24,s10,AXISBANK,Axis Bank Ltd,Banking,EQUITY,1147.993212,1150.739454,1145.139535,1148.30696,1023248,FINTRACE_SYNTHETIC,DEMO
2026-04-25,s10,AXISBANK,Axis Bank Ltd,Banking,EQUITY,1144.605064,1147.543844,1141.901451,1144.859322,1118276,FINTRACE_SYNTHETIC,DEMO
2026-04-26,s10,AXISBANK,Axis Bank Ltd,Banking,EQUITY,1140.443201,1143.463441,1138.054468,1140.622178,1213304,FINTRACE_SYNTHETIC,DEMO
2026-04-27,s10,AXISBANK,Axis Bank Ltd,Banking,EQUITY,1135.750349,1138.325824,1132.951592,1135.843209,1308332,FINTRACE_SYNTHETIC,DEMO
2026-04-28,s10,AXISBANK,Axis Bank Ltd,Banking,EQUITY,1130.818318,1133.410104,1128.096336,1130.82018,453360,FINTRACE_SYNTHETIC,DEMO
2026-04-29,s10,AXISBANK,Axis Bank Ltd,Banking,EQUITY,1125.96074,1128.774975,1123.593982,1125.873123,548388,FINTRACE_SYNTHETIC,DEMO
2026-04-30,s10,AXISBANK,Axis Bank Ltd,Banking,EQUITY,1121.48373,1124.006347,1118.585813,1121.314401,643416,FINTRACE_SYNTHETIC,DEMO
2026-05-01,s10,AXISBANK,Axis Bank Ltd,Banking,EQUITY,1117.657266,1120.149587,1114.688544,1117.4195,738444,FINTRACE_SYNTHETIC,DEMO
2026-05-02,s10,AXISBANK,Axis Bank Ltd,Banking,EQUITY,1114.690015,1117.474336,1112.120851,1114.401349,833472,FINTRACE_SYNTHETIC,DEMO
2026-05-03,s10,AXISBANK,Axis Bank Ltd,Banking,EQUITY,1112.710002,1115.278159,1109.727678,1112.390583,928500,FINTRACE_SYNTHETIC,DEMO
2026-05-04,s10,AXISBANK,Axis Bank Ltd,Banking,EQUITY,1111.752954,1114.159894,1108.676228,1111.423659,1023528,FINTRACE_SYNTHETIC,DEMO
2026-05-05,s10,AXISBANK,Axis Bank Ltd,Banking,EQUITY,1111.759441,1114.523625,1109.087926,1111.439933,1118556,FINTRACE_SYNTHETIC,DEMO
2026-05-06,s10,AXISBANK,Axis Bank Ltd,Banking,EQUITY,1112.581071,1115.20734,1109.67806,1112.287986,1213584,FINTRACE_SYNTHETIC,DEMO
2026-05-07,s10,AXISBANK,Axis Bank Ltd,Banking,EQUITY,1113.995156,1116.330911,1110.966756,1113.740585,1308612,FINTRACE_SYNTHETIC,DEMO
2026-05-08,s10,AXISBANK,Axis Bank Ltd,Banking,EQUITY,1115.726442,1118.476767,1113.080965,1115.516859,453640,FINTRACE_SYNTHETIC,DEMO
2026-05-09,s10,AXISBANK,Axis Bank Ltd,Banking,EQUITY,1117.473827,1120.162247,1114.74857,1117.30956,548668,FINTRACE_SYNTHETIC,DEMO
2026-05-10,s10,AXISBANK,Axis Bank Ltd,Banking,EQUITY,1118.939527,1121.207105,1116.01858,1118.814828,643696,FINTRACE_SYNTHETIC,DEMO
2026-05-11,s10,AXISBANK,Axis Bank Ltd,Banking,EQUITY,1119.8579,1122.584175,1117.245006,1119.761598,738724,FINTRACE_SYNTHETIC,DEMO
2026-05-12,s10,AXISBANK,Axis Bank Ltd,Banking,EQUITY,1120.021172,1122.757342,1117.438252,1119.937858,833752,FINTRACE_SYNTHETIC,DEMO
2026-05-13,s10,AXISBANK,Axis Bank Ltd,Banking,EQUITY,1119.299629,1121.587684,1116.415406,1119.211245,928780,FINTRACE_SYNTHETIC,DEMO
2026-05-14,s10,AXISBANK,Axis Bank Ltd,Banking,EQUITY,1117.654327,1120.331352,1114.964662,1117.54202,1023808,FINTRACE_SYNTHETIC,DEMO
2026-05-15,s10,AXISBANK,Axis Bank Ltd,Banking,EQUITY,1115.141123,1117.896924,1112.570912,1114.987181,1118836,FINTRACE_SYNTHETIC,DEMO
2026-05-16,s10,AXISBANK,Axis Bank Ltd,Banking,EQUITY,1111.905629,1114.256227,1108.930721,1111.695312,1213864,FINTRACE_SYNTHETIC,DEMO
2026-05-17,s10,AXISBANK,Axis Bank Ltd,Banking,EQUITY,1108.169579,1110.771606,1105.279173,1107.892671,1308892,FINTRACE_SYNTHETIC,DEMO
2026-05-18,s10,AXISBANK,Axis Bank Ltd,Banking,EQUITY,1104.209899,1106.959514,1101.544934,1103.861837,453920,FINTRACE_SYNTHETIC,DEMO
2026-05-19,s10,AXISBANK,Axis Bank Ltd,Banking,EQUITY,1100.332478,1102.732948,1097.202703,1099.91494,548948,FINTRACE_SYNTHETIC,DEMO
2026-05-20,s10,AXISBANK,Axis Bank Ltd,Banking,EQUITY,1096.843143,1099.359189,1093.727837,1096.36405,643976,FINTRACE_SYNTHETIC,DEMO
2026-05-21,s10,AXISBANK,Axis Bank Ltd,Banking,EQUITY,1094.018596,1096.752737,1091.273091,1093.491514,739004,FINTRACE_SYNTHETIC,DEMO
2026-05-22,s10,AXISBANK,Axis Bank Ltd,Banking,EQUITY,1092.080088,1094.532365,1088.864615,1091.5231,834032,FINTRACE_SYNTHETIC,DEMO
2026-05-23,s10,AXISBANK,Axis Bank Ltd,Banking,EQUITY,1091.172345,1093.609885,1087.9433,1090.606487,929060,FINTRACE_SYNTHETIC,DEMO
2026-05-24,s10,AXISBANK,Axis Bank Ltd,Banking,EQUITY,1091.349744,1094.076192,1088.569776,1090.797162,1024088,FINTRACE_SYNTHETIC,DEMO
2026-05-25,s10,AXISBANK,Axis Bank Ltd,Banking,EQUITY,1092.571063,1095.088917,1089.435881,1092.053061,1119116,FINTRACE_SYNTHETIC,DEMO
2026-05-26,s10,AXISBANK,Axis Bank Ltd,Banking,EQUITY,1094.703307,1097.077901,1091.535145,1094.238475,1214144,FINTRACE_SYNTHETIC,DEMO
2026-05-27,s10,AXISBANK,Axis Bank Ltd,Banking,EQUITY,1097.534243,1100.264166,1094.819829,1097.13684,1309172,FINTRACE_SYNTHETIC,DEMO
2026-05-28,s10,AXISBANK,Axis Bank Ltd,Banking,EQUITY,1100.792449,1103.387499,1097.8855,1100.471195,454200,FINTRACE_SYNTHETIC,DEMO
2026-05-29,s10,AXISBANK,Axis Bank Ltd,Banking,EQUITY,1104.172973,1106.492923,1101.181934,1103.930365,549228,FINTRACE_SYNTHETIC,DEMO
2026-05-30,s10,AXISBANK,Axis Bank Ltd,Banking,EQUITY,1107.366146,1110.097642,1104.785197,1107.19836,644256,FINTRACE_SYNTHETIC,DEMO
2026-05-31,s10,AXISBANK,Axis Bank Ltd,Banking,EQUITY,1110.086816,1112.754577,1107.436035,1109.984209,739284,FINTRACE_SYNTHETIC,DEMO
2026-06-01,s10,AXISBANK,Axis Bank Ltd,Banking,EQUITY,1112.101205,1114.359838,1109.270307,1112.049364,834312,FINTRACE_SYNTHETIC,DEMO
2026-06-02,s10,AXISBANK,Axis Bank Ltd,Banking,EQUITY,1113.248841,1115.961446,1110.732455,1113.230076,929340,FINTRACE_SYNTHETIC,DEMO
2026-06-03,s10,AXISBANK,Axis Bank Ltd,Banking,EQUITY,1113.45747,1116.1753,1110.963132,1113.452618,1024368,FINTRACE_SYNTHETIC,DEMO
2026-06-04,s10,AXISBANK,Axis Bank Ltd,Banking,EQUITY,1112.74953,1115.019288,1109.959799,1112.739885,1119396,FINTRACE_SYNTHETIC,DEMO
2026-06-05,s10,AXISBANK,Axis Bank Ltd,Banking,EQUITY,1111.239569,1113.904224,1108.649913,1111.208764,1214424,FINTRACE_SYNTHETIC,DEMO
2026-06-06,s10,AXISBANK,Axis Bank Ltd,Banking,EQUITY,1109.122865,1111.862132,1106.650477,1109.058517,1309452,FINTRACE_SYNTHETIC,DEMO
2026-06-07,s10,AXISBANK,Axis Bank Ltd,Banking,EQUITY,1106.656318,1108.991045,1103.798394,1106.551288,454480,FINTRACE_SYNTHETIC,DEMO
2026-06-08,s10,AXISBANK,Axis Bank Ltd,Banking,EQUITY,1104.13346,1106.729503,1101.38573,1103.986598,549508,FINTRACE_SYNTHETIC,DEMO
2026-06-09,s10,AXISBANK,Axis Bank Ltd,Banking,EQUITY,1101.855944,1104.598712,1099.355175,1101.672258,644536,FINTRACE_SYNTHETIC,DEMO
2026-06-10,s10,AXISBANK,Axis Bank Ltd,Banking,EQUITY,1100.104257,1102.499685,1097.180543,1099.894478,739564,FINTRACE_SYNTHETIC,DEMO
2026-06-11,s10,AXISBANK,Axis Bank Ltd,Banking,EQUITY,1099.110431,1101.6356,1096.250614,1098.890024,834592,FINTRACE_SYNTHETIC,DEMO
2026-06-12,s10,AXISBANK,Axis Bank Ltd,Banking,EQUITY,1099.035366,1101.781744,1096.58899,1098.823083,929620,FINTRACE_SYNTHETIC,DEMO
2026-06-13,s10,AXISBANK,Axis Bank Ltd,Banking,EQUITY,1099.952935,1102.41864,1097.088093,1099.769033,1024648,FINTRACE_SYNTHETIC,DEMO
2026-06-14,s10,AXISBANK,Axis Bank Ltd,Banking,EQUITY,1101.842373,1104.308049,1099.018694,1101.706686,1119676,FINTRACE_SYNTHETIC,DEMO
2026-06-15,s10,AXISBANK,Axis Bank Ltd,Banking,EQUITY,1104.589698,1107.349611,1102.2692,1104.519734,1214704,FINTRACE_SYNTHETIC,DEMO
2026-06-16,s10,AXISBANK,Axis Bank Ltd,Banking,EQUITY,1107.998012,1110.556785,1105.339649,1108.00726,1309732,FINTRACE_SYNTHETIC,DEMO
2026-06-17,s10,AXISBANK,Axis Bank Ltd,Banking,EQUITY,1111.805719,1114.318856,1109.060674,1111.902332,454760,FINTRACE_SYNTHETIC,DEMO
2026-06-18,s10,AXISBANK,Axis Bank Ltd,Banking,EQUITY,1115.710921,1118.673567,1113.359501,1115.896886,549788,FINTRACE_SYNTHETIC,DEMO
2026-06-19,s10,AXISBANK,Axis Bank Ltd,Banking,EQUITY,1119.399656,1122.30663,1116.765959,1119.670557,644816,FINTRACE_SYNTHETIC,DEMO
2026-06-20,s10,AXISBANK,Axis Bank Ltd,Banking,EQUITY,1122.575314,1125.284882,1119.781489,1122.920679,739844,FINTRACE_SYNTHETIC,DEMO
2026-06-21,s10,AXISBANK,Axis Bank Ltd,Banking,EQUITY,1124.986406,1128.168357,1122.539128,1125.390633,834872,FINTRACE_SYNTHETIC,DEMO
2026-06-22,s10,AXISBANK,Axis Bank Ltd,Banking,EQUITY,1126.450057,1129.598994,1123.860075,1126.893809,929900,FINTRACE_SYNTHETIC,DEMO
2026-06-23,s10,AXISBANK,Axis Bank Ltd,Banking,EQUITY,1126.868969,1129.625469,1124.053209,1127.330926,1024928,FINTRACE_SYNTHETIC,DEMO
2026-06-24,s10,AXISBANK,Axis Bank Ltd,Banking,EQUITY,1126.240266,1129.446836,1123.717819,1126.699048,1119956,FINTRACE_SYNTHETIC,DEMO
2026-06-25,s10,AXISBANK,Axis Bank Ltd,Banking,EQUITY,1124.655346,1127.835297,1122.136434,1125.091438,1214984,FINTRACE_SYNTHETIC,DEMO
2026-06-26,s10,AXISBANK,Axis Bank Ltd,Banking,EQUITY,1122.290786,1124.973353,1119.486464,1122.688277,1310012,FINTRACE_SYNTHETIC,DEMO
2026-06-27,s10,AXISBANK,Axis Bank Ltd,Banking,EQUITY,1119.391154,1122.427143,1116.817416,1119.739123,455040,FINTRACE_SYNTHETIC,DEMO
2026-06-28,s10,AXISBANK,Axis Bank Ltd,Banking,EQUITY,1116.245364,1119.294659,1113.817085,1116.538789,550068,FINTRACE_SYNTHETIC,DEMO
2026-06-29,s10,AXISBANK,Axis Bank Ltd,Banking,EQUITY,1113.158851,1115.74308,1110.388458,1113.398941,645096,FINTRACE_SYNTHETIC,DEMO
2026-06-30,s10,AXISBANK,Axis Bank Ltd,Banking,EQUITY,1110.42419,1113.232899,1107.811623,1110.618126,740124,FINTRACE_SYNTHETIC,DEMO
2026-07-01,s10,AXISBANK,Axis Bank Ltd,Banking,EQUITY,1108.292991,1111.211244,1105.957189,1108.453089,835152,FINTRACE_SYNTHETIC,DEMO
2026-07-02,s10,AXISBANK,Axis Bank Ltd,Banking,EQUITY,1106.951728,1109.500168,1104.218661,1107.094108,930180,FINTRACE_SYNTHETIC,DEMO
2026-07-03,s10,AXISBANK,Axis Bank Ltd,Banking,EQUITY,1106.503819,1109.193121,1103.849052,1106.646714,1025208,FINTRACE_SYNTHETIC,DEMO
2026-07-04,s10,AXISBANK,Axis Bank Ltd,Banking,EQUITY,1106.959664,1109.887754,1104.704141,1107.121516,1120236,FINTRACE_SYNTHETIC,DEMO
2026-07-05,s10,AXISBANK,Axis Bank Ltd,Banking,EQUITY,1108.235586,1110.913542,1105.531656,1108.433133,1215264,FINTRACE_SYNTHETIC,DEMO
2026-07-06,s10,AXISBANK,Axis Bank Ltd,Banking,EQUITY,1110.161788,1112.897457,1107.455522,1110.408301,1310292,FINTRACE_SYNTHETIC,DEMO
2026-07-07,s10,AXISBANK,Axis Bank Ltd,Banking,EQUITY,1112.498553,1115.583191,1110.236672,1112.80241,455320,FINTRACE_SYNTHETIC,DEMO
2026-07-08,s10,AXISBANK,Axis Bank Ltd,Banking,EQUITY,1114.959151,1117.885283,1112.281134,1115.32288,550348,FINTRACE_SYNTHETIC,DEMO
2026-07-09,s10,AXISBANK,Axis Bank Ltd,Banking,EQUITY,1117.237273,1120.090813,1114.480552,1117.657149,645376,FINTRACE_SYNTHETIC,DEMO
2026-07-10,s10,AXISBANK,Axis Bank Ltd,Banking,EQUITY,1119.036361,1122.289306,1116.682775,1119.502609,740404,FINTRACE_SYNTHETIC,DEMO
2026-07-11,s10,AXISBANK,Axis Bank Ltd,Banking,EQUITY,1120.098059,1123.230365,1117.459222,1120.595629,835432,FINTRACE_SYNTHETIC,DEMO
2026-07-12,s10,AXISBANK,Axis Bank Ltd,Banking,EQUITY,1120.227045,1123.101352,1117.440132,1120.736903,930460,FINTRACE_SYNTHETIC,DEMO
2026-07-13,s10,AXISBANK,Axis Bank Ltd,Banking,EQUITY,1119.309907,1122.576372,1116.879624,1119.810703,1025488,FINTRACE_SYNTHETIC,DEMO
2026-07-14,s10,AXISBANK,Axis Bank Ltd,Banking,EQUITY,1117.326231,1120.476566,1114.753279,1117.796199,1120516,FINTRACE_SYNTHETIC,DEMO
2026-07-15,s10,AXISBANK,Axis Bank Ltd,Banking,EQUITY,1114.350866,1117.043663,1111.566756,1114.769768,1215544,FINTRACE_SYNTHETIC,DEMO
2026-07-16,s10,AXISBANK,Axis Bank Ltd,Banking,EQUITY,1110.547137,1113.609657,1108.064161,1110.898066,1310572,FINTRACE_SYNTHETIC,DEMO
2026-07-17,s10,AXISBANK,Axis Bank Ltd,Banking,EQUITY,1106.151652,1109.118496,1103.669897,1106.422533,455600,FINTRACE_SYNTHETIC,DEMO
2026-07-18,s10,AXISBANK,Axis Bank Ltd,Banking,EQUITY,1101.452155,1103.874147,1098.69958,1101.636783,550628,FINTRACE_SYNTHETIC,DEMO
2026-07-19,s10,AXISBANK,Axis Bank Ltd,Banking,EQUITY,1096.760528,1099.495045,1094.242725,1096.859064,645656,FINTRACE_SYNTHETIC,DEMO
2026-07-20,s10,AXISBANK,Axis Bank Ltd,Banking,EQUITY,1092.383517,1095.096961,1090.002628,1092.402382,740684,FINTRACE_SYNTHETIC,DEMO
2026-07-21,s10,AXISBANK,Axis Bank Ltd,Banking,EQUITY,1088.593972,1090.881173,1085.835024,1088.545154,835712,FINTRACE_SYNTHETIC,DEMO
2026-07-22,s10,AXISBANK,Axis Bank Ltd,Banking,EQUITY,1085.605331,1088.16459,1082.954656,1085.505175,930740,FINTRACE_SYNTHETIC,DEMO
2026-07-23,s10,AXISBANK,Axis Bank Ltd,Banking,EQUITY,1083.551794,1086.246935,1081.131328,1083.419385,1025768,FINTRACE_SYNTHETIC,DEMO
2026-07-24,s10,AXISBANK,Axis Bank Ltd,Banking,EQUITY,1082.476062,1084.824118,1079.657435,1082.331355,1120796,FINTRACE_SYNTHETIC,DEMO
2026-07-25,s10,AXISBANK,Axis Bank Ltd,Banking,EQUITY,1082.325807,1084.820064,1079.594162,1082.187689,1215824,FINTRACE_SYNTHETIC,DEMO
2026-07-26,s10,AXISBANK,Axis Bank Ltd,Banking,EQUITY,1082.959216,1085.664701,1080.632518,1082.84368,1310852,FINTRACE_SYNTHETIC,DEMO
2026-07-27,s10,AXISBANK,Axis Bank Ltd,Banking,EQUITY,1084.15907,1086.580928,1081.430424,1084.077675,455880,FINTRACE_SYNTHETIC,DEMO
2026-07-28,s10,AXISBANK,Axis Bank Ltd,Banking,EQUITY,1085.654012,1088.091874,1082.968699,1085.612781,550908,FINTRACE_SYNTHETIC,DEMO
2026-07-29,s10,AXISBANK,Axis Bank Ltd,Banking,EQUITY,1087.144985,1089.861949,1084.93831,1087.143838,645936,FINTRACE_SYNTHETIC,DEMO
2026-07-30,s10,AXISBANK,Axis Bank Ltd,Banking,EQUITY,1088.3343,1090.863669,1085.717385,1088.36708,740964,FINTRACE_SYNTHETIC,DEMO
2026-07-31,s10,AXISBANK,Axis Bank Ltd,Banking,EQUITY,1088.954573,1091.38545,1086.269369,1089.009667,835992,FINTRACE_SYNTHETIC,DEMO
2026-08-01,s10,AXISBANK,Axis Bank Ltd,Banking,EQUITY,1088.794765,1091.567638,1086.509502,1088.856252,931020,FINTRACE_SYNTHETIC,DEMO
2026-08-02,s10,AXISBANK,Axis Bank Ltd,Banking,EQUITY,1087.720835,1090.324177,1085.15491,1087.770061,1026048,FINTRACE_SYNTHETIC,DEMO
2026-08-03,s10,AXISBANK,Axis Bank Ltd,Banking,EQUITY,1085.689051,1088.001695,1082.989137,1085.706467,1121076,FINTRACE_SYNTHETIC,DEMO
2026-08-04,s10,AXISBANK,Axis Bank Ltd,Banking,EQUITY,1082.750661,1085.426422,1080.371442,1082.717766,1216104,FINTRACE_SYNTHETIC,DEMO
2026-08-05,s10,AXISBANK,Axis Bank Ltd,Banking,EQUITY,1079.047502,1081.632045,1076.460323,1078.948687,1311132,FINTRACE_SYNTHETIC,DEMO
2026-08-06,s10,AXISBANK,Axis Bank Ltd,Banking,EQUITY,1074.798946,1076.99605,1071.938627,1074.623081,456160,FINTRACE_SYNTHETIC,DEMO
2026-08-07,s10,AXISBANK,Axis Bank Ltd,Banking,EQUITY,1070.281433,1072.896098,1067.634844,1070.023029,551188,FINTRACE_SYNTHETIC,DEMO
2026-08-08,s10,AXISBANK,Axis Bank Ltd,Banking,EQUITY,1065.802539,1068.397209,1063.067812,1065.462385,646216,FINTRACE_SYNTHETIC,DEMO
2026-08-09,s10,AXISBANK,Axis Bank Ltd,Banking,EQUITY,1061.672046,1063.823553,1058.604855,1061.257251,741244,FINTRACE_SYNTHETIC,DEMO
2026-08-10,s10,AXISBANK,Axis Bank Ltd,Banking,EQUITY,1058.172772,1060.718535,1055.271881,1057.696218,836272,FINTRACE_SYNTHETIC,DEMO
2026-08-11,s10,AXISBANK,Axis Bank Ltd,Banking,EQUITY,1055.533943,1058.135884,1052.709401,1055.013191,931300,FINTRACE_SYNTHETIC,DEMO
2026-08-12,s10,AXISBANK,Axis Bank Ltd,Banking,EQUITY,1053.909638,1056.119393,1050.741926,1053.365392,1026328,FINTRACE_SYNTHETIC,DEMO
2026-08-13,s10,AXISBANK,Axis Bank Ltd,Banking,EQUITY,1053.364363,1055.85086,1050.348271,1052.818644,1121356,FINTRACE_SYNTHETIC,DEMO
2026-08-14,s10,AXISBANK,Axis Bank Ltd,Banking,EQUITY,1053.867131,1056.487373,1051.112253,1053.341328,1216384,FINTRACE_SYNTHETIC,DEMO
2026-08-15,s10,AXISBANK,Axis Bank Ltd,Banking,EQUITY,1055.294607,1057.5793,1052.20011,1054.807592,1311412,FINTRACE_SYNTHETIC,DEMO
2026-08-16,s10,AXISBANK,Axis Bank Ltd,Banking,EQUITY,1057.443017,1059.883629,1054.479182,1057.009502,456440,FINTRACE_SYNTHETIC,DEMO
2026-08-17,s10,AXISBANK,Axis Bank Ltd,Banking,EQUITY,1060.047689,1062.695521,1057.508459,1059.676986,551468,FINTRACE_SYNTHETIC,DEMO
2026-08-18,s10,AXISBANK,Axis Bank Ltd,Banking,EQUITY,1062.80836,1065.178357,1059.906902,1062.503652,646496,FINTRACE_SYNTHETIC,DEMO
2026-08-19,s10,AXISBANK,Axis Bank Ltd,Banking,EQUITY,1065.417834,1067.814353,1062.584062,1065.176036,741524,FINTRACE_SYNTHETIC,DEMO
2026-08-20,s10,AXISBANK,Axis Bank Ltd,Banking,EQUITY,1067.591264,1070.259611,1065.242714,1067.403477,836552,FINTRACE_SYNTHETIC,DEMO
2026-08-21,s10,AXISBANK,Axis Bank Ltd,Banking,EQUITY,1069.093261,1071.541798,1066.372723,1068.945782,931580,FINTRACE_SYNTHETIC,DEMO
2026-08-22,s10,AXISBANK,Axis Bank Ltd,Banking,EQUITY,1069.760247,1072.09844,1067.000207,1069.636036,1026608,FINTRACE_SYNTHETIC,DEMO
2026-08-23,s10,AXISBANK,Axis Bank Ltd,Banking,EQUITY,1069.515931,1072.180072,1067.156484,1069.396388,1121636,FINTRACE_SYNTHETIC,DEMO
2026-08-24,s10,AXISBANK,Axis Bank Ltd,Banking,EQUITY,1068.37841,1070.883584,1065.72205,1068.245308,1216664,FINTRACE_SYNTHETIC,DEMO
2026-08-25,s10,AXISBANK,Axis Bank Ltd,Banking,EQUITY,1066.458251,1068.717378,1063.645028,1066.295617,1311692,FINTRACE_SYNTHETIC,DEMO
2026-08-26,s10,AXISBANK,Axis Bank Ltd,Banking,EQUITY,1063.947707,1066.578554,1061.442732,1063.743493,456720,FINTRACE_SYNTHETIC,DEMO
2026-08-27,s10,AXISBANK,Axis Bank Ltd,Banking,EQUITY,1061.102117,1063.640783,1058.399164,1060.849485,551748,FINTRACE_SYNTHETIC,DEMO
2026-08-28,s10,AXISBANK,Axis Bank Ltd,Banking,EQUITY,1058.215256,1060.383122,1055.271086,1057.913364,646776,FINTRACE_SYNTHETIC,DEMO
2026-08-29,s10,AXISBANK,Axis Bank Ltd,Banking,EQUITY,1055.590989,1058.171914,1052.89414,1055.245196,741804,FINTRACE_SYNTHETIC,DEMO
2026-08-30,s10,AXISBANK,Axis Bank Ltd,Banking,EQUITY,1053.51393,1056.076358,1050.764495,1053.135403,836832,FINTRACE_SYNTHETIC,DEMO
2026-08-31,s10,AXISBANK,Axis Bank Ltd,Banking,EQUITY,1052.221906,1054.34961,1049.197614,1051.826666,931860,FINTRACE_SYNTHETIC,DEMO
2026-09-01,s10,AXISBANK,Axis Bank Ltd,Banking,EQUITY,1051.88286,1054.416194,1049.084033,1051.490357,1026888,FINTRACE_SYNTHETIC,DEMO
2026-09-02,s10,AXISBANK,Axis Bank Ltd,Banking,EQUITY,1052.578387,1055.171312,1049.907741,1052.209733,1121916,FINTRACE_SYNTHETIC,DEMO
2026-09-03,s10,AXISBANK,Axis Bank Ltd,Banking,EQUITY,1054.295477,1056.50146,1051.345664,1053.971521,1216944,FINTRACE_SYNTHETIC,DEMO
2026-09-04,s10,AXISBANK,Axis Bank Ltd,Banking,EQUITY,1056.927263,1059.425397,1054.190657,1056.666672,1311972,FINTRACE_SYNTHETIC,DEMO
2026-09-05,s10,AXISBANK,Axis Bank Ltd,Banking,EQUITY,1060.282693,1062.917775,1057.852299,1060.100235,457000,FINTRACE_SYNTHETIC,DEMO
2026-09-06,s10,AXISBANK,Axis Bank Ltd,Banking,EQUITY,1064.104215,1066.403528,1061.377641,1064.009403,552028,FINTRACE_SYNTHETIC,DEMO
2025-12-29,s11,NIFTY50,NIFTY 50,Benchmark,INDEX,24971.195566,25023.616283,24908.767578,24973.668945,450000,FINTRACE_SYNTHETIC,DEMO
2025-12-30,s11,NIFTY50,NIFTY 50,Benchmark,INDEX,24942.140218,25004.606045,24885.51779,24944.22268,552947,FINTRACE_SYNTHETIC,DEMO
2025-12-31,s11,NIFTY50,NIFTY 50,Benchmark,INDEX,24931.004647,24994.263809,24875.955158,24933.061901,655894,FINTRACE_SYNTHETIC,DEMO
2026-01-01,s11,NIFTY50,NIFTY 50,Benchmark,INDEX,24939.112988,24993.180718,24876.889995,24941.537768,758841,FINTRACE_SYNTHETIC,DEMO
2026-01-02,s11,NIFTY50,NIFTY 50,Benchmark,INDEX,24965.80941,25028.367319,24907.71842,24968.981063,861788,FINTRACE_SYNTHETIC,DEMO
2026-01-03,s11,NIFTY50,NIFTY 50,Benchmark,INDEX,25008.515286,25074.778729,24954.951271,25012.760537,964735,FINTRACE_SYNTHETIC,DEMO
2026-01-04,s11,NIFTY50,NIFTY 50,Benchmark,INDEX,25062.970439,25122.168394,25000.812139,25068.529068,1067682,FINTRACE_SYNTHETIC,DEMO
2026-01-05,s11,NIFTY50,NIFTY 50,Benchmark,INDEX,25123.635471,25189.150724,25063.917817,25130.634211,1170629,FINTRACE_SYNTHETIC,DEMO
2026-01-06,s11,NIFTY50,NIFTY 50,Benchmark,INDEX,25184.216846,25255.501578,25132.01626,25192.65399,1273576,FINTRACE_SYNTHETIC,DEMO
2026-01-07,s11,NIFTY50,NIFTY 50,Benchmark,INDEX,25238.26469,25303.705498,25176.290487,25248.006899,1376523,FINTRACE_SYNTHETIC,DEMO
2026-01-08,s11,NIFTY50,NIFTY 50,Benchmark,INDEX,25279.786313,25348.038411,25218.620965,25290.577951,529470,FINTRACE_SYNTHETIC,DEMO
2026-01-09,s11,NIFTY50,NIFTY 50,Benchmark,INDEX,25303.816991,25378.589229,25253.153363,25315.3011,632417,FINTRACE_SYNTHETIC,DEMO
2026-01-10,s11,NIFTY50,NIFTY 50,Benchmark,INDEX,25306.893581,25376.072461,25245.602133,25318.642527,735364,FINTRACE_SYNTHETIC,DEMO
2026-01-11,s11,NIFTY50,NIFTY 50,Benchmark,INDEX,25287.385824,25354.851469,25225.337574,25298.938702,838311,FINTRACE_SYNTHETIC,DEMO
2026-01-12,s11,NIFTY50,NIFTY 50,Benchmark,INDEX,25245.653741,25319.579772,25193.436424,25256.556993,941258,FINTRACE_SYNTHETIC,DEMO
2026-01-13,s11,NIFTY50,NIFTY 50,Benchmark,INDEX,25184.016115,25252.442863,25124.082086,25193.863504,1044205,FINTRACE_SYNTHETIC,DEMO
2026-01-14,s11,NIFTY50,NIFTY 50,Benchmark,INDEX,25106.533038,25168.846538,25044.298217,25115.001189,1147152,FINTRACE_SYNTHETIC,DEMO
2026-01-15,s11,NIFTY50,NIFTY 50,Benchmark,INDEX,25018.623251,25087.580099,24965.1439,25025.499374,1250099,FINTRACE_SYNTHETIC,DEMO
2026-01-16,s11,NIFTY50,NIFTY 50,Benchmark,INDEX,24926.552715,24990.977114,24868.469899,24931.751896,1353046,FINTRACE_SYNTHETIC,DEMO
2026-01-17,s11,NIFTY50,NIFTY 50,Benchmark,INDEX,24836.843161,24891.955917,24774.891324,24840.413584,505993,FINTRACE_SYNTHETIC,DEMO
2026-01-18,s11,NIFTY50,NIFTY 50,Benchmark,INDEX,24755.656966,24818.589368,24701.094483,24757.772577,608940,FINTRACE_SYNTHETIC,DEMO
2026-01-19,s11,NIFTY50,NIFTY 50,Benchmark,INDEX,24688.216962,24748.864773,24632.079299,24689.158295,711887,FINTRACE_SYNTHETIC,DEMO
2026-01-20,s11,NIFTY50,NIFTY 50,Benchmark,INDEX,24638.316452,24687.82738,24576.721143,24638.441456,814834,FINTRACE_SYNTHETIC,DEMO
2026-01-21,s11,NIFTY50,NIFTY 50,Benchmark,INDEX,24607.966113,24667.593927,24551.902534,24607.673772,917781,FINTRACE_SYNTHETIC,DEMO
2026-01-22,s11,NIFTY50,NIFTY 50,Benchmark,INDEX,24597.211396,24657.54317,24542.491072,24596.901619,1020728,FINTRACE_SYNTHETIC,DEMO
2026-01-23,s11,NIFTY50,NIFTY 50,Benchmark,INDEX,24604.137785,24655.007958,24542.735664,24604.171412,1123675,FINTRACE_SYNTHETIC,DEMO
2026-01-24,s11,NIFTY50,NIFTY 50,Benchmark,INDEX,24625.063373,24684.366832,24567.848032,24625.726102,1226622,FINTRACE_SYNTHETIC,DEMO
2026-01-25,s11,NIFTY50,NIFTY 50,Benchmark,INDEX,24654.900337,24717.477162,24601.98921,24656.374033,1329569,FINTRACE_SYNTHETIC,DEMO
2026-01-26,s11,NIFTY50,NIFTY 50,Benchmark,INDEX,24687.650805,24742.719248,24626.393264,24689.994926,482516,FINTRACE_SYNTHETIC,DEMO
2026-01-27,s11,NIFTY50,NIFTY 50,Benchmark,INDEX,24716.989782,24777.777536,24658.310937,24720.134707,585463,FINTRACE_SYNTHETIC,DEMO
2026-01-28,s11,NIFTY50,NIFTY 50,Benchmark,INDEX,24736.879515,24802.33593,24685.497906,24740.632402,688410,FINTRACE_SYNTHETIC,DEMO
2026-01-29,s11,NIFTY50,NIFTY 50,Benchmark,INDEX,24742.156662,24800.710936,24681.356,24746.219295,791357,FINTRACE_SYNTHETIC,DEMO
2026-01-30,s11,NIFTY50,NIFTY 50,Benchmark,INDEX,24729.036236,24789.318448,24669.263394,24733.033154,894304,FINTRACE_SYNTHETIC,DEMO
2026-01-31,s11,NIFTY50,NIFTY 50,Benchmark,INDEX,24695.484219,24760.744859,24645.929313,24698.998451,997251,FINTRACE_SYNTHETIC,DEMO
2026-02-01,s11,NIFTY50,NIFTY 50,Benchmark,INDEX,24641.423267,24699.843702,24581.685431,24644.036263,1100198,FINTRACE_SYNTHETIC,DEMO
2026-02-02,s11,NIFTY50,NIFTY 50,Benchmark,INDEX,24568.751835,24624.484199,24508.513036,24570.08379,1203145,FINTRACE_SYNTHETIC,DEMO
2026-02-03,s11,NIFTY50,NIFTY 50,Benchmark,INDEX,24481.174839,24542.277145,24430.39338,24480.921557,1306092,FINTRACE_SYNTHETIC,DEMO
2026-02-04,s11,NIFTY50,NIFTY 50,Benchmark,INDEX,24383.861942,24440.475639,24323.729987,24381.824732,459039,FINTRACE_SYNTHETIC,DEMO
2026-02-05,s11,NIFTY50,NIFTY 50,Benchmark,INDEX,24282.965977,24335.130263,24218.91942,24279.071714,561986,FINTRACE_SYNTHETIC,DEMO
2026-02-06,s11,NIFTY50,NIFTY 50,Benchmark,INDEX,24185.047367,24245.072181,24127.774473,24179.356814,664933,FINTRACE_SYNTHETIC,DEMO
2026-02-07,s11,NIFTY50,NIFTY 50,Benchmark,INDEX,24096.459359,24153.629572,24032.951621,24089.162936,767880,FINTRACE_SYNTHETIC,DEMO
2026-02-08,s11,NIFTY50,NIFTY 50,Benchmark,INDEX,24022.752614,24072.703396,23954.270655,24014.154021,870827,FINTRACE_SYNTHETIC,DEMO
2026-02-09,s11,NIFTY50,NIFTY 50,Benchmark,INDEX,23968.155881,24027.075859,23905.936275,23958.645118,973774,FINTRACE_SYNTHETIC,DEMO
2026-02-10,s11,NIFTY50,NIFTY 50,Benchmark,INDEX,23935.182199,23993.006904,23870.709553,23925.200553,1076721,FINTRACE_SYNTHETIC,DEMO
2026-02-11,s11,NIFTY50,NIFTY 50,Benchmark,INDEX,23924.398128,23972.458679,23854.614325,23914.398448,1179668,FINTRACE_SYNTHETIC,DEMO
2026-02-12,s11,NIFTY50,NIFTY 50,Benchmark,INDEX,23934.377971,23992.42965,23870.650334,23924.784009,1282615,FINTRACE_SYNTHETIC,DEMO
2026-02-13,s11,NIFTY50,NIFTY 50,Benchmark,INDEX,23961.847291,24020.575243,23899.933962,23953.015977,1385562,FINTRACE_SYNTHETIC,DEMO
2026-02-14,s11,NIFTY50,NIFTY 50,Benchmark,INDEX,24002.00203,24051.489035,23934.29872,23994.192249,538509,FINTRACE_SYNTHETIC,DEMO
2026-02-15,s11,NIFTY50,NIFTY 50,Benchmark,INDEX,24048.972742,24106.308556,23986.543671,24042.323597,641456,FINTRACE_SYNTHETIC,DEMO
2026-02-16,s11,NIFTY50,NIFTY 50,Benchmark,INDEX,24096.389682,24156.07346,24039.107684,24090.910278,744403,FINTRACE_SYNTHETIC,DEMO
2026-02-17,s11,NIFTY50,NIFTY 50,Benchmark,INDEX,24137.994822,24189.437413,24073.655383,24133.566552,847350,FINTRACE_SYNTHETIC,DEMO
2026-02-18,s11,NIFTY50,NIFTY 50,Benchmark,INDEX,24168.242451,24224.678066,24107.337318,24164.633527,950297,FINTRACE_SYNTHETIC,DEMO
2026-02-19,s11,NIFTY50,NIFTY 50,Benchmark,INDEX,24182.831063,24243.126449,24129.391936,24179.721915,1053244,FINTRACE_SYNTHETIC,DEMO
2026-02-20,s11,NIFTY50,NIFTY 50,Benchmark,INDEX,24179.115824,24232.260616,24116.680376,24176.132905,1156191,FINTRACE_SYNTHETIC,DEMO
2026-02-21,s11,NIFTY50,NIFTY 50,Benchmark,INDEX,24156.362274,24211.424154,24094.795602,24153.117045,1259138,FINTRACE_SYNTHETIC,DEMO
2026-02-22,s11,NIFTY50,NIFTY 50,Benchmark,INDEX,24115.817071,24176.103662,24063.455786,24111.946439,1362085,FINTRACE_SYNTHETIC,DEMO
2026-02-23,s11,NIFTY50,NIFTY 50,Benchmark,INDEX,24060.589042,24114.984633,23997.419326,24055.793356,515032,FINTRACE_SYNTHETIC,DEMO
2026-02-24,s11,NIFTY50,NIFTY 50,Benchmark,INDEX,23995.351861,24048.575528,23930.654353,23989.426852,617979,FINTRACE_SYNTHETIC,DEMO
2026-02-25,s11,NIFTY50,NIFTY 50,Benchmark,INDEX,23925.896719,23985.626196,23869.493474,23918.756307,720926,FINTRACE_SYNTHETIC,DEMO
2026-02-26,s11,NIFTY50,NIFTY 50,Benchmark,INDEX,23858.577636,23913.890623,23793.36965,23850.265414,823873,FINTRACE_SYNTHETIC,DEMO
2026-02-27,s11,NIFTY50,NIFTY 50,Benchmark,INDEX,23799.702306,23850.928911,23731.480676,23790.390596,926820,FINTRACE_SYNTHETIC,DEMO
2026-02-28,s11,NIFTY50,NIFTY 50,Benchmark,INDEX,23754.92656,23813.911441,23694.349003,23744.903108,1029767,FINTRACE_SYNTHETIC,DEMO
2026-03-01,s11,NIFTY50,NIFTY 50,Benchmark,INDEX,23728.710212,23784.937535,23662.929834,23718.353782,1132714,FINTRACE_SYNTHETIC,DEMO
2026-03-02,s11,NIFTY50,NIFTY 50,Benchmark,INDEX,23723.886172,23773.319108,23654.516479,23713.63334,1235661,FINTRACE_SYNTHETIC,DEMO
2026-03-03,s11,NIFTY50,NIFTY 50,Benchmark,INDEX,23741.383935,23799.788048,23679.577152,23731.69025,1338608,FINTRACE_SYNTHETIC,DEMO
2026-03-04,s11,NIFTY50,NIFTY 50,Benchmark,INDEX,23780.133853,23837.525169,23717.204998,23771.433031,491555,FINTRACE_SYNTHETIC,DEMO
2026-03-05,s11,NIFTY50,NIFTY 50,Benchmark,INDEX,23837.161333,23885.152108,23770.256021,23829.826387,594502,FINTRACE_SYNTHETIC,DEMO
2026-03-06,s11,NIFTY50,NIFTY 50,Benchmark,INDEX,23907.862034,23965.904585,23848.179753,23902.172008,697449,FINTRACE_SYNTHETIC,DEMO
2026-03-07,s11,NIFTY50,NIFTY 50,Benchmark,INDEX,23986.43186,24045.173764,23929.304379,23982.547349,800396,FINTRACE_SYNTHETIC,DEMO
2026-03-08,s11,NIFTY50,NIFTY 50,Benchmark,INDEX,24066.410811,24115.924862,24004.279199,24064.360572,903343,FINTRACE_SYNTHETIC,DEMO
2026-03-09,s11,NIFTY50,NIFTY 50,Benchmark,INDEX,24141.288884,24198.912821,24085.042411,24140.968818,1006290,FINTRACE_SYNTHETIC,DEMO
2026-03-10,s11,NIFTY50,NIFTY 50,Benchmark,INDEX,24205.116319,24266.224262,24152.966121,24206.300903,1109237,FINTRACE_SYNTHETIC,DEMO
2026-03-11,s11,NIFTY50,NIFTY 50,Benchmark,INDEX,24253.060063,24307.014287,24192.82455,24255.42514,1212184,FINTRACE_SYNTHETIC,DEMO
2026-03-12,s11,NIFTY50,NIFTY 50,Benchmark,INDEX,24281.853453,24341.795922,24224.351684,24285.008199,1315131,FINTRACE_SYNTHETIC,DEMO
2026-03-13,s11,NIFTY50,NIFTY 50,Benchmark,INDEX,24290.09631,24354.174954,24239.430602,24293.621326,468078,FINTRACE_SYNTHETIC,DEMO
2026-03-14,s11,NIFTY50,NIFTY 50,Benchmark,INDEX,24278.376892,24335.136545,24218.630825,24281.864785,571025,FINTRACE_SYNTHETIC,DEMO
2026-03-15,s11,NIFTY50,NIFTY 50,Benchmark,INDEX,24249.204131,24307.668014,24190.711033,24252.298711,673972,FINTRACE_SYNTHETIC,DEMO
2026-03-16,s11,NIFTY50,NIFTY 50,Benchmark,INDEX,24206.756686,24269.704199,24157.96827,24209.18704,776919,FINTRACE_SYNTHETIC,DEMO
2026-03-17,s11,NIFTY50,NIFTY 50,Benchmark,INDEX,24156.472775,24212.6035,24097.799081,24158.078976,879866,FINTRACE_SYNTHETIC,DEMO
2026-03-18,s11,NIFTY50,NIFTY 50,Benchmark,INDEX,24104.519972,24158.831224,24045.512457,24105.267961,982813,FINTRACE_SYNTHETIC,DEMO
2026-03-19,s11,NIFTY50,NIFTY 50,Benchmark,INDEX,24057.195552,24117.26503,24007.737623,24057.179785,1085760,FINTRACE_SYNTHETIC,DEMO
2026-03-20,s11,NIFTY50,NIFTY 50,Benchmark,INDEX,24020.314626,24075.92031,23962.380839,24019.748237,1188707,FINTRACE_SYNTHETIC,DEMO
2026-03-21,s11,NIFTY50,NIFTY 50,Benchmark,INDEX,23998.644444,24050.400266,23938.447073,23997.837855,1291654,FINTRACE_SYNTHETIC,DEMO
2026-03-22,s11,NIFTY50,NIFTY 50,Benchmark,INDEX,23995.438859,24055.047902,23943.785532,23994.768898,1394601,FINTRACE_SYNTHETIC,DEMO
2026-03-23,s11,NIFTY50,NIFTY 50,Benchmark,INDEX,24012.117385,24068.944345,23955.801513,24011.989851,547548,FINTRACE_SYNTHETIC,DEMO
2026-03-24,s11,NIFTY50,NIFTY 50,Benchmark,INDEX,24048.119503,24099.143828,23988.187061,24048.928756,650495,FINTRACE_SYNTHETIC,DEMO
2026-03-25,s11,NIFTY50,NIFTY 50,Benchmark,INDEX,24100.948156,24162.372745,24048.122511,24103.037593,753442,FINTRACE_SYNTHETIC,DEMO
2026-03-26,s11,NIFTY50,NIFTY 50,Benchmark,INDEX,24166.398325,24228.297259,24111.181122,24170.025529,856389,FINTRACE_SYNTHETIC,DEMO
2026-03-27,s11,NIFTY50,NIFTY 50,Benchmark,INDEX,24238.948971,24293.176469,24178.359194,24244.258849,959336,FINTRACE_SYNTHETIC,DEMO
2026-03-28,s11,NIFTY50,NIFTY 50,Benchmark,INDEX,24312.280986,24378.386202,24257.45464,24319.289485,1062283,FINTRACE_SYNTHETIC,DEMO
2026-03-29,s11,NIFTY50,NIFTY 50,Benchmark,INDEX,24379.871853,24448.140331,24325.65012,24388.461806,1165230,FINTRACE_SYNTHETIC,DEMO
2026-03-30,s11,NIFTY50,NIFTY 50,Benchmark,INDEX,24435.610333,24495.726396,24374.590125,24445.539855,1268177,FINTRACE_SYNTHETIC,DEMO
2026-03-31,s11,NIFTY50,NIFTY 50,Benchmark,INDEX,24474.372644,24543.808602,24417.757981,24485.295283,1371124,FINTRACE_SYNTHETIC,DEMO
2026-04-01,s11,NIFTY50,NIFTY 50,Benchmark,INDEX,24492.505205,24564.626298,24439.632883,24503.999945,524071,FINTRACE_SYNTHETIC,DEMO
2026-04-02,s11,NIFTY50,NIFTY 50,Benchmark,INDEX,24488.167983,24551.780119,24427.321505,24499.776257,627018,FINTRACE_SYNTHETIC,DEMO
2026-04-03,s11,NIFTY50,NIFTY 50,Benchmark,INDEX,24461.505709,24530.078102,24403.652125,24472.771904,729965,FINTRACE_SYNTHETIC,DEMO
2026-04-04,s11,NIFTY50,NIFTY 50,Benchmark,INDEX,24414.63068,24486.004711,24363.598848,24425.142291,832912,FINTRACE_SYNTHETIC,DEMO
2026-04-05,s11,NIFTY50,NIFTY 50,Benchmark,INDEX,24351.4188,24414.187888,24291.451635,24360.842421,935859,FINTRACE_SYNTHETIC,DEMO
2026-04-06,s11,NIFTY50,NIFTY 50,Benchmark,INDEX,24277.138303,24340.780902,24218.63904,24285.248045,1038806,FINTRACE_SYNTHETIC,DEMO
2026-04-07,s11,NIFTY50,NIFTY 50,Benchmark,INDEX,24197.946588,24265.144228,24149.068903,24204.642221,1141753,FINTRACE_SYNTHETIC,DEMO
2026-04-08,s11,NIFTY50,NIFTY 50,Benchmark,INDEX,24120.30311,24179.975655,24061.662807,24125.616231,1244700,FINTRACE_SYNTHETIC,DEMO
2026-04-09,s11,NIFTY50,NIFTY 50,Benchmark,INDEX,24050.354323,24107.987466,23991.527098,24054.441968,1347647,FINTRACE_SYNTHETIC,DEMO
2026-04-10,s11,NIFTY50,NIFTY 50,Benchmark,INDEX,23993.349291,24056.404736,23944.143902,23996.475616,500594,FINTRACE_SYNTHETIC,DEMO
2026-04-11,s11,NIFTY50,NIFTY 50,Benchmark,INDEX,23953.141674,24011.022832,23895.866947,23955.649484,603541,FINTRACE_SYNTHETIC,DEMO
2026-04-12,s11,NIFTY50,NIFTY 50,Benchmark,INDEX,23931.825558,23985.817467,23872.631767,23934.100394,706488,FINTRACE_SYNTHETIC,DEMO
2026-04-13,s11,NIFTY50,NIFTY 50,Benchmark,INDEX,23929.539827,23991.447416,23878.797728,23931.970065,809435,FINTRACE_SYNTHETIC,DEMO
2026-04-14,s11,NIFTY50,NIFTY 50,Benchmark,INDEX,23944.459707,24003.997859,23888.352013,23947.396481,912382,FINTRACE_SYNTHETIC,DEMO
2026-04-15,s11,NIFTY50,NIFTY 50,Benchmark,INDEX,23972.976264,24026.865679,23913.250235,23976.697057,1015329,FINTRACE_SYNTHETIC,DEMO
2026-04-16,s11,NIFTY50,NIFTY 50,Benchmark,INDEX,24010.046713,24073.884194,23957.518618,24014.726095,1118276,FINTRACE_SYNTHETIC,DEMO
2026-04-17,s11,NIFTY50,NIFTY 50,Benchmark,INDEX,24049.682122,24113.306708,23994.644399,24055.37244,1221223,FINTRACE_SYNTHETIC,DEMO
2026-04-18,s11,NIFTY50,NIFTY 50,Benchmark,INDEX,24085.525965,24140.867088,24025.323942,24092.149838,1324170,FINTRACE_SYNTHETIC,DEMO
2026-04-19,s11,NIFTY50,NIFTY 50,Benchmark,INDEX,24111.46834,24177.487328,24057.186863,24118.823698,477117,FINTRACE_SYNTHETIC,DEMO
2026-04-20,s11,NIFTY50,NIFTY 50,Benchmark,INDEX,24122.237261,24189.012275,24068.493289,24130.014443,580064,FINTRACE_SYNTHETIC,DEMO
2026-04-21,s11,NIFTY50,NIFTY 50,Benchmark,INDEX,24113.910596,24171.135431,24053.682889,24121.719894,683011,FINTRACE_SYNTHETIC,DEMO
2026-04-22,s11,NIFTY50,NIFTY 50,Benchmark,INDEX,24084.299808,24149.346026,24028.670848,24091.706854,785958,FINTRACE_SYNTHETIC,DEMO
2026-04-23,s11,NIFTY50,NIFTY 50,Benchmark,INDEX,24033.16887,24099.177952,23981.187411,24039.734476,888905,FINTRACE_SYNTHETIC,DEMO
2026-04-24,s11,NIFTY50,NIFTY 50,Benchmark,INDEX,23962.267419,24018.359383,23902.702108,23967.588106,991852,FINTRACE_SYNTHETIC,DEMO
2026-04-25,s11,NIFTY50,NIFTY 50,Benchmark,INDEX,23875.174953,23934.912753,23818.78063,23878.920291,1094799,FINTRACE_SYNTHETIC,DEMO
2026-04-26,s11,NIFTY50,NIFTY 50,Benchmark,INDEX,23776.97085,23838.146778,23727.168446,23778.914071,1197746,FINTRACE_SYNTHETIC,DEMO
2026-04-27,s11,NIFTY50,NIFTY 50,Benchmark,INDEX,23673.761623,23725.544457,23615.423895,23673.800582,1300693,FINTRACE_SYNTHETIC,DEMO
2026-04-28,s11,NIFTY50,NIFTY 50,Benchmark,INDEX,23572.110419,23626.097755,23513.541124,23570.276913,453640,FINTRACE_SYNTHETIC,DEMO
2026-04-29,s11,NIFTY50,NIFTY 50,Benchmark,INDEX,23478.423087,23537.105236,23427.358699,23474.879644,556587,FINTRACE_SYNTHETIC,DEMO
2026-04-30,s11,NIFTY50,NIFTY 50,Benchmark,INDEX,23398.349285,23450.980516,23336.448681,23393.373732,659534,FINTRACE_SYNTHETIC,DEMO
2026-05-01,s11,NIFTY50,NIFTY 50,Benchmark,INDEX,23336.255663,23388.294387,23273.19626,23330.214942,762481,FINTRACE_SYNTHETIC,DEMO
2026-05-02,s11,NIFTY50,NIFTY 50,Benchmark,INDEX,23294.821286,23353.008104,23240.480448,23288.137014,865428,FINTRACE_SYNTHETIC,DEMO
2026-05-03,s11,NIFTY50,NIFTY 50,Benchmark,INDEX,23274.793801,23328.512496,23212.202816,23267.902854,968375,FINTRACE_SYNTHETIC,DEMO
2026-05-04,s11,NIFTY50,NIFTY 50,Benchmark,INDEX,23274.929543,23325.319659,23210.724502,23268.243415,1071322,FINTRACE_SYNTHETIC,DEMO
2026-05-05,s11,NIFTY50,NIFTY 50,Benchmark,INDEX,23292.12323,23350.034787,23236.712707,23285.990043,1174269,FINTRACE_SYNTHETIC,DEMO
2026-05-06,s11,NIFTY50,NIFTY 50,Benchmark,INDEX,23321.714825,23376.766173,23261.676908,23316.387597,1277216,FINTRACE_SYNTHETIC,DEMO
2026-05-07,s11,NIFTY50,NIFTY 50,Benchmark,INDEX,23357.944253,23406.919712,23295.39518,23353.55845,1380163,FINTRACE_SYNTHETIC,DEMO
2026-05-08,s11,NIFTY50,NIFTY 50,Benchmark,INDEX,23394.510582,23452.17929,23339.995264,23391.073079,533110,FINTRACE_SYNTHETIC,DEMO
2026-05-09,s11,NIFTY50,NIFTY 50,Benchmark,INDEX,23425.182299,23481.538643,23368.885817,23422.572799,636057,FINTRACE_SYNTHETIC,DEMO
2026-05-10,s11,NIFTY50,NIFTY 50,Benchmark,INDEX,23444.400457,23491.911515,23383.795776,23442.385213,739004,FINTRACE_SYNTHETIC,DEMO
2026-05-11,s11,NIFTY50,NIFTY 50,Benchmark,INDEX,23447.817144,23504.900453,23393.380125,23446.073677,841951,FINTRACE_SYNTHETIC,DEMO
2026-05-12,s11,NIFTY50,NIFTY 50,Benchmark,INDEX,23432.717905,23489.963154,23378.572646,23430.868339,944898,FINTRACE_SYNTHETIC,DEMO
2026-05-13,s11,NIFTY50,NIFTY 50,Benchmark,INDEX,23398.287798,23446.118211,23337.493546,23395.937626,1047845,FINTRACE_SYNTHETIC,DEMO
2026-05-14,s11,NIFTY50,NIFTY 50,Benchmark,INDEX,23345.695691,23401.613689,23288.640115,23342.47426,1150792,FINTRACE_SYNTHETIC,DEMO
2026-05-15,s11,NIFTY50,NIFTY 50,Benchmark,INDEX,23277.988721,23335.514619,23223.151775,23273.587564,1253739,FINTRACE_SYNTHETIC,DEMO
2026-05-16,s11,NIFTY50,NIFTY 50,Benchmark,INDEX,23199.806957,23248.851955,23136.332866,23194.012303,1356686,FINTRACE_SYNTHETIC,DEMO
2026-05-17,s11,NIFTY50,NIFTY 50,Benchmark,INDEX,23116.945437,23171.224951,23055.146503,23109.66178,509633,FINTRACE_SYNTHETIC,DEMO
2026-05-18,s11,NIFTY50,NIFTY 50,Benchmark,INDEX,23035.80531,23093.167226,22978.736112,23027.067781,612580,FINTRACE_SYNTHETIC,DEMO
2026-05-19,s11,NIFTY50,NIFTY 50,Benchmark,INDEX,22962.786389,23012.881675,22896.162406,22952.760727,715527,FINTRACE_SYNTHETIC,DEMO
2026-05-20,s11,NIFTY50,NIFTY 50,Benchmark,INDEX,22903.679014,22956.217706,22837.60364,22892.649128,818474,FINTRACE_SYNTHETIC,DEMO
2026-05-21,s11,NIFTY50,NIFTY 50,Benchmark,INDEX,22863.113184,22920.252052,22805.09755,22851.457473,921421,FINTRACE_SYNTHETIC,DEMO
2026-05-22,s11,NIFTY50,NIFTY 50,Benchmark,INDEX,22844.117474,22895.414187,22776.666453,22832.276145,1024368,FINTRACE_SYNTHETIC,DEMO
2026-05-23,s11,NIFTY50,NIFTY 50,Benchmark,INDEX,22847.829784,22898.868925,22780.501663,22836.266265,1127315,FINTRACE_SYNTHETIC,DEMO
2026-05-24,s11,NIFTY50,NIFTY 50,Benchmark,INDEX,22873.387493,22930.530581,22815.86275,22862.547609,1230262,FINTRACE_SYNTHETIC,DEMO
2026-05-25,s11,NIFTY50,NIFTY 50,Benchmark,INDEX,22918.007504,22970.822556,22853.379024,22908.280281,1333209,FINTRACE_SYNTHETIC,DEMO
2026-05-26,s11,NIFTY50,NIFTY 50,Benchmark,INDEX,22977.248553,23027.090035,22912.18733,22968.93238,486156,FINTRACE_SYNTHETIC,DEMO
2026-05-27,s11,NIFTY50,NIFTY 50,Benchmark,INDEX,23045.4308,23102.752261,22990.053383,23038.708151,589103,FINTRACE_SYNTHETIC,DEMO
2026-05-28,s11,NIFTY50,NIFTY 50,Benchmark,INDEX,23116.172709,23170.667658,23056.793403,23111.095821,692050,FINTRACE_SYNTHETIC,DEMO
2026-05-29,s11,NIFTY50,NIFTY 50,Benchmark,INDEX,23182.994065,23231.703272,23121.773494,23179.482926,794997,FINTRACE_SYNTHETIC,DEMO
2026-05-30,s11,NIFTY50,NIFTY 50,Benchmark,INDEX,23239.927664,23297.25267,23187.133228,23237.780485,897944,FINTRACE_SYNTHETIC,DEMO
2026-05-31,s11,NIFTY50,NIFTY 50,Benchmark,INDEX,23282.081403,23338.032908,23227.550723,23280.996554,1000891,FINTRACE_SYNTHETIC,DEMO
2026-06-01,s11,NIFTY50,NIFTY 50,Benchmark,INDEX,23306.097199,23353.430954,23247.462615,23305.704516,1103838,FINTRACE_SYNTHETIC,DEMO
2026-06-02,s11,NIFTY50,NIFTY 50,Benchmark,INDEX,23310.463038,23367.262618,23258.062827,23310.361504,1206785,FINTRACE_SYNTHETIC,DEMO
2026-06-03,s11,NIFTY50,NIFTY 50,Benchmark,INDEX,23295.648455,23352.510624,23243.362062,23295.446631,1309732,FINTRACE_SYNTHETIC,DEMO
2026-06-04,s11,NIFTY50,NIFTY 50,Benchmark,INDEX,23264.050543,23311.503955,23205.284258,23263.405912,462679,FINTRACE_SYNTHETIC,DEMO
2026-06-05,s11,NIFTY50,NIFTY 50,Benchmark,INDEX,23219.755719,23275.434651,23164.942646,23218.409161,565626,FINTRACE_SYNTHETIC,DEMO
2026-06-06,s11,NIFTY50,NIFTY 50,Benchmark,INDEX,23168.139985,23225.359728,23115.643103,23165.942094,668573,FINTRACE_SYNTHETIC,DEMO
2026-06-07,s11,NIFTY50,NIFTY 50,Benchmark,INDEX,23115.345851,23164.112588,23054.773527,23112.272578,771520,FINTRACE_SYNTHETIC,DEMO
2026-06-08,s11,NIFTY50,NIFTY 50,Benchmark,INDEX,23067.685839,23121.922671,23009.506146,23063.841961,874467,FINTRACE_SYNTHETIC,DEMO
2026-06-09,s11,NIFTY50,NIFTY 50,Benchmark,INDEX,23031.029489,23088.358907,22978.208996,23026.639571,977414,FINTRACE_SYNTHETIC,DEMO
2026-06-10,s11,NIFTY50,NIFTY 50,Benchmark,INDEX,23010.232363,23060.33611,22948.854841,23005.620063,1080361,FINTRACE_SYNTHETIC,DEMO
2026-06-11,s11,NIFTY50,NIFTY 50,Benchmark,INDEX,23008.661536,23061.523162,22948.965675,23004.219227,1183308,FINTRACE_SYNTHETIC,DEMO
2026-06-12,s11,NIFTY50,NIFTY 50,Benchmark,INDEX,23027.86287,23085.407165,22977.202774,23024.014474,1286255,FINTRACE_SYNTHETIC,DEMO
2026-06-13,s11,NIFTY50,NIFTY 50,Benchmark,INDEX,23067.401854,23119.110798,23008.337255,23064.562425,1389202,FINTRACE_SYNTHETIC,DEMO
2026-06-14,s11,NIFTY50,NIFTY 50,Benchmark,INDEX,23124.893235,23176.641545,23067.011581,23123.429148,542149,FINTRACE_SYNTHETIC,DEMO
2026-06-15,s11,NIFTY50,NIFTY 50,Benchmark,INDEX,23196.216681,23254.368465,23148.952811,23196.410224,645096,FINTRACE_SYNTHETIC,DEMO
2026-06-16,s11,NIFTY50,NIFTY 50,Benchmark,INDEX,23275.897976,23331.482209,23220.053323,23277.919717,748043,FINTRACE_SYNTHETIC,DEMO
2026-06-17,s11,NIFTY50,NIFTY 50,Benchmark,INDEX,23357.619455,23412.283179,23299.949553,23361.51103,850990,FINTRACE_SYNTHETIC,DEMO
2026-06-18,s11,NIFTY50,NIFTY 50,Benchmark,INDEX,23434.811086,23498.806889,23385.420988,23440.480049,953937,FINTRACE_SYNTHETIC,DEMO
2026-06-19,s11,NIFTY50,NIFTY 50,Benchmark,INDEX,23501.265908,23563.839882,23445.972705,23508.493141,1056884,FINTRACE_SYNTHETIC,DEMO
2026-06-20,s11,NIFTY50,NIFTY 50,Benchmark,INDEX,23551.721195,23609.783904,23493.106531,23560.180177,1159831,FINTRACE_SYNTHETIC,DEMO
2026-06-21,s11,NIFTY50,NIFTY 50,Benchmark,INDEX,23582.350004,23649.86572,23531.049324,23591.636113,1262778,FINTRACE_SYNTHETIC,DEMO
2026-06-22,s11,NIFTY50,NIFTY 50,Benchmark,INDEX,23591.116303,23657.438634,23536.874615,23600.783365,1365725,FINTRACE_SYNTHETIC,DEMO
2026-06-23,s11,NIFTY50,NIFTY 50,Benchmark,INDEX,23577.959861,23635.57003,23519.044505,23587.560472,518672,FINTRACE_SYNTHETIC,DEMO
2026-06-24,s11,NIFTY50,NIFTY 50,Benchmark,INDEX,23544.793322,23611.362292,23492.059903,23553.919115,621619,FINTRACE_SYNTHETIC,DEMO
2026-06-25,s11,NIFTY50,NIFTY 50,Benchmark,INDEX,23495.311801,23560.950178,23442.688896,23503.629816,724566,FINTRACE_SYNTHETIC,DEMO
2026-06-26,s11,NIFTY50,NIFTY 50,Benchmark,INDEX,23434.63317,23489.627655,23376.075926,23441.914894,827513,FINTRACE_SYNTHETIC,DEMO
2026-06-27,s11,NIFTY50,NIFTY 50,Benchmark,INDEX,23368.803383,23431.057028,23315.073129,23374.943691,930460,FINTRACE_SYNTHETIC,DEMO
2026-06-28,s11,NIFTY50,NIFTY 50,Benchmark,INDEX,23304.214028,23366.770696,23253.518072,23309.238235,1033407,FINTRACE_SYNTHETIC,DEMO
2026-06-29,s11,NIFTY50,NIFTY 50,Benchmark,INDEX,23246.987654,23299.998557,23189.131327,23251.046025,1136354,FINTRACE_SYNTHETIC,DEMO
2026-06-30,s11,NIFTY50,NIFTY 50,Benchmark,INDEX,23202.389517,23260.373977,23147.799751,23205.739771,1239301,FINTRACE_SYNTHETIC,DEMO
2026-07-01,s11,NIFTY50,NIFTY 50,Benchmark,INDEX,23174.321826,23234.973217,23125.480382,23177.301319,1342248,FINTRACE_SYNTHETIC,DEMO
2026-07-02,s11,NIFTY50,NIFTY 50,Benchmark,INDEX,23164.948743,23218.290124,23107.754424,23167.938997,495195,FINTRACE_SYNTHETIC,DEMO
2026-07-03,s11,NIFTY50,NIFTY 50,Benchmark,INDEX,23174.487886,23231.207433,23118.88675,23177.874865,598142,FINTRACE_SYNTHETIC,DEMO
2026-07-04,s11,NIFTY50,NIFTY 50,Benchmark,INDEX,23201.188237,23263.302652,23153.913888,23205.32217,701089,FINTRACE_SYNTHETIC,DEMO
2026-07-05,s11,NIFTY50,NIFTY 50,Benchmark,INDEX,23241.496552,23298.67563,23184.790752,23246.655153,804036,FINTRACE_SYNTHETIC,DEMO
2026-07-06,s11,NIFTY50,NIFTY 50,Benchmark,INDEX,23290.396428,23348.978415,23233.620906,23296.755035,906983,FINTRACE_SYNTHETIC,DEMO
2026-07-07,s11,NIFTY50,NIFTY 50,Benchmark,INDEX,23341.887688,23407.847241,23294.430049,23349.499186,1009930,FINTRACE_SYNTHETIC,DEMO
2026-07-08,s11,NIFTY50,NIFTY 50,Benchmark,INDEX,23389.560383,23452.103474,23333.381075,23398.346842,1112877,FINTRACE_SYNTHETIC,DEMO
2026-07-09,s11,NIFTY50,NIFTY 50,Benchmark,INDEX,23427.208679,23487.998789,23369.403334,23436.965519,1215824,FINTRACE_SYNTHETIC,DEMO
2026-07-10,s11,NIFTY50,NIFTY 50,Benchmark,INDEX,23449.426091,23518.23529,23400.10664,23459.838397,1318771,FINTRACE_SYNTHETIC,DEMO
2026-07-11,s11,NIFTY50,NIFTY 50,Benchmark,INDEX,23452.125301,23517.960304,23396.874487,23462.794741,471718,FINTRACE_SYNTHETIC,DEMO
2026-07-12,s11,NIFTY50,NIFTY 50,Benchmark,INDEX,23432.932979,23492.871998,23374.636263,23443.412789,574665,FINTRACE_SYNTHETIC,DEMO
2026-07-13,s11,NIFTY50,NIFTY 50,Benchmark,INDEX,23391.421949,23459.052249,23340.633716,23401.256644,677612,FINTRACE_SYNTHETIC,DEMO
2026-07-14,s11,NIFTY50,NIFTY 50,Benchmark,INDEX,23329.158525,23393.886664,23275.4367,23337.924586,780559,FINTRACE_SYNTHETIC,DEMO
2026-07-15,s11,NIFTY50,NIFTY 50,Benchmark,INDEX,23249.560485,23304.343329,23191.47345,23256.904145,883506,FINTRACE_SYNTHETIC,DEMO
2026-07-16,s11,NIFTY50,NIFTY 50,Benchmark,INDEX,23157.579175,23219.786873,23105.803162,23163.247715,986453,FINTRACE_SYNTHETIC,DEMO
2026-07-17,s11,NIFTY50,NIFTY 50,Benchmark,INDEX,23059.236015,23119.296272,23007.500456,23063.099601,1089400,FINTRACE_SYNTHETIC,DEMO
2026-07-18,s11,NIFTY50,NIFTY 50,Benchmark,INDEX,22961.05755,23009.756378,22903.676914,22963.119542,1192347,FINTRACE_SYNTHETIC,DEMO
2026-07-19,s11,NIFTY50,NIFTY 50,Benchmark,INDEX,22869.462848,22924.818662,22816.962047,22869.85761,1295294,FINTRACE_SYNTHETIC,DEMO
2026-07-20,s11,NIFTY50,NIFTY 50,Benchmark,INDEX,22790.161621,22846.377084,22739.470284,22789.14004,1398241,FINTRACE_SYNTHETIC,DEMO
2026-07-21,s11,NIFTY50,NIFTY 50,Benchmark,INDEX,22727.620372,22775.37247,22668.945196,22725.524487,551188,FINTRACE_SYNTHETIC,DEMO
2026-07-22,s11,NIFTY50,NIFTY 50,Benchmark,INDEX,22684.64742,22738.125314,22628.582916,22681.876585,654135,FINTRACE_SYNTHETIC,DEMO
2026-07-23,s11,NIFTY50,NIFTY 50,Benchmark,INDEX,22662.136313,22718.50432,22611.254683,22659.108117,757082,FINTRACE_SYNTHETIC,DEMO
2026-07-24,s11,NIFTY50,NIFTY 50,Benchmark,INDEX,22658.992031,22708.14284,22600.129402,22656.101714,860029,FINTRACE_SYNTHETIC,DEMO
2026-07-25,s11,NIFTY50,NIFTY 50,Benchmark,INDEX,22672.246947,22724.49591,22615.499604,22669.829188,962976,FINTRACE_SYNTHETIC,DEMO
2026-07-26,s11,NIFTY50,NIFTY 50,Benchmark,INDEX,22697.355454,22754.058743,22649.30776,22695.652162,1065923,FINTRACE_SYNTHETIC,DEMO
2026-07-27,s11,NIFTY50,NIFTY 50,Benchmark,INDEX,22728.639085,22779.411666,22672.276447,22727.776284,1168870,FINTRACE_SYNTHETIC,DEMO
2026-07-28,s11,NIFTY50,NIFTY 50,Benchmark,INDEX,22759.839663,22810.947427,22704.382617,22759.815657,1271817,FINTRACE_SYNTHETIC,DEMO
2026-07-29,s11,NIFTY50,NIFTY 50,Benchmark,INDEX,22784.72765,22842.358314,22738.503448,22785.413611,1374764,FINTRACE_SYNTHETIC,DEMO
2026-07-30,s11,NIFTY50,NIFTY 50,Benchmark,INDEX,22797.707683,22851.158563,22742.89028,22798.860592,527711,FINTRACE_SYNTHETIC,DEMO
2026-07-31,s11,NIFTY50,NIFTY 50,Benchmark,INDEX,22794.363473,22845.381166,22738.155861,22795.650182,630658,FINTRACE_SYNTHETIC,DEMO
2026-08-01,s11,NIFTY50,NIFTY 50,Benchmark,INDEX,22771.890086,22829.627572,22724.094348,22772.920204,733605,FINTRACE_SYNTHETIC,DEMO
2026-08-02,s11,NIFTY50,NIFTY 50,Benchmark,INDEX,22729.372332,22783.106876,22675.753912,22729.736789,836552,FINTRACE_SYNTHETIC,DEMO
2026-08-03,s11,NIFTY50,NIFTY 50,Benchmark,INDEX,22667.88266,22715.803489,22610.82502,22667.194275,939499,FINTRACE_SYNTHETIC,DEMO
2026-08-04,s11,NIFTY50,NIFTY 50,Benchmark,INDEX,22590.389186,22646.215962,22539.370911,22588.32135,1042446,FINTRACE_SYNTHETIC,DEMO
2026-08-05,s11,NIFTY50,NIFTY 50,Benchmark,INDEX,22501.482558,22555.378275,22445.915983,22497.80235,1145393,FINTRACE_SYNTHETIC,DEMO
2026-08-06,s11,NIFTY50,NIFTY 50,Benchmark,INDEX,22406.947656,22452.751924,22345.580211,22401.540213,1248340,FINTRACE_SYNTHETIC,DEMO
2026-08-07,s11,NIFTY50,NIFTY 50,Benchmark,INDEX,22313.220904,22367.73142,22256.317704,22306.102719,1351287,FINTRACE_SYNTHETIC,DEMO
2026-08-08,s11,NIFTY50,NIFTY 50,Benchmark,INDEX,22226.784893,22280.895454,22168.170695,22218.104757,504234,FINTRACE_SYNTHETIC,DEMO
2026-08-09,s11,NIFTY50,NIFTY 50,Benchmark,INDEX,22153.557979,22198.452757,22088.242094,22143.585465,607181,FINTRACE_SYNTHETIC,DEMO
2026-08-10,s11,NIFTY50,NIFTY 50,Benchmark,INDEX,22098.337011,22151.501423,22036.813141,22087.439588,710128,FINTRACE_SYNTHETIC,DEMO
2026-08-11,s11,NIFTY50,NIFTY 50,Benchmark,INDEX,22064.346287,22118.735947,22004.801071,22052.957224,813075,FINTRACE_SYNTHETIC,DEMO
2026-08-12,s11,NIFTY50,NIFTY 50,Benchmark,INDEX,22052.935692,22099.174565,21986.620186,22041.515809,916022,FINTRACE_SYNTHETIC,DEMO
2026-08-13,s11,NIFTY50,NIFTY 50,Benchmark,INDEX,22063.456782,22115.538218,22000.70897,22052.453664,1018969,FINTRACE_SYNTHETIC,DEMO
2026-08-14,s11,NIFTY50,NIFTY 50,Benchmark,INDEX,22093.328596,22148.259494,22036.404949,22083.137156,1121916,FINTRACE_SYNTHETIC,DEMO
2026-08-15,s11,NIFTY50,NIFTY 50,Benchmark,INDEX,22138.2869,22186.215875,22074.511671,22129.215026,1224863,FINTRACE_SYNTHETIC,DEMO
2026-08-16,s11,NIFTY50,NIFTY 50,Benchmark,INDEX,22192.793091,22244.01477,22131.928034,22185.035636,1327810,FINTRACE_SYNTHETIC,DEMO
2026-08-17,s11,NIFTY50,NIFTY 50,Benchmark,INDEX,22250.563762,22306.142157,22198.666776,22244.18735,480757,FINTRACE_SYNTHETIC,DEMO
2026-08-18,s11,NIFTY50,NIFTY 50,Benchmark,INDEX,22305.170443,22354.909598,22245.609224,22300.110502,583704,FINTRACE_SYNTHETIC,DEMO
2026-08-19,s11,NIFTY50,NIFTY 50,Benchmark,INDEX,22350.652327,22400.927206,22292.344657,22346.722636,686651,FINTRACE_SYNTHETIC,DEMO
2026-08-20,s11,NIFTY50,NIFTY 50,Benchmark,INDEX,22382.08358,22438.025547,22333.695214,22378.997393,789598,FINTRACE_SYNTHETIC,DEMO
2026-08-21,s11,NIFTY50,NIFTY 50,Benchmark,INDEX,22396.041155,22447.334658,22339.538628,22393.441864,892545,FINTRACE_SYNTHETIC,DEMO
2026-08-22,s11,NIFTY50,NIFTY 50,Benchmark,INDEX,22390.928507,22439.868719,22333.256691,22388.426926,995492,FINTRACE_SYNTHETIC,DEMO
2026-08-23,s11,NIFTY50,NIFTY 50,Benchmark,INDEX,22367.12439,22422.840426,22317.495835,22364.33906,1098439,FINTRACE_SYNTHETIC,DEMO
2026-08-24,s11,NIFTY50,NIFTY 50,Benchmark,INDEX,22326.942533,22379.295598,22270.809697,22323.539214,1201386,FINTRACE_SYNTHETIC,DEMO
2026-08-25,s11,NIFTY50,NIFTY 50,Benchmark,INDEX,22274.40609,22321.590974,22214.773718,22270.132647,1304333,FINTRACE_SYNTHETIC,DEMO
2026-08-26,s11,NIFTY50,NIFTY 50,Benchmark,INDEX,22214.858374,22269.789556,22161.534846,22209.571721,457280,FINTRACE_SYNTHETIC,DEMO
2026-08-27,s11,NIFTY50,NIFTY 50,Benchmark,INDEX,22154.447021,22207.451111,22096.972399,22148.129532,560227,FINTRACE_SYNTHETIC,DEMO
2026-08-28,s11,NIFTY50,NIFTY 50,Benchmark,INDEX,22099.530789,22144.804019,22037.116191,22092.29461,663174,FINTRACE_SYNTHETIC,DEMO
2026-08-29,s11,NIFTY50,NIFTY 50,Benchmark,INDEX,22056.065585,22109.992769,21999.02178,22048.14441,766121,FINTRACE_SYNTHETIC,DEMO
2026-08-30,s11,NIFTY50,NIFTY 50,Benchmark,INDEX,22029.028282,22082.608786,21971.182369,22020.757374,869068,FINTRACE_SYNTHETIC,DEMO
2026-08-31,s11,NIFTY50,NIFTY 50,Benchmark,INDEX,22021.933306,22066.463995,21958.696115,22013.719651,972015,FINTRACE_SYNTHETIC,DEMO
2026-09-01,s11,NIFTY50,NIFTY 50,Benchmark,INDEX,22036.488118,22089.560355,21978.360948,22028.773549,1074962,FINTRACE_SYNTHETIC,DEMO
2026-09-02,s11,NIFTY50,NIFTY 50,Benchmark,INDEX,22072.420489,22126.793769,22017.366762,22065.641283,1177909,FINTRACE_SYNTHETIC,DEMO
2026-09-03,s11,NIFTY50,NIFTY 50,Benchmark,INDEX,22127.494073,22173.793111,22066.926178,22122.040866,1280856,FINTRACE_SYNTHETIC,DEMO
2026-09-04,s11,NIFTY50,NIFTY 50,Benchmark,INDEX,22197.710855,22250.176956,22141.887247,22193.892693,1383803,FINTRACE_SYNTHETIC,DEMO
2026-09-05,s11,NIFTY50,NIFTY 50,Benchmark,INDEX,22277.681234,22333.047153,22228.461684,22275.697169,536750,FINTRACE_SYNTHETIC,DEMO
2026-09-06,s11,NIFTY50,NIFTY 50,Benchmark,INDEX,22361.126492,22409.444345,22305.738757,22361.047441,639697,FINTRACE_SYNTHETIC,DEMO
2025-12-29,s12,NIFTYBANK,NIFTY BANK,Benchmark,INDEX,55045.105296,55159.798681,54907.492533,55049.699282,450000,FINTRACE_SYNTHETIC,DEMO
2025-12-30,s12,NIFTYBANK,NIFTY BANK,Benchmark,INDEX,55020.539822,55158.279359,54895.634881,55025.078199,560866,FINTRACE_SYNTHETIC,DEMO
2025-12-31,s12,NIFTYBANK,NIFTY BANK,Benchmark,INDEX,55038.427117,55178.889403,54916.89823,55043.776268,671732,FINTRACE_SYNTHETIC,DEMO
2026-01-01,s12,NIFTYBANK,NIFTY BANK,Benchmark,INDEX,55097.32039,55218.413967,54959.852783,55104.317172,782598,FINTRACE_SYNTHETIC,DEMO
2026-01-02,s12,NIFTYBANK,NIFTY BANK,Benchmark,INDEX,55191.5311,55332.186157,55063.110242,55200.896276,893464,FINTRACE_SYNTHETIC,DEMO
2026-01-03,s12,NIFTYBANK,NIFTY BANK,Benchmark,INDEX,55311.66114,55461.097251,55193.192904,55323.923677,1004330,FINTRACE_SYNTHETIC,DEMO
2026-01-04,s12,NIFTYBANK,NIFTY BANK,Benchmark,INDEX,55445.490396,55579.600052,55307.980859,55460.92987,1115196,FINTRACE_SYNTHETIC,DEMO
2026-01-05,s12,NIFTYBANK,NIFTY BANK,Benchmark,INDEX,55579.135105,55727.206732,55447.026217,55597.747749,1226062,FINTRACE_SYNTHETIC,DEMO
2026-01-06,s12,NIFTYBANK,NIFTY BANK,Benchmark,INDEX,55698.366605,55858.861439,55582.917814,55719.858272,1336928,FINTRACE_SYNTHETIC,DEMO
2026-01-07,s12,NIFTYBANK,NIFTY BANK,Benchmark,INDEX,55789.964809,55936.900041,55652.968916,55813.771554,497794,FINTRACE_SYNTHETIC,DEMO
2026-01-08,s12,NIFTYBANK,NIFTY BANK,Benchmark,INDEX,55842.977355,55995.245111,55707.863274,55868.311717,608660,FINTRACE_SYNTHETIC,DEMO
2026-01-09,s12,NIFTYBANK,NIFTY BANK,Benchmark,INDEX,55849.764425,56015.37196,55737.941309,55875.683026,719526,FINTRACE_SYNTHETIC,DEMO
2026-01-10,s12,NIFTYBANK,NIFTY BANK,Benchmark,INDEX,55806.729606,55958.859132,55671.569782,55832.215673,830392,FINTRACE_SYNTHETIC,DEMO
2026-01-11,s12,NIFTYBANK,NIFTY BANK,Benchmark,INDEX,55714.66712,55861.907314,55577.958738,55738.720088,941258,FINTRACE_SYNTHETIC,DEMO
2026-01-12,s12,NIFTYBANK,NIFTY BANK,Benchmark,INDEX,55578.692284,55739.155904,55463.735061,55600.415982,1052124,FINTRACE_SYNTHETIC,DEMO
2026-01-13,s12,NIFTYBANK,NIFTY BANK,Benchmark,INDEX,55407.761811,55555.317316,55275.899983,55426.442859,1162990,FINTRACE_SYNTHETIC,DEMO
2026-01-14,s12,NIFTYBANK,NIFTY BANK,Benchmark,INDEX,55213.829636,55347.406915,55076.963953,55228.998612,1273856,FINTRACE_SYNTHETIC,DEMO
2026-01-15,s12,NIFTYBANK,NIFTY BANK,Benchmark,INDEX,55010.718698,55158.681754,54893.128794,55022.188281,1384722,FINTRACE_SYNTHETIC,DEMO
2026-01-16,s12,NIFTYBANK,NIFTY BANK,Benchmark,INDEX,54812.816174,54950.918862,54685.093632,54820.692656,545588,FINTRACE_SYNTHETIC,DEMO
2026-01-17,s12,NIFTYBANK,NIFTY BANK,Benchmark,INDEX,54633.716488,54751.754894,54497.440751,54638.383603,656454,FINTRACE_SYNTHETIC,DEMO
2026-01-18,s12,NIFTYBANK,NIFTY BANK,Benchmark,INDEX,54484.941396,54620.863879,54364.85435,54487.018011,767320,FINTRACE_SYNTHETIC,DEMO
2026-01-19,s12,NIFTYBANK,NIFTY BANK,Benchmark,INDEX,54374.859063,54506.631729,54251.217995,54375.134828,878186,FINTRACE_SYNTHETIC,DEMO
2026-01-20,s12,NIFTYBANK,NIFTY BANK,Benchmark,INDEX,54307.905117,54416.761275,54171.493115,54307.260201,989052,FINTRACE_SYNTHETIC,DEMO
2026-01-21,s12,NIFTYBANK,NIFTY BANK,Benchmark,INDEX,54284.179821,54415.716371,54160.467431,54283.496444,1099918,FINTRACE_SYNTHETIC,DEMO
2026-01-22,s12,NIFTYBANK,NIFTY BANK,Benchmark,INDEX,54299.459687,54432.719179,54179.344422,54299.53387,1210784,FINTRACE_SYNTHETIC,DEMO
2026-01-23,s12,NIFTYBANK,NIFTY BANK,Benchmark,INDEX,54345.622292,54459.374931,54209.99728,54347.084296,1321650,FINTRACE_SYNTHETIC,DEMO
2026-01-24,s12,NIFTYBANK,NIFTY BANK,Benchmark,INDEX,54411.443715,54544.271324,54285.020921,54414.694741,482516,FINTRACE_SYNTHETIC,DEMO
2026-01-25,s12,NIFTYBANK,NIFTY BANK,Benchmark,INDEX,54483.692433,54623.897296,54366.766648,54488.86365,593382,FINTRACE_SYNTHETIC,DEMO
2026-01-26,s12,NIFTYBANK,NIFTY BANK,Benchmark,INDEX,54548.415279,54671.853484,54413.064136,54555.353098,704248,FINTRACE_SYNTHETIC,DEMO
2026-01-27,s12,NIFTYBANK,NIFTY BANK,Benchmark,INDEX,54592.292751,54727.890294,54462.689077,54600.571755,815114,FINTRACE_SYNTHETIC,DEMO
2026-01-28,s12,NIFTYBANK,NIFTY BANK,Benchmark,INDEX,54603.934329,54749.102072,54490.515092,54612.896644,925980,FINTRACE_SYNTHETIC,DEMO
2026-01-29,s12,NIFTYBANK,NIFTY BANK,Benchmark,INDEX,54574.990194,54704.002111,54440.879186,54583.80754,1036846,FINTRACE_SYNTHETIC,DEMO
2026-01-30,s12,NIFTYBANK,NIFTY BANK,Benchmark,INDEX,54500.973229,54632.771986,54369.23829,54508.725752,1147712,FINTRACE_SYNTHETIC,DEMO
2026-01-31,s12,NIFTYBANK,NIFTY BANK,Benchmark,INDEX,54381.71281,54523.44347,54272.588378,54387.477174,1258578,FINTRACE_SYNTHETIC,DEMO
2026-02-01,s12,NIFTYBANK,NIFTY BANK,Benchmark,INDEX,54221.396999,54347.128589,54089.948872,54224.335339,1369444,FINTRACE_SYNTHETIC,DEMO
2026-02-02,s12,NIFTYBANK,NIFTY BANK,Benchmark,INDEX,54028.198975,54147.822343,53895.172767,54027.640226,530310,FINTRACE_SYNTHETIC,DEMO
2026-02-03,s12,NIFTYBANK,NIFTY BANK,Benchmark,INDEX,53813.5232,53947.835804,53697.968181,53809.02904,641176,FINTRACE_SYNTHETIC,DEMO
2026-02-04,s12,NIFTYBANK,NIFTY BANK,Benchmark,INDEX,53590.943046,53715.36884,53454.681114,53582.352161,752042,FINTRACE_SYNTHETIC,DEMO
2026-02-05,s12,NIFTYBANK,NIFTY BANK,Benchmark,INDEX,53374.931047,53489.590235,53230.170226,53362.377481,862908,FINTRACE_SYNTHETIC,DEMO
2026-02-06,s12,NIFTYBANK,NIFTY BANK,Benchmark,INDEX,53179.502692,53311.488777,53049.991883,53163.40652,973774,FINTRACE_SYNTHETIC,DEMO
2026-02-07,s12,NIFTYBANK,NIFTY BANK,Benchmark,INDEX,53016.902944,53142.688546,52874.265098,52997.934136,1084640,FINTRACE_SYNTHETIC,DEMO
2026-02-08,s12,NIFTYBANK,NIFTY BANK,Benchmark,INDEX,52896.460574,53006.448784,52743.625509,52875.479486,1195506,FINTRACE_SYNTHETIC,DEMO
2026-02-09,s12,NIFTYBANK,NIFTY BANK,Benchmark,INDEX,52823.719436,52953.573914,52685.536212,52801.699563,1306372,FINTRACE_SYNTHETIC,DEMO
2026-02-10,s12,NIFTYBANK,NIFTY BANK,Benchmark,INDEX,52799.929386,52927.488069,52657.665141,52777.869729,467238,FINTRACE_SYNTHETIC,DEMO
2026-02-11,s12,NIFTYBANK,NIFTY BANK,Benchmark,INDEX,52821.945279,52928.056695,52668.782838,52800.780653,578104,FINTRACE_SYNTHETIC,DEMO
2026-02-12,s12,NIFTYBANK,NIFTY BANK,Benchmark,INDEX,52882.543595,53010.807653,52743.450209,52863.061396,688970,FINTRACE_SYNTHETIC,DEMO
2026-02-13,s12,NIFTYBANK,NIFTY BANK,Benchmark,INDEX,52971.126402,53100.953027,52836.547195,52953.897744,799836,FINTRACE_SYNTHETIC,DEMO
2026-02-14,s12,NIFTYBANK,NIFTY BANK,Benchmark,INDEX,53074.745496,53184.174293,52927.630387,53060.07724,910702,FINTRACE_SYNTHETIC,DEMO
2026-02-15,s12,NIFTYBANK,NIFTY BANK,Benchmark,INDEX,53179.348983,53306.135322,53043.909336,53167.261219,1021568,FINTRACE_SYNTHETIC,DEMO
2026-02-16,s12,NIFTYBANK,NIFTY BANK,Benchmark,INDEX,53271.131428,53403.077433,53146.834794,53261.362503,1132434,FINTRACE_SYNTHETIC,DEMO
2026-02-17,s12,NIFTYBANK,NIFTY BANK,Benchmark,INDEX,53337.858792,53451.531766,53197.506812,53329.897377,1243300,FINTRACE_SYNTHETIC,DEMO
2026-02-18,s12,NIFTYBANK,NIFTY BANK,Benchmark,INDEX,53370.041799,53494.666962,53236.654686,53363.182907,1354166,FINTRACE_SYNTHETIC,DEMO
2026-02-19,s12,NIFTYBANK,NIFTY BANK,Benchmark,INDEX,53361.845848,53494.893675,53244.206681,53355.26542,515032,FINTRACE_SYNTHETIC,DEMO
2026-02-20,s12,NIFTYBANK,NIFTY BANK,Benchmark,INDEX,53311.650692,53428.827705,53173.408318,53304.4916,625898,FINTRACE_SYNTHETIC,DEMO
2026-02-21,s12,NIFTYBANK,NIFTY BANK,Benchmark,INDEX,53222.206507,53343.520913,53085.175106,53213.66775,736764,FINTRACE_SYNTHETIC,DEMO
2026-02-22,s12,NIFTYBANK,NIFTY BANK,Benchmark,INDEX,53100.371474,53233.115903,52983.025079,53089.792016,847630,FINTRACE_SYNTHETIC,DEMO
2026-02-23,s12,NIFTYBANK,NIFTY BANK,Benchmark,INDEX,52956.455889,53076.178547,52814.912154,52943.385105,958496,FINTRACE_SYNTHETIC,DEMO
2026-02-24,s12,NIFTYBANK,NIFTY BANK,Benchmark,INDEX,52803.23533,52920.357256,52658.157504,52787.483323,1069362,FINTRACE_SYNTHETIC,DEMO
2026-02-25,s12,NIFTYBANK,NIFTY BANK,Benchmark,INDEX,52654.726996,52786.176169,52527.980548,52636.389934,1180228,FINTRACE_SYNTHETIC,DEMO
2026-02-26,s12,NIFTYBANK,NIFTY BANK,Benchmark,INDEX,52524.845884,52646.617859,52379.052792,52504.303915,1291094,FINTRACE_SYNTHETIC,DEMO
2026-02-27,s12,NIFTYBANK,NIFTY BANK,Benchmark,INDEX,52426.068968,52538.911117,52274.193852,52403.95687,451960,FINTRACE_SYNTHETIC,DEMO
2026-02-28,s12,NIFTYBANK,NIFTY BANK,Benchmark,INDEX,52368.234756,52498.268166,52233.942104,52345.388095,562826,FINTRACE_SYNTHETIC,DEMO
2026-03-01,s12,NIFTYBANK,NIFTY BANK,Benchmark,INDEX,52357.592747,52481.658794,52212.680691,52334.97463,673692,FINTRACE_SYNTHETIC,DEMO
2026-03-02,s12,NIFTYBANK,NIFTY BANK,Benchmark,INDEX,52396.193446,52505.370234,52244.241136,52374.808826,784558,FINTRACE_SYNTHETIC,DEMO
2026-03-03,s12,NIFTYBANK,NIFTY BANK,Benchmark,INDEX,52481.677169,52610.782778,52347.278974,52462.482841,895424,FINTRACE_SYNTHETIC,DEMO
2026-03-04,s12,NIFTYBANK,NIFTY BANK,Benchmark,INDEX,52607.481856,52734.445507,52471.328007,52591.300698,1006290,FINTRACE_SYNTHETIC,DEMO
2026-03-05,s12,NIFTYBANK,NIFTY BANK,Benchmark,INDEX,52763.450163,52869.677528,52619.029814,52750.89776,1117156,FINTRACE_SYNTHETIC,DEMO
2026-03-06,s12,NIFTYBANK,NIFTY BANK,Benchmark,INDEX,52936.778045,53065.295837,52808.649941,52928.208672,1228022,FINTRACE_SYNTHETIC,DEMO
2026-03-07,s12,NIFTYBANK,NIFTY BANK,Benchmark,INDEX,53113.214507,53243.286848,52990.786512,53108.691606,1338888,FINTRACE_SYNTHETIC,DEMO
2026-03-08,s12,NIFTYBANK,NIFTY BANK,Benchmark,INDEX,53278.398247,53388.012819,53144.674013,53277.69217,499754,FINTRACE_SYNTHETIC,DEMO
2026-03-09,s12,NIFTYBANK,NIFTY BANK,Benchmark,INDEX,53419.203882,53549.332074,53295.44977,53421.817117,610620,FINTRACE_SYNTHETIC,DEMO
2026-03-10,s12,NIFTYBANK,NIFTY BANK,Benchmark,INDEX,53524.969518,53662.702403,53409.649363,53530.186962,721486,FINTRACE_SYNTHETIC,DEMO
2026-03-11,s12,NIFTYBANK,NIFTY BANK,Benchmark,INDEX,53588.488778,53709.441047,53455.395052,53595.448262,832352,FINTRACE_SYNTHETIC,DEMO
2026-03-12,s12,NIFTYBANK,NIFTY BANK,Benchmark,INDEX,53606.672819,53739.820409,53479.727053,53614.449133,943218,FINTRACE_SYNTHETIC,DEMO
2026-03-13,s12,NIFTYBANK,NIFTY BANK,Benchmark,INDEX,53580.819358,53722.087066,53469.057341,53588.513777,1054084,FINTRACE_SYNTHETIC,DEMO
2026-03-14,s12,NIFTYBANK,NIFTY BANK,Benchmark,INDEX,53516.463191,53640.714201,53384.765831,53523.289947,1164950,FINTRACE_SYNTHETIC,DEMO
2026-03-15,s12,NIFTYBANK,NIFTY BANK,Benchmark,INDEX,53422.82259,53550.163459,53293.957891,53428.184039,1275816,FINTRACE_SYNTHETIC,DEMO
2026-03-16,s12,NIFTYBANK,NIFTY BANK,Benchmark,INDEX,53311.894461,53448.713602,53204.445004,53315.437799,1386682,FINTRACE_SYNTHETIC,DEMO
2026-03-17,s12,NIFTYBANK,NIFTY BANK,Benchmark,INDEX,53197.284696,53319.004209,53068.073729,53198.934786,547548,FINTRACE_SYNTHETIC,DEMO
2026-03-18,s12,NIFTYBANK,NIFTY BANK,Benchmark,INDEX,53092.885313,53210.860695,52962.880003,53092.85053,658414,FINTRACE_SYNTHETIC,DEMO
2026-03-19,s12,NIFTYBANK,NIFTY BANK,Benchmark,INDEX,53011.524654,53143.89148,52901.328798,53010.275178,769280,FINTRACE_SYNTHETIC,DEMO
2026-03-20,s12,NIFTYBANK,NIFTY BANK,Benchmark,INDEX,52963.719448,53086.327492,52835.448804,52961.940082,880146,FINTRACE_SYNTHETIC,DEMO
2026-03-21,s12,NIFTYBANK,NIFTY BANK,Benchmark,INDEX,52956.64781,53070.854879,52824.114341,52955.169853,991012,FINTRACE_SYNTHETIC,DEMO
2026-03-22,s12,NIFTYBANK,NIFTY BANK,Benchmark,INDEX,52993.441242,53125.086607,52880.561619,52993.159898,1101878,FINTRACE_SYNTHETIC,DEMO
2026-03-23,s12,NIFTYBANK,NIFTY BANK,Benchmark,INDEX,53072.86322,53200.254666,52948.672097,53074.64846,1212744,FINTRACE_SYNTHETIC,DEMO
2026-03-24,s12,NIFTYBANK,NIFTY BANK,Benchmark,INDEX,53189.40514,53305.085628,53056.847126,53194.014514,1323610,FINTRACE_SYNTHETIC,DEMO
2026-03-25,s12,NIFTYBANK,NIFTY BANK,Benchmark,INDEX,53333.790585,53473.105377,53216.890957,53341.792328,484476,FINTRACE_SYNTHETIC,DEMO
2026-03-26,s12,NIFTYBANK,NIFTY BANK,Benchmark,INDEX,53493.839936,53634.550737,53371.61319,53505.55372,595342,FINTRACE_SYNTHETIC,DEMO
2026-03-27,s12,NIFTYBANK,NIFTY BANK,Benchmark,INDEX,53655.613018,53779.366101,53521.490799,53671.074021,706208,FINTRACE_SYNTHETIC,DEMO
2026-03-28,s12,NIFTYBANK,NIFTY BANK,Benchmark,INDEX,53804.720917,53954.464053,53683.386509,53823.670665,817074,FINTRACE_SYNTHETIC,DEMO
2026-03-29,s12,NIFTYBANK,NIFTY BANK,Benchmark,INDEX,53927.682024,54081.601459,53807.744875,53949.58691,927940,FINTRACE_SYNTHETIC,DEMO
2026-03-30,s12,NIFTYBANK,NIFTY BANK,Benchmark,INDEX,54013.193086,54148.227039,53878.312219,54037.288822,1038806,FINTRACE_SYNTHETIC,DEMO
2026-03-31,s12,NIFTYBANK,NIFTY BANK,Benchmark,INDEX,54053.194173,54207.785288,53928.157123,54078.551986,1149672,FINTRACE_SYNTHETIC,DEMO
2026-04-01,s12,NIFTYBANK,NIFTY BANK,Benchmark,INDEX,54043.626103,54203.00929,53926.961352,54069.234377,1260538,FINTRACE_SYNTHETIC,DEMO
2026-04-02,s12,NIFTYBANK,NIFTY BANK,Benchmark,INDEX,53984.80816,54124.304107,53850.670505,54009.661795,1371404,FINTRACE_SYNTHETIC,DEMO
2026-04-03,s12,NIFTYBANK,NIFTY BANK,Benchmark,INDEX,53881.40015,54030.813794,53753.965963,53904.589144,532270,FINTRACE_SYNTHETIC,DEMO
2026-04-04,s12,NIFTYBANK,NIFTY BANK,Benchmark,INDEX,53741.952453,53896.706972,53629.620206,53762.741303,643136,FINTRACE_SYNTHETIC,DEMO
2026-04-05,s12,NIFTYBANK,NIFTY BANK,Benchmark,INDEX,53578.086987,53713.34205,53446.146996,53595.977371,754002,FINTRACE_SYNTHETIC,DEMO
2026-04-06,s12,NIFTYBANK,NIFTY BANK,Benchmark,INDEX,53403.387195,53540.308822,53274.704037,53418.158004,864868,FINTRACE_SYNTHETIC,DEMO
2026-04-07,s12,NIFTYBANK,NIFTY BANK,Benchmark,INDEX,53232.10287,53376.912253,53124.57879,53243.823809,975734,FINTRACE_SYNTHETIC,DEMO
2026-04-08,s12,NIFTYBANK,NIFTY BANK,Benchmark,INDEX,53077.793314,53206.425095,52948.752736,53086.810805,1086600,FINTRACE_SYNTHETIC,DEMO
2026-04-09,s12,NIFTYBANK,NIFTY BANK,Benchmark,INDEX,52952.038149,53076.822207,52822.517334,52958.934935,1197466,FINTRACE_SYNTHETIC,DEMO
2026-04-10,s12,NIFTYBANK,NIFTY BANK,Benchmark,INDEX,52863.338689,53000.906436,52754.926931,52868.871009,1308332,FINTRACE_SYNTHETIC,DEMO
2026-04-11,s12,NIFTYBANK,NIFTY BANK,Benchmark,INDEX,52816.314564,52943.429147,52690.024659,52821.332936,469198,FINTRACE_SYNTHETIC,DEMO
2026-04-12,s12,NIFTYBANK,NIFTY BANK,Benchmark,INDEX,52811.272159,52930.760125,52680.646963,52816.633352,580064,FINTRACE_SYNTHETIC,DEMO
2026-04-13,s12,NIFTYBANK,NIFTY BANK,Benchmark,INDEX,52844.185955,52982.012632,52732.130941,52850.664585,690930,FINTRACE_SYNTHETIC,DEMO
2026-04-14,s12,NIFTYBANK,NIFTY BANK,Benchmark,INDEX,52907.094511,53040.371805,52783.120318,52915.302717,801796,FINTRACE_SYNTHETIC,DEMO
2026-04-15,s12,NIFTYBANK,NIFTY BANK,Benchmark,INDEX,52988.873266,53110.091187,52856.857328,52999.196153,912662,FINTRACE_SYNTHETIC,DEMO
2026-04-16,s12,NIFTYBANK,NIFTY BANK,Benchmark,INDEX,53076.310414,53219.643058,52960.192461,53088.86346,1023528,FINTRACE_SYNTHETIC,DEMO
2026-04-17,s12,NIFTYBANK,NIFTY BANK,Benchmark,INDEX,53155.383229,53298.048825,53033.737076,53169.995733,1134394,FINTRACE_SYNTHETIC,DEMO
2026-04-18,s12,NIFTYBANK,NIFTY BANK,Benchmark,INDEX,53212.613048,53336.474407,53079.607568,53228.839235,1245260,FINTRACE_SYNTHETIC,DEMO
2026-04-19,s12,NIFTYBANK,NIFTY BANK,Benchmark,INDEX,53236.369678,53383.053681,53116.520121,53253.526422,1356126,FINTRACE_SYNTHETIC,DEMO
2026-04-20,s12,NIFTYBANK,NIFTY BANK,Benchmark,INDEX,53218.000753,53365.388364,53099.431869,53235.228348,516992,FINTRACE_SYNTHETIC,DEMO
2026-04-21,s12,NIFTYBANK,NIFTY BANK,Benchmark,INDEX,53152.678283,53277.940063,53019.922382,53169.018493,627858,FINTRACE_SYNTHETIC,DEMO
2026-04-22,s12,NIFTYBANK,NIFTY BANK,Benchmark,INDEX,53039.881581,53181.297594,52917.372167,53054.365545,738724,FINTRACE_SYNTHETIC,DEMO
2026-04-23,s12,NIFTYBANK,NIFTY BANK,Benchmark,INDEX,52883.470413,53026.002955,52769.088495,52895.20804,849590,FINTRACE_SYNTHETIC,DEMO
2026-04-24,s12,NIFTYBANK,NIFTY BANK,Benchmark,INDEX,52691.341278,52811.238818,52560.361348,52699.60363,960456,FINTRACE_SYNTHETIC,DEMO
2026-04-25,s12,NIFTYBANK,NIFTY BANK,Benchmark,INDEX,52474.69947,52602.041584,52350.751679,52478.986287,1071322,FINTRACE_SYNTHETIC,DEMO
2026-04-26,s12,NIFTYBANK,NIFTY BANK,Benchmark,INDEX,52247.016177,52377.248405,52137.58142,52247.102124,1182188,FINTRACE_SYNTHETIC,DEMO
2026-04-27,s12,NIFTYBANK,NIFTY BANK,Benchmark,INDEX,52022.76994,52136.476215,51890.538763,52018.72516,1293054,FINTRACE_SYNTHETIC,DEMO
2026-04-28,s12,NIFTYBANK,NIFTY BANK,Benchmark,INDEX,51816.092293,51934.766978,51683.568122,51808.275329,453920,FINTRACE_SYNTHETIC,DEMO
2026-04-29,s12,NIFTYBANK,NIFTY BANK,Benchmark,INDEX,51639.446585,51768.514611,51523.95718,51628.470334,564786,FINTRACE_SYNTHETIC,DEMO
2026-04-30,s12,NIFTYBANK,NIFTY BANK,Benchmark,INDEX,51502.465807,51618.313217,51363.846932,51489.139757,675652,FINTRACE_SYNTHETIC,DEMO
2026-05-01,s12,NIFTYBANK,NIFTY BANK,Benchmark,INDEX,51411.06007,51525.704253,51270.702532,51396.314325,786518,FINTRACE_SYNTHETIC,DEMO
2026-05-02,s12,NIFTYBANK,NIFTY BANK,Benchmark,INDEX,51366.878712,51495.185136,51246.591573,51351.677034,897384,FINTRACE_SYNTHETIC,DEMO
2026-05-03,s12,NIFTYBANK,NIFTY BANK,Benchmark,INDEX,51367.178164,51485.73465,51229.497941,51352.428324,1008250,FINTRACE_SYNTHETIC,DEMO
2026-05-04,s12,NIFTYBANK,NIFTY BANK,Benchmark,INDEX,51405.108062,51516.399885,51264.538455,51391.578029,1119116,FINTRACE_SYNTHETIC,DEMO
2026-05-05,s12,NIFTYBANK,NIFTY BANK,Benchmark,INDEX,51470.388191,51598.359791,51349.740419,51458.636133,1229982,FINTRACE_SYNTHETIC,DEMO
2026-05-06,s12,NIFTYBANK,NIFTY BANK,Benchmark,INDEX,51550.311621,51671.997103,51419.698961,51540.63638,1340848,FINTRACE_SYNTHETIC,DEMO
2026-05-07,s12,NIFTYBANK,NIFTY BANK,Benchmark,INDEX,51630.978267,51739.234834,51494.824223,51623.395012,501714,FINTRACE_SYNTHETIC,DEMO
2026-05-08,s12,NIFTYBANK,NIFTY BANK,Benchmark,INDEX,51698.641187,51826.081076,51580.005592,51692.884535,612580,FINTRACE_SYNTHETIC,DEMO
2026-05-09,s12,NIFTYBANK,NIFTY BANK,Benchmark,INDEX,51741.037139,51865.515814,51618.005769,51736.591438,723446,FINTRACE_SYNTHETIC,DEMO
2026-05-10,s12,NIFTYBANK,NIFTY BANK,Benchmark,INDEX,51748.574474,51853.445123,51615.402981,51744.728323,834312,FINTRACE_SYNTHETIC,DEMO
2026-05-11,s12,NIFTYBANK,NIFTY BANK,Benchmark,INDEX,51715.265005,51841.164932,51594.967213,51711.184797,945178,FINTRACE_SYNTHETIC,DEMO
2026-05-12,s12,NIFTYBANK,NIFTY BANK,Benchmark,INDEX,51639.310943,51765.463838,51518.883426,51634.126378,1056044,FINTRACE_SYNTHETIC,DEMO
2026-05-13,s12,NIFTYBANK,NIFTY BANK,Benchmark,INDEX,51523.290849,51628.613954,51387.494565,51516.184256,1166910,FINTRACE_SYNTHETIC,DEMO
2026-05-14,s12,NIFTYBANK,NIFTY BANK,Benchmark,INDEX,51373.926821,51496.978504,51245.757743,51364.217709,1277776,FINTRACE_SYNTHETIC,DEMO
2026-05-15,s12,NIFTYBANK,NIFTY BANK,Benchmark,INDEX,51201.455019,51327.986985,51077.741717,51188.671802,1388642,FINTRACE_SYNTHETIC,DEMO
2026-05-16,s12,NIFTYBANK,NIFTY BANK,Benchmark,INDEX,51018.659505,51126.514285,50875.757003,51002.591495,549508,FINTRACE_SYNTHETIC,DEMO
2026-05-17,s12,NIFTYBANK,NIFTY BANK,Benchmark,INDEX,50839.661446,50959.035008,50700.501763,50820.386141,660374,FINTRACE_SYNTHETIC,DEMO
2026-05-18,s12,NIFTYBANK,NIFTY BANK,Benchmark,INDEX,50678.579062,50804.774797,50550.138897,50656.462089,771240,FINTRACE_SYNTHETIC,DEMO
2026-05-19,s12,NIFTYBANK,NIFTY BANK,Benchmark,INDEX,50548.186052,50658.461251,50399.268915,50523.853724,882106,FINTRACE_SYNTHETIC,DEMO
2026-05-20,s12,NIFTYBANK,NIFTY BANK,Benchmark,INDEX,50458.696362,50574.443439,50311.717082,50432.983441,992972,FINTRACE_SYNTHETIC,DEMO
2026-05-21,s12,NIFTYBANK,NIFTY BANK,Benchmark,INDEX,50416.791138,50542.791405,50288.438603,50390.668736,1103838,FINTRACE_SYNTHETIC,DEMO
2026-05-22,s12,NIFTYBANK,NIFTY BANK,Benchmark,INDEX,50424.980628,50538.210467,50276.71946,50399.471086,1214704,FINTRACE_SYNTHETIC,DEMO
2026-05-23,s12,NIFTYBANK,NIFTY BANK,Benchmark,INDEX,50481.36186,50594.13079,50334.235039,50457.448682,1325570,FINTRACE_SYNTHETIC,DEMO
2026-05-24,s12,NIFTYBANK,NIFTY BANK,Benchmark,INDEX,50579.795219,50706.155413,50455.097515,50558.336613,486436,FINTRACE_SYNTHETIC,DEMO
2026-05-25,s12,NIFTYBANK,NIFTY BANK,Benchmark,INDEX,50710.483119,50827.346544,50570.650175,50692.13734,597302,FINTRACE_SYNTHETIC,DEMO
2026-05-26,s12,NIFTYBANK,NIFTY BANK,Benchmark,INDEX,50860.895626,50971.221387,50720.449345,50846.065218,708168,FINTRACE_SYNTHETIC,DEMO
2026-05-27,s12,NIFTYBANK,NIFTY BANK,Benchmark,INDEX,51016.95484,51143.850552,50898.037492,51005.75504,819034,FINTRACE_SYNTHETIC,DEMO
2026-05-28,s12,NIFTYBANK,NIFTY BANK,Benchmark,INDEX,51164.365169,51284.981999,51036.420579,51156.619471,929900,FINTRACE_SYNTHETIC,DEMO
2026-05-29,s12,NIFTYBANK,NIFTY BANK,Benchmark,INDEX,51289.962752,51397.726808,51157.542334,51285.225997,1040766,FINTRACE_SYNTHETIC,DEMO
2026-05-30,s12,NIFTYBANK,NIFTY BANK,Benchmark,INDEX,51382.955428,51509.699722,51268.577137,51380.56221,1151632,FINTRACE_SYNTHETIC,DEMO
2026-05-31,s12,NIFTYBANK,NIFTY BANK,Benchmark,INDEX,51435.935142,51559.545996,51316.990162,51435.06887,1262498,FINTRACE_SYNTHETIC,DEMO
2026-06-01,s12,NIFTYBANK,NIFTY BANK,Benchmark,INDEX,51445.566342,51550.050239,51316.778356,51445.342353,1373364,FINTRACE_SYNTHETIC,DEMO
2026-06-02,s12,NIFTYBANK,NIFTY BANK,Benchmark,INDEX,51412.884835,51538.160349,51297.091647,51412.439603,534230,FINTRACE_SYNTHETIC,DEMO
2026-06-03,s12,NIFTYBANK,NIFTY BANK,Benchmark,INDEX,51343.178696,51468.501866,51226.965376,51341.756618,645096,FINTRACE_SYNTHETIC,DEMO
2026-06-04,s12,NIFTYBANK,NIFTY BANK,Benchmark,INDEX,51245.462711,51349.991887,51114.467119,51242.492156,755962,FINTRACE_SYNTHETIC,DEMO
2026-06-05,s12,NIFTYBANK,NIFTY BANK,Benchmark,INDEX,51131.596533,51254.205604,51009.015074,51126.747905,866828,FINTRACE_SYNTHETIC,DEMO
2026-06-06,s12,NIFTYBANK,NIFTY BANK,Benchmark,INDEX,51015.13076,51141.125883,50897.599259,51008.351008,977694,FINTRACE_SYNTHETIC,DEMO
2026-06-07,s12,NIFTYBANK,NIFTY BANK,Benchmark,INDEX,50909.991047,51017.396498,50774.877787,50901.511313,1088560,FINTRACE_SYNTHETIC,DEMO
2026-06-08,s12,NIFTYBANK,NIFTY BANK,Benchmark,INDEX,50829.125811,50948.635449,50699.716613,50819.441493,1199426,FINTRACE_SYNTHETIC,DEMO
2026-06-09,s12,NIFTYBANK,NIFTY BANK,Benchmark,INDEX,50783.246598,50909.657534,50666.283685,50773.071697,1310292,FINTRACE_SYNTHETIC,DEMO
2026-06-10,s12,NIFTYBANK,NIFTY BANK,Benchmark,INDEX,50779.781297,50890.35199,50644.709002,50769.981403,471158,FINTRACE_SYNTHETIC,DEMO
2026-06-11,s12,NIFTYBANK,NIFTY BANK,Benchmark,INDEX,50822.140135,50938.902294,50691.601751,50813.650435,582024,FINTRACE_SYNTHETIC,DEMO
2026-06-12,s12,NIFTYBANK,NIFTY BANK,Benchmark,INDEX,50909.364566,51036.581908,50799.606104,50903.100683,692890,FINTRACE_SYNTHETIC,DEMO
2026-06-13,s12,NIFTYBANK,NIFTY BANK,Benchmark,INDEX,51036.192634,51150.5977,50908.558236,51032.962807,803756,FINTRACE_SYNTHETIC,DEMO
2026-06-14,s12,NIFTYBANK,NIFTY BANK,Benchmark,INDEX,51193.534741,51308.522277,51068.630487,51193.961704,914622,FINTRACE_SYNTHETIC,DEMO
2026-06-15,s12,NIFTYBANK,NIFTY BANK,Benchmark,INDEX,51369.314564,51502.136424,51264.64609,51373.774597,1025488,FINTRACE_SYNTHETIC,DEMO
2026-06-16,s12,NIFTYBANK,NIFTY BANK,Benchmark,INDEX,51549.595104,51676.815429,51425.914836,51558.18006,1136354,FINTRACE_SYNTHETIC,DEMO
2026-06-17,s12,NIFTYBANK,NIFTY BANK,Benchmark,INDEX,51719.882638,51844.819856,51592.186384,51732.388577,1247220,FINTRACE_SYNTHETIC,DEMO
2026-06-18,s12,NIFTYBANK,NIFTY BANK,Benchmark,INDEX,51866.484383,52011.52673,51757.173037,51882.427922,1358086,FINTRACE_SYNTHETIC,DEMO
2026-06-19,s12,NIFTYBANK,NIFTY BANK,Benchmark,INDEX,51977.790572,52118.868176,51855.4985,51996.451393,518952,FINTRACE_SYNTHETIC,DEMO
2026-06-20,s12,NIFTYBANK,NIFTY BANK,Benchmark,INDEX,52045.358835,52175.46403,51915.830247,52065.844327,629818,FINTRACE_SYNTHETIC,DEMO
2026-06-21,s12,NIFTYBANK,NIFTY BANK,Benchmark,INDEX,52064.697609,52214.583835,51951.43687,52086.023497,740684,FINTRACE_SYNTHETIC,DEMO
2026-06-22,s12,NIFTYBANK,NIFTY BANK,Benchmark,INDEX,52035.67402,52181.819297,51916.031407,52056.853317,851550,FINTRACE_SYNTHETIC,DEMO
2026-06-23,s12,NIFTYBANK,NIFTY BANK,Benchmark,INDEX,51962.507435,52088.443486,51832.666277,51982.639264,962416,FINTRACE_SYNTHETIC,DEMO
2026-06-24,s12,NIFTYBANK,NIFTY BANK,Benchmark,INDEX,51853.349407,51998.203684,51737.213141,51871.699249,1073282,FINTRACE_SYNTHETIC,DEMO
2026-06-25,s12,NIFTYBANK,NIFTY BANK,Benchmark,INDEX,51719.490149,51861.725928,51603.653005,51735.553897,1184148,FINTRACE_SYNTHETIC,DEMO
2026-06-26,s12,NIFTYBANK,NIFTY BANK,Benchmark,INDEX,51574.267256,51692.812825,51445.396158,51587.812998,1295014,FINTRACE_SYNTHETIC,DEMO
2026-06-27,s12,NIFTYBANK,NIFTY BANK,Benchmark,INDEX,51431.780799,51566.356903,51313.527304,51442.864381,455880,FINTRACE_SYNTHETIC,DEMO
2026-06-28,s12,NIFTYBANK,NIFTY BANK,Benchmark,INDEX,51305.537346,51441.146003,51193.927349,51314.490259,566746,FINTRACE_SYNTHETIC,DEMO
2026-06-29,s12,NIFTYBANK,NIFTY BANK,Benchmark,INDEX,51207.15224,51322.369635,51079.709588,51214.543021,677612,FINTRACE_SYNTHETIC,DEMO
2026-06-30,s12,NIFTYBANK,NIFTY BANK,Benchmark,INDEX,51145.233898,51272.235521,51024.901191,51151.806766,788478,FINTRACE_SYNTHETIC,DEMO
2026-07-01,s12,NIFTYBANK,NIFTY BANK,Benchmark,INDEX,51124.556536,51258.382394,51016.80809,51131.153145,899344,FINTRACE_SYNTHETIC,DEMO
2026-07-02,s12,NIFTYBANK,NIFTY BANK,Benchmark,INDEX,51145.600232,51264.243544,51019.321612,51153.072031,1010210,FINTRACE_SYNTHETIC,DEMO
2026-07-03,s12,NIFTYBANK,NIFTY BANK,Benchmark,INDEX,51204.502172,51331.464935,51081.650332,51213.621779,1121076,FINTRACE_SYNTHETIC,DEMO
2026-07-04,s12,NIFTYBANK,NIFTY BANK,Benchmark,INDEX,51293.423775,51432.993275,51188.909162,51304.803835,1231942,FINTRACE_SYNTHETIC,DEMO
2026-07-05,s12,NIFTYBANK,NIFTY BANK,Benchmark,INDEX,51401.298673,51530.381244,51275.887139,51415.325989,1342808,FINTRACE_SYNTHETIC,DEMO
2026-07-06,s12,NIFTYBANK,NIFTY BANK,Benchmark,INDEX,51514.890258,51647.197954,51389.311253,51531.681497,503674,FINTRACE_SYNTHETIC,DEMO
2026-07-07,s12,NIFTYBANK,NIFTY BANK,Benchmark,INDEX,51620.057949,51768.482977,51515.106452,51639.441196,614540,FINTRACE_SYNTHETIC,DEMO
2026-07-08,s12,NIFTYBANK,NIFTY BANK,Benchmark,INDEX,51703.111454,51843.470381,51578.925921,51724.635397,725406,FINTRACE_SYNTHETIC,DEMO
2026-07-09,s12,NIFTYBANK,NIFTY BANK,Benchmark,INDEX,51752.123869,51887.832464,51624.428358,51775.093793,836272,FINTRACE_SYNTHETIC,DEMO
2026-07-10,s12,NIFTYBANK,NIFTY BANK,Benchmark,INDEX,51758.078424,51910.511859,51649.219469,51781.615596,947138,FINTRACE_SYNTHETIC,DEMO
2026-07-11,s12,NIFTYBANK,NIFTY BANK,Benchmark,INDEX,51715.739467,51860.506357,51593.902462,51738.858307,1058004,FINTRACE_SYNTHETIC,DEMO
2026-07-12,s12,NIFTYBANK,NIFTY BANK,Benchmark,INDEX,51624.164631,51754.819007,51495.733449,51645.860324,1168870,FINTRACE_SYNTHETIC,DEMO
2026-07-13,s12,NIFTYBANK,NIFTY BANK,Benchmark,INDEX,51486.809263,51633.355593,51375.019391,51506.147512,1279736,FINTRACE_SYNTHETIC,DEMO
2026-07-14,s12,NIFTYBANK,NIFTY BANK,Benchmark,INDEX,51311.213103,51450.491639,51193.054877,51327.413484,1390602,FINTRACE_SYNTHETIC,DEMO
2026-07-15,s12,NIFTYBANK,NIFTY BANK,Benchmark,INDEX,51108.299002,51225.079675,50980.609297,51120.804007,551468,FINTRACE_SYNTHETIC,DEMO
2026-07-16,s12,NIFTYBANK,NIFTY BANK,Benchmark,INDEX,50891.350431,51024.115113,50777.566895,50899.873641,662334,FINTRACE_SYNTHETIC,DEMO
2026-07-17,s12,NIFTYBANK,NIFTY BANK,Benchmark,INDEX,50674.765179,50802.801691,50561.071588,50679.314009,773200,FINTRACE_SYNTHETIC,DEMO
2026-07-18,s12,NIFTYBANK,NIFTY BANK,Benchmark,INDEX,50472.70395,50576.083869,50346.570569,50473.574809,884066,FINTRACE_SYNTHETIC,DEMO
2026-07-19,s12,NIFTYBANK,NIFTY BANK,Benchmark,INDEX,50297.762573,50418.638618,50180.0469,50295.508926,994932,FINTRACE_SYNTHETIC,DEMO
2026-07-20,s12,NIFTYBANK,NIFTY BANK,Benchmark,INDEX,50159.794312,50283.521211,50045.855703,50155.170714,1105798,FINTRACE_SYNTHETIC,DEMO
2026-07-21,s12,NIFTYBANK,NIFTY BANK,Benchmark,INDEX,50064.994422,50170.183988,49934.251246,50058.88186,1216664,FINTRACE_SYNTHETIC,DEMO
2026-07-22,s12,NIFTYBANK,NIFTY BANK,Benchmark,INDEX,50015.334106,50133.242693,49891.152731,50008.653795,1327530,FINTRACE_SYNTHETIC,DEMO
2026-07-23,s12,NIFTYBANK,NIFTY BANK,Benchmark,INDEX,50008.397705,50132.78464,49896.423035,50002.021562,488396,FINTRACE_SYNTHETIC,DEMO
2026-07-24,s12,NIFTYBANK,NIFTY BANK,Benchmark,INDEX,50037.63853,50146.1778,49908.699144,50032.304867,599262,FINTRACE_SYNTHETIC,DEMO
2026-07-25,s12,NIFTYBANK,NIFTY BANK,Benchmark,INDEX,50093.028805,50208.469891,49969.229387,50089.271282,710128,FINTRACE_SYNTHETIC,DEMO
2026-07-26,s12,NIFTYBANK,NIFTY BANK,Benchmark,INDEX,50162.04163,50287.358114,50057.711521,50160.13826,820994,FINTRACE_SYNTHETIC,DEMO
2026-07-27,s12,NIFTYBANK,NIFTY BANK,Benchmark,INDEX,50230.871233,50343.07993,50108.157695,50230.818276,931860,FINTRACE_SYNTHETIC,DEMO
2026-07-28,s12,NIFTYBANK,NIFTY BANK,Benchmark,INDEX,50285.775035,50400.2096,50163.300696,50287.288291,1042726,FINTRACE_SYNTHETIC,DEMO
2026-07-29,s12,NIFTYBANK,NIFTY BANK,Benchmark,INDEX,50314.409457,50442.703614,50212.334793,50316.952816,1153592,FINTRACE_SYNTHETIC,DEMO
2026-07-30,s12,NIFTYBANK,NIFTY BANK,Benchmark,INDEX,50307.032009,50425.275608,50186.068055,50309.870535,1264458,FINTRACE_SYNTHETIC,DEMO
2026-07-31,s12,NIFTYBANK,NIFTY BANK,Benchmark,INDEX,50257.454904,50369.373988,50133.527272,50259.72738,1375324,FINTRACE_SYNTHETIC,DEMO
2026-08-01,s12,NIFTYBANK,NIFTY BANK,Benchmark,INDEX,50163.659199,50289.378878,50058.371095,50164.463204,536190,FINTRACE_SYNTHETIC,DEMO
2026-08-02,s12,NIFTYBANK,NIFTY BANK,Benchmark,INDEX,50028.010756,50145.477988,49908.480031,50026.492153,647056,FINTRACE_SYNTHETIC,DEMO
2026-08-03,s12,NIFTYBANK,NIFTY BANK,Benchmark,INDEX,49857.057345,49962.457199,49728.521391,49852.495624,757922,FINTRACE_SYNTHETIC,DEMO
2026-08-04,s12,NIFTYBANK,NIFTY BANK,Benchmark,INDEX,49660.926103,49783.651276,49545.206397,49652.807431,868788,FINTRACE_SYNTHETIC,DEMO
2026-08-05,s12,NIFTYBANK,NIFTY BANK,Benchmark,INDEX,49452.378685,49570.827387,49326.425852,49440.44967,979654,FINTRACE_SYNTHETIC,DEMO
2026-08-06,s12,NIFTYBANK,NIFTY BANK,Benchmark,INDEX,49245.614076,49346.281928,49106.932688,49229.911102,1090520,FINTRACE_SYNTHETIC,DEMO
2026-08-07,s12,NIFTYBANK,NIFTY BANK,Benchmark,INDEX,49054.933105,49174.772806,48926.341391,49035.784411,1201386,FINTRACE_SYNTHETIC,DEMO
2026-08-08,s12,NIFTYBANK,NIFTY BANK,Benchmark,INDEX,48893.391881,49012.421642,48761.556183,48871.392154,1312252,FINTRACE_SYNTHETIC,DEMO
2026-08-09,s12,NIFTYBANK,NIFTY BANK,Benchmark,INDEX,48771.572427,48870.409322,48625.697812,48747.532316,473118,FINTRACE_SYNTHETIC,DEMO
2026-08-10,s12,NIFTYBANK,NIFTY BANK,Benchmark,INDEX,48696.587658,48813.74242,48559.903494,48671.462973,583984,FINTRACE_SYNTHETIC,DEMO
2026-08-11,s12,NIFTYBANK,NIFTY BANK,Benchmark,INDEX,48671.415471,48791.39282,48539.996,48646.222796,694850,FINTRACE_SYNTHETIC,DEMO
2026-08-12,s12,NIFTYBANK,NIFTY BANK,Benchmark,INDEX,48694.625378,48796.724465,48549.135879,48670.352101,805716,FINTRACE_SYNTHETIC,DEMO
2026-08-13,s12,NIFTYBANK,NIFTY BANK,Benchmark,INDEX,48760.523682,48875.624326,48623.680251,48738.040995,916582,FINTRACE_SYNTHETIC,DEMO
2026-08-14,s12,NIFTYBANK,NIFTY BANK,Benchmark,INDEX,48859.703329,48981.183772,48736.336174,48839.690444,1027448,FINTRACE_SYNTHETIC,DEMO
2026-08-15,s12,NIFTYBANK,NIFTY BANK,Benchmark,INDEX,48979.945959,49085.986621,48841.796756,48962.832734,1138314,FINTRACE_SYNTHETIC,DEMO
2026-08-16,s12,NIFTYBANK,NIFTY BANK,Benchmark,INDEX,49107.390153,49220.731586,48975.801603,49093.323556,1249180,FINTRACE_SYNTHETIC,DEMO
2026-08-17,s12,NIFTYBANK,NIFTY BANK,Benchmark,INDEX,49227.854468,49350.817876,49115.974863,49216.692055,1360046,FINTRACE_SYNTHETIC,DEMO
2026-08-18,s12,NIFTYBANK,NIFTY BANK,Benchmark,INDEX,49328.189151,49438.187972,49198.983629,49319.520111,520912,FINTRACE_SYNTHETIC,DEMO
2026-08-19,s12,NIFTYBANK,NIFTY BANK,Benchmark,INDEX,49397.527635,49508.640934,49270.5332,49390.719393,631778,FINTRACE_SYNTHETIC,DEMO
2026-08-20,s12,NIFTYBANK,NIFTY BANK,Benchmark,INDEX,49428.318549,49551.8601,49322.537455,49422.58442,742644,FINTRACE_SYNTHETIC,DEMO
2026-08-21,s12,NIFTYBANK,NIFTY BANK,Benchmark,INDEX,49417.039863,49530.21938,49292.58285,49411.521285,853510,FINTRACE_SYNTHETIC,DEMO
2026-08-22,s12,NIFTYBANK,NIFTY BANK,Benchmark,INDEX,49364.527119,49472.423958,49236.752169,49358.382579,964376,FINTRACE_SYNTHETIC,DEMO
2026-08-23,s12,NIFTYBANK,NIFTY BANK,Benchmark,INDEX,49275.884487,49398.629677,49165.181568,49268.376642,1075242,FINTRACE_SYNTHETIC,DEMO
2026-08-24,s12,NIFTYBANK,NIFTY BANK,Benchmark,INDEX,49159.987191,49275.2594,49034.4633,49150.559822,1186108,FINTRACE_SYNTHETIC,DEMO
2026-08-25,s12,NIFTYBANK,NIFTY BANK,Benchmark,INDEX,49028.622773,49132.482327,48895.114231,49016.960224,1296974,FINTRACE_SYNTHETIC,DEMO
2026-08-26,s12,NIFTYBANK,NIFTY BANK,Benchmark,INDEX,48895.35314,49016.257783,48775.691371,48881.41653,457840,FINTRACE_SYNTHETIC,DEMO
2026-08-27,s12,NIFTYBANK,NIFTY BANK,Benchmark,INDEX,48774.205944,48890.897298,48645.622239,48758.242669,568706,FINTRACE_SYNTHETIC,DEMO
2026-08-28,s12,NIFTYBANK,NIFTY BANK,Benchmark,INDEX,48678.320129,48778.042826,48539.308851,48660.845729,679572,FINTRACE_SYNTHETIC,DEMO
2026-08-29,s12,NIFTYBANK,NIFTY BANK,Benchmark,INDEX,48618.674859,48737.547747,48492.148583,48600.428936,790438,FINTRACE_SYNTHETIC,DEMO
2026-08-30,s12,NIFTYBANK,NIFTY BANK,Benchmark,INDEX,48603.023084,48721.23867,48475.524991,48584.903465,901304,FINTRACE_SYNTHETIC,DEMO
2026-08-31,s12,NIFTYBANK,NIFTY BANK,Benchmark,INDEX,48635.131528,48733.476933,48496.591398,48618.11291,1012170,FINTRACE_SYNTHETIC,DEMO
2026-09-01,s12,NIFTYBANK,NIFTY BANK,Benchmark,INDEX,48714.39964,48831.722426,48587.996334,48699.444466,1123036,FINTRACE_SYNTHETIC,DEMO
2026-09-02,s12,NIFTYBANK,NIFTY BANK,Benchmark,INDEX,48835.89396,48956.196476,48717.048664,48823.863989,1233902,FINTRACE_SYNTHETIC,DEMO
2026-09-03,s12,NIFTYBANK,NIFTY BANK,Benchmark,INDEX,48990.794726,49093.301892,48860.337405,48982.371722,1344768,FINTRACE_SYNTHETIC,DEMO
2026-09-04,s12,NIFTYBANK,NIFTY BANK,Benchmark,INDEX,49167.212277,49283.422995,49047.635414,49162.835359,505634,FINTRACE_SYNTHETIC,DEMO
2026-09-05,s12,NIFTYBANK,NIFTY BANK,Benchmark,INDEX,49351.295538,49473.946537,49246.472384,49351.121148,616500,FINTRACE_SYNTHETIC,DEMO
2026-09-06,s12,NIFTYBANK,NIFTY BANK,Benchmark,INDEX,49528.527037,49639.444835,49406.021254,49532.415344,727366,FINTRACE_SYNTHETIC,DEMO
